SiteCode,n_days,days_obs,days_missing,prop_missing,longest_na_gap,longest_na_gap_prop,missingness_score,met_mean,met_sd,met_var,met_range,q05,q25,q50,q75,q95,doy_max,doy_min,days_above,days_below,degree_days,cumulative_heat,days_in_range,exceed_1st,exceed_1st_week,max_consec_inrange,mean_consec_inrange,max_consec_above,mean_consec_above,max_consec_below,mean_consec_below,n_heat_events,max_daily_increase,below_1st_week,min_7d_min,mean_7d_mean,max_7d_max,mean_7d_min,mean_7d_max,min_7d_mean,max_7d_mean,median_weekly_range,max_7d_week,min_7d_week,Species,LHS_Code,Year
MAR,78,78,0,0,0,0,0,1.42960266122766,0.123812310991181,0.015329488352977,0.454166666666667,1.18739791666667,1.33252083333333,1.47466666666667,1.53332291666667,1.57145208333333,189,233,0,78,111.509007575758,0,0,,,0,0,0,0,78,78,0,0.274833333333333,172,1.14583333333333,1.43483616672679,1.6,1.33044502314815,1.5217101746633,1.25718452380952,1.56318560606061,0.183125,183,227,Chinook,AHT,1994
STH,78,78,0,0,0,0,0,1.84729604700855,0.481369798594742,0.231716882999142,1.46633333333333,1.234525,1.40595833333333,1.8615625,2.24028125,2.58333125,168,211,0,78,144.089091666667,0,0,,,0,0,0,0,78,78,0,0.287666666666667,172,1.17479166666667,1.83651202050265,2.641125,1.69260532407407,1.95720104166667,1.2431369047619,2.59583928571429,0.23725,166,205,Chinook,AHT,1994
VAL,78,78,0,0,0,0,0,2.14703415334665,0.263267309701878,0.0693096763576646,0.9705,1.83268125,1.964125,2.07445833333333,2.24015625,2.66260208333333,170,233,0,78,167.468663961039,0,0,,,0,0,0,0,78,78,0,0.337416666666667,172,1.72470833333333,2.13931386784512,2.69520833333333,2.03311047979798,2.24286400462963,1.84094642857143,2.65842261904762,0.212333333333333,166,227,Chinook,AHT,1994
MAR,78,78,0,0,0,0,0,2.64384433760684,0.529482314559481,0.280351521431265,1.688,1.98628125,2.15997916666667,2.54120833333333,3.16584375,3.44477291666667,179,228,0,78,206.219858333333,0,0,,,0,0,0,0,78,78,0,0.233291666666666,172,1.849,2.64102771164021,3.537,2.47355497685185,2.80140775462963,1.99748214285714,3.37330357142857,0.3325625,173,222,Chinook,AHT,1995
STH,78,78,0,0,0,0,0,4.17794167637918,0.531305850453422,0.282285906726034,1.74170833333333,3.45077291666667,3.61005208333333,4.2473125,4.59198958333333,4.93317916666667,180,228,0,30,325.879450757576,0,0,,,0,0,0,0,30,30,0,0.246458333333333,220,3.30775,4.19543053300866,5.04945833333333,4.02651446759259,4.35367997685185,3.46391666666667,4.89741558441559,0.3085,174,222,Chinook,AHT,1995
VAL,78,78,0,0,0,0,0,3.12727289377289,0.628233601164527,0.39467745763215,2.095875,2.33285,2.48116666666667,3.0681875,3.74023958333333,4.01761875,179,228,0,73,243.927285714286,0,0,,,0,0,0,0,53,18,0,0.270791666666667,177,2.141,3.13226942791005,4.236875,2.96203240740741,3.32016658399471,2.30739285714286,3.97624404761905,0.350270833333333,173,222,Chinook,AHT,1995
MAR,78,78,0,0,0,0,0,2.58884027777778,0.676283691491237,0.457359631377014,2.66591666666667,1.8188875,2.02971875,2.402875,3.15444791666667,3.89352916666666,167,240,0,74,201.929541666667,0,0,,,0,0,0,0,74,74,0,0.24975,177,1.72508333333333,2.55153546626984,4.391,2.37768634259259,2.71459837962963,1.84633928571429,3.96880357142857,0.295416666666667,167,234,Chinook,AHT,1996
STH,78,78,3,0.0384615384615385,3,0.0384615384615385,0.0769230769230769,2.44506222222222,0.296876210869455,0.0881354845802052,1.24179166666667,2.01715,2.2389375,2.383125,2.6684375,3.012725,167,240,0,75,183.379666666667,0,0,,,0,0,0,0,75,75,0,0.508458333333333,173,1.90754166666667,2.41864515680115,3.14933333333333,2.23181365740741,2.600515625,1.98590625,2.93226785714286,0.333083333333333,167,234,Chinook,AHT,1996
MAR,78,78,11,0.141025641025641,11,0.141025641025641,0.282051282051282,2.53610820895522,0.564772547687853,0.318968030621828,2.31829166666667,1.8470125,2.18364583333333,2.37570833333333,2.82177083333333,3.82645416666667,167,227,0,65,169.91925,0,0,,,0,0,0,0,65,65,0,0.29275,174,1.68516666666667,2.4428761356906,4.00345833333333,,,1.76466666666667,3.742,0.270125,166,221,Chinook,AHT,1997
STH,78,78,11,0.141025641025641,11,0.141025641025641,0.282051282051282,1.35354455662862,0.441279937523063,0.194727983260358,1.94595833333333,0.868525,1.08333333333333,1.2535,1.44945833333333,2.5155,170,227,0,67,90.6874852941177,0,0,,,0,0,0,0,67,67,0,0.255083333333333,172,0.732833333333333,1.27944253827153,2.67879166666667,,,0.852990604575163,2.44185714285714,0.1984375,166,221,Chinook,AHT,1997
MAR,78,78,0,0,0,0,0,1.15141335470085,0.334159461318449,0.111662545588636,1.40891666666667,0.590316666666667,0.886104166666667,1.2090625,1.40654166666667,1.59495208333333,197,194,0,78,89.8102416666667,0,0,,,0,0,0,0,78,78,0,0.864466666666667,172,0.341041666666667,1.15495929232804,1.74995833333333,0.976935069444444,1.32570590277778,0.545077380952381,1.59616071428571,0.273708333333333,191,188,Chinook,AHT,1998
SEC,78,78,0,0,0,0,0,1.76588087606838,0.667946438903377,0.446152445243703,2.11775,0.924295833333333,1.17702083333333,1.61054166666667,2.44051041666667,2.85281041666667,177,228,0,78,137.738708333333,0,0,,,0,0,0,0,78,78,0,0.373,172,0.870416666666667,1.75424173280423,2.98816666666667,1.5870306712963,1.93712152777778,0.938017857142857,2.79684523809524,0.307958333333333,171,222,Chinook,AHT,1998
STH,78,78,0,0,0,0,0,3.27326103988604,0.669899269215946,0.448765030896059,1.91641666666667,2.45502291666667,2.684,2.98270833333333,4.02861458333333,4.20934375,178,229,0,57,255.314361111111,0,0,,,0,0,0,0,50,14,0,0.285666666666667,200,2.374125,3.26877609678131,4.29054166666667,3.10861612654321,3.42324459876543,2.48614285714286,4.17064285714286,0.303291666666667,172,223,Chinook,AHT,1998
VAL,78,78,0,0,0,0,0,2.03006351214575,0.70251333402322,0.49352498448042,2.37395833333333,1.165175,1.42494791666667,1.76185416666667,2.76425,3.02928333333333,177,237,0,78,158.344953947368,0,0,,,0,0,0,0,78,78,0,0.496083333333333,172,1.128125,2.02893115601504,3.50208333333333,1.85473894371345,2.2196220455653,1.20740476190476,3.11982142857143,0.295125,171,231,Chinook,AHT,1998
MAR,78,78,0,0,0,0,0,2.07721542346542,0.793050936477595,0.62892978784799,2.76583333333333,1.27606041666667,1.399125,1.92697916666667,2.640625,3.63820833333333,170,242,0,78,162.022803030303,0,0,,,0,0,0,0,78,78,0,0.208833333333333,172,1.05145833333333,2.04496700637326,3.81729166666667,1.88112573653199,2.2085030513468,1.25682142857143,3.68555357142857,0.275291666666667,166,236,Chinook,AHT,1999
SEC,78,78,0,0,0,0,0,1.98490705128205,0.974102909898646,0.948876479073011,3.46295833333333,0.98518125,1.19603125,1.65141666666667,2.52682291666667,3.94527291666667,170,242,0,74,154.82275,0,0,,,0,0,0,0,73,37,0,0.224875,177,0.709666666666667,1.94388153108466,4.172625,1.7533275462963,2.12913020833333,0.930130952380952,4.02416666666667,0.295291666666667,166,236,Chinook,AHT,1999
SFS,78,78,0,0,0,0,0,1.30528925120773,0.575261090775367,0.330925322560065,2.24679166666667,0.8103875,0.914927083333333,1.06052083333333,1.51140625,2.62833333333333,167,242,0,78,101.812561594203,0,0,,,0,0,0,0,78,78,0,0.306646739130435,172,0.5755,1.26877243285599,2.82229166666667,1.10462527677134,1.43231828703704,0.783011904761905,2.69568452380952,0.25025,166,236,Chinook,AHT,1999
STH,78,78,0,0,0,0,0,2.29619070512821,0.453110200635031,0.205308853919518,1.77341666666667,1.87225833333333,1.97171875,2.11875,2.56103125,3.23988125,168,242,0,78,179.102875,0,0,,,0,0,0,0,78,78,0,0.283833333333333,172,1.7075,2.27502199074074,3.48091666666667,2.11803761574074,2.41874710648148,1.90459523809524,3.32951785714286,0.290166666666667,166,236,Chinook,AHT,1999
VAL,78,78,0,0,0,0,0,2.11327510683761,0.684995702065299,0.469219111847932,2.375125,1.34771458333333,1.48659375,2.01433333333333,2.64803125,3.35512083333333,170,242,0,78,164.835458333333,0,0,,,0,0,0,0,78,78,0,0.219625,172,1.163125,2.09521544312169,3.53825,1.94610648148148,2.2421255787037,1.34588095238095,3.41725595238095,0.267895833333333,166,236,Chinook,AHT,1999
MAR,78,78,0,0,0,0,0,1.22894070512821,0.353066303210102,0.124655814462447,1.47591666666667,0.84999375,0.98671875,1.10975,1.28951041666667,1.91116666666667,168,244,0,78,95.857375,0,0,,,0,0,0,0,78,78,0,0.172583333333334,173,0.713125,1.21270362103175,2.18904166666667,1.10602083333333,1.3176880787037,0.828440476190476,2.00075,0.203895833333333,167,238,Chinook,AHT,2000
SEC,78,78,0,0,0,0,0,1.24431356837607,0.443077286604672,0.196317481904958,1.35608333333333,0.601466666666667,0.835114583333333,1.32439583333333,1.71221875,1.8048,218,208,0,78,97.0564583333334,0,0,,,0,0,0,0,78,78,0,1.02283333333333,173,0.50825,1.21655861441799,1.86433333333333,1.066484375,1.37784085648148,0.601077380952381,1.76890476190476,0.233416666666667,212,202,Chinook,AHT,2000
SFS,78,78,0,0,0,0,0,0.928898875882572,0.406878810257038,0.165550366236182,1.72866666666667,0.340491666666667,0.585625,0.9375,1.11514583333333,1.60966875,167,244,0,78,72.4541123188406,0,0,,,0,0,0,0,78,78,0,0.13625,173,0.190166666666667,0.92040342837014,1.91883333333333,0.818509083132045,1.02753819444444,0.326910714285714,1.71157738095238,0.210166666666667,167,238,Chinook,AHT,2000
STH,78,78,0,0,0,0,0,1.55825,0.296662271205096,0.0880085031565657,1.37979166666667,1.09990833333333,1.38679166666667,1.5286875,1.71572916666667,2.03592291666667,168,244,0,78,121.5435,0,0,,,0,0,0,0,78,78,0,0.256916666666667,173,0.952708333333333,1.55421312830688,2.3325,1.43821469907407,1.67319270833333,1.07403571428571,2.13042857142857,0.184020833333333,167,238,Chinook,AHT,2000
VAL,78,78,0,0,0,0,0,1.28425096153846,0.277555815223785,0.0770372305645396,1.23979166666667,0.975564583333333,1.12170833333333,1.20639583333333,1.30638541666667,1.8085875,168,244,0,78,100.171575,0,0,,,0,0,0,0,78,78,0,0.198466666666667,173,0.924541666666667,1.26640034722222,2.16433333333333,1.15783912037037,1.3806306712963,1.03300595238095,1.92815476190476,0.20025,167,238,Chinook,AHT,2000
MAR,78,78,0,0,0,0,0,1.22957131410256,0.187851922246087,0.0352883446915498,0.734541666666667,0.901064583333333,1.11641666666667,1.2140625,1.37846875,1.5446375,171,241,0,78,95.9065625,0,0,,,0,0,0,0,78,78,0,0.174625,172,0.862666666666667,1.23060908564815,1.59720833333333,1.12546643518519,1.3385384837963,0.95339880952381,1.5437380952381,0.1946875,166,235,Chinook,AHT,2001
STH,78,78,0,0,0,0,0,1.8736047008547,0.267597534320555,0.0716084403744404,0.91875,1.42506458333333,1.65854166666667,1.9045,2.120375,2.21714166666667,172,241,0,78,146.141166666667,0,0,,,0,0,0,0,78,78,0,0.185208333333333,172,1.38570833333333,1.87822685185185,2.30445833333333,1.76727141203704,1.98311111111111,1.47620833333333,2.22264285714286,0.188270833333333,166,235,Chinook,AHT,2001
VAL,78,78,0,0,0,0,0,1.25819925213675,0.218594726756231,0.0477836545656311,0.819125,0.9007625,1.12820833333333,1.213875,1.43701041666667,1.63975833333333,171,241,0,78,98.1395416666667,0,0,,,0,0,0,0,78,78,0,0.191541666666667,172,0.866333333333333,1.25759738756614,1.68545833333333,1.15455497685185,1.35594965277778,0.948404761904762,1.63932738095238,0.171270833333333,166,235,Chinook,AHT,2001
MAR,78,78,0,0,0,0,0,1.27728005388331,0.257406346741358,0.0662580273427323,0.97075,0.9728,1.10023958333333,1.214875,1.38153125,1.85273958333333,170,232,0,78,99.6278442028986,0,0,,,0,0,0,0,78,78,0,0.153125,172,0.944958333333333,1.2556862455429,1.91570833333333,1.13629818337359,1.37159895833333,1.00242857142857,1.83592857142857,0.249041666666667,166,226,Chinook,AHT,2002
SEC,78,78,0,0,0,0,0,2.18052724358974,0.648968224592542,0.421159756530796,2.20745833333333,1.50428333333333,1.72320833333333,1.90947916666667,2.43627083333333,3.57661458333333,167,232,0,78,170.081125,0,0,,,0,0,0,0,78,78,0,0.155125,172,1.420125,2.14183837632275,3.62758333333333,1.99888194444444,2.29479571759259,1.4881130952381,3.53175,0.263541666666667,166,226,Chinook,AHT,2002
SFS,78,78,0,0,0,0,0,1.31037072649573,0.412831713644947,0.170430023791024,1.75570833333333,0.53991875,1.14928125,1.254875,1.49372916666667,2.11558541666667,170,241,0,78,102.208916666667,0,0,,,0,0,0,0,78,78,0,0.277708333333333,172,0.431666666666667,1.30995304232804,2.187375,1.16838888888889,1.46310416666667,0.585190476190476,2.09816071428571,0.265041666666667,166,235,Chinook,AHT,2002
STH,78,78,0,0,0,0,0,2.29334508547009,0.266070248458529,0.0707933771147834,0.969791666666667,1.88386041666667,2.09329166666667,2.27208333333333,2.53279166666667,2.69475625,170,217,0,78,178.880916666667,0,0,,,0,0,0,0,78,78,0,0.403333333333333,172,1.84770833333333,2.26851736111111,2.8175,2.14849652777778,2.38601736111111,1.9041369047619,2.70919642857143,0.236,166,211,Chinook,AHT,2002
VAL,78,78,0,0,0,0,0,1.20027831196581,0.377694182500659,0.142652895494841,1.37466666666667,0.734933333333333,0.90703125,1.10822916666667,1.5150625,1.87752291666667,170,226,0,78,93.6217083333333,0,0,,,0,0,0,0,78,78,0,0.156708333333333,172,0.645916666666667,1.17766600529101,2.02058333333333,1.05336863425926,1.30136689814815,0.756666666666667,1.88860119047619,0.271791666666667,166,220,Chinook,AHT,2002
SEC,78,78,0,0,0,0,0,2.06801014957265,0.582740017691475,0.339585928219061,2.35604166666667,1.45629791666667,1.61190625,1.95364583333333,2.34010416666667,3.18032708333333,166,234,0,78,161.304791666667,0,0,,,0,0,0,0,78,78,0,0.363625,172,1.41270833333333,2.02767137896825,3.76875,1.88490798611111,2.19283333333333,1.47301785714286,3.3777619047619,0.285333333333333,166,228,Chinook,AHT,2003
SFS,78,78,0,0,0,0,0,1.20404594017094,0.390791243129383,0.152717795706608,1.63595833333333,0.845191666666667,0.908604166666667,1.07820833333333,1.38229166666667,1.90991041666666,166,218,0,78,93.9155833333333,0,0,,,0,0,0,0,78,78,0,0.203458333333333,172,0.77475,1.16950934193122,2.41070833333333,1.04769212962963,1.30612326388889,0.845690476190476,2.10226785714286,0.251208333333333,166,212,Chinook,AHT,2003
STH,78,78,0,0,0,0,0,2.17429156954157,0.363090511929855,0.131834719853484,1.40508333333333,1.69646875,1.82357291666667,2.20858333333333,2.3845,2.78479166666667,167,234,0,78,169.594742424242,0,0,,,0,0,0,0,78,78,0,0.191375,172,1.66125,2.15794433922559,3.06633333333333,2.04558438552189,2.27463888888889,1.70975595238095,2.895,0.230083333333333,166,228,Chinook,AHT,2003
VAL,78,78,0,0,0,0,0,1.71241826923077,0.445911995651906,0.198837507866266,1.624625,1.19661041666667,1.34746875,1.65533333333333,2.06897916666667,2.55477708333333,166,231,0,78,133.568625,0,0,,,0,0,0,0,78,78,0,0.203125,172,1.16741666666667,1.68991344246032,2.79204166666667,1.5770005787037,1.81072627314815,1.21513095238095,2.6376369047619,0.222916666666667,166,225,Chinook,AHT,2003
MAR,78,78,4,0.0512820512820513,4,0.0512820512820513,0.102564102564103,1.58602815315315,0.456171631741803,0.208092557605979,1.518125,1.01881875,1.17328125,1.6535625,1.977375,2.2803375,171,235,0,74,117.366083333333,0,0,,,0,0,0,0,52,37,0,0.171958333333333,173,0.834083333333333,1.58765428791887,2.35220833333333,1.47677256944444,1.69930497685185,1.0201130952381,2.29580952380952,0.176645833333333,167,229,Chinook,AHT,2004
SFS,78,78,2,0.0256410256410256,2,0.0256410256410256,0.0512820512820513,1.27491557017544,0.340471912080054,0.115921122915448,1.365,0.83025,0.989604166666667,1.2994375,1.54525,1.82670833333333,167,235,0,76,96.8935833333333,0,0,,,0,0,0,0,64,38,0,0.352541666666667,173,0.612666666666667,1.27141922949735,1.97766666666667,1.14588773148148,1.40067303240741,0.82764880952381,1.86179761904762,0.259854166666667,167,229,Chinook,AHT,2004
STH,78,78,0,0,0,0,0,1.95730021367521,0.343454228806849,0.117960807285307,1.11416666666667,1.44659166666667,1.6788125,1.9829375,2.24284375,2.44665625,180,235,0,78,152.669416666667,0,0,,,0,0,0,0,78,78,0,0.180375,173,1.338625,1.94708465608466,2.45279166666667,1.83289525462963,2.05037384259259,1.49085714285714,2.4447380952381,0.147104166666667,174,229,Chinook,AHT,2004
VAL,78,78,0,0,0,0,0,1.57173076923077,0.346776504690125,0.1202539442051,1.24954166666667,1.1341375,1.27663541666667,1.55741666666667,1.84078125,2.11022708333333,171,235,0,78,122.595,0,0,,,0,0,0,0,78,78,0,0.211958333333333,173,0.912541666666667,1.55750851521164,2.16208333333333,1.44070891203704,1.67465509259259,1.12434523809524,2.11386904761905,0.1916875,167,229,Chinook,AHT,2004
MAR,78,78,0,0,0,0,0,1.2341858974359,0.302069919592642,0.0912462363227051,1.12325,0.79505,0.97703125,1.20410416666667,1.49344791666667,1.70896041666667,171,241,0,78,96.2665,0,0,,,0,0,0,0,78,78,0,0.18375,172,0.671833333333333,1.23294460978836,1.79508333333333,1.12120659722222,1.33605902777778,0.828791666666667,1.72104166666667,0.211666666666667,166,235,Chinook,AHT,2005
SEC,78,78,11,0.141025641025641,11,0.141025641025641,0.282051282051282,1.79395012437811,0.413866595805353,0.171285559123511,1.46208333333333,1.27682083333333,1.50452083333333,1.649,2.11183333333333,2.56105833333333,179,229,0,67,120.194658333333,0,0,,,0,0,0,0,67,67,0,0.318333333333333,172,1.16779166666667,1.74371190357735,2.629875,,,1.25190416666667,2.48536904761905,0.218741666666667,173,223,Chinook,AHT,2005
SFS,78,78,0,0,0,0,0,0.932007478632479,0.331914635622127,0.110167325340169,1.1915,0.468060416666667,0.65959375,0.892041666666667,1.1938125,1.48897916666667,170,241,0,78,72.6965833333333,0,0,,,0,0,0,0,78,78,0,0.245916666666667,172,0.389375,0.924484044312169,1.580875,0.778115740740741,1.05734259259259,0.557535714285714,1.51295833333333,0.267083333333333,166,235,Chinook,AHT,2005
STH,78,78,0,0,0,0,0,1.67893963675214,0.196462696506643,0.0385975911186614,0.85125,1.38643125,1.53769791666667,1.6694375,1.78225,2.044975,174,241,0,78,130.957291666667,0,0,,,0,0,0,0,78,78,0,0.169625,172,1.24729166666667,1.6835953207672,2.09854166666667,1.56632118055556,1.78186226851852,1.43109523809524,2.03094642857143,0.202708333333333,168,235,Chinook,AHT,2005
VAL,78,78,13,0.166666666666667,13,0.166666666666667,0.333333333333333,1.13228122960373,0.382112393479999,0.146009881251013,1.25020833333333,0.604525,0.783,1.01129166666667,1.47108333333333,1.70681666666667,180,241,0,65,73.5982799242424,0,0,,,0,0,0,0,33,32,0,0.190458333333333,172,0.513375,1.1280404259768,1.76358333333333,,,0.67389880952381,1.67002380952381,0.2245625,174,235,Chinook,AHT,2005
SFS,78,78,0,0,0,0,0,1.37244123931624,0.386907109758538,0.149697111581705,1.53191666666667,0.978766666666667,1.08209375,1.22641666666667,1.52448958333333,2.1062625,166,241,0,78,107.050416666667,0,0,,,0,0,0,0,78,78,0,0.208166666666667,172,0.821375,1.35121023478836,2.35329166666667,1.23582407407407,1.46966608796296,0.984541666666667,2.1855,0.226104166666667,166,235,Chinook,AHT,2006
STH,78,78,15,0.192307692307692,15,0.192307692307692,0.384615384615385,1.77199435286935,0.332588003893654,0.110614780333965,1.37770833333333,1.33371666666667,1.58060416666667,1.689875,2.01558333333333,2.31328333333333,166,199,0,63,111.635644230769,0,0,,,0,0,0,0,35,31,0,0.207833333333333,172,1.247375,1.72273781590984,2.62508333333333,,,1.25210416666667,2.37177380952381,0.173854166666667,166,193,Chinook,AHT,2006
VAL,78,78,0,0,0,0,0,1.98569818376068,0.540900353798427,0.292573192739263,1.7765,1.37532708333333,1.5196875,1.80633333333333,2.52617708333333,2.8387625,166,241,0,78,154.884458333333,0,0,,,0,0,0,0,78,78,0,0.210791666666667,172,1.26675,1.97143129960317,3.04325,1.85783275462963,2.08233796296296,1.38701785714286,2.86420238095238,0.206458333333333,166,235,Chinook,AHT,2006
BIL,78,78,0,0,0,0,0,1.10080288461538,0.355425511052055,0.126327293906614,1.36191666666667,0.603177083333333,0.8489375,1.043375,1.35227083333333,1.763925,166,230,0,78,85.862625,0,0,,,0,0,0,0,78,78,0,0.239375,172,0.523166666666667,1.08479943783069,1.88508333333333,0.971501157407407,1.21147222222222,0.641345238095238,1.79608928571429,0.242166666666667,166,224,Chinook,AHT,2007
MAR,78,78,0,0,0,0,0,1.08637606837607,0.251319202757229,0.0631613416745292,0.911666666666667,0.725541666666667,0.864041666666667,1.089,1.26498958333333,1.51279375,166,231,0,78,84.7373333333333,0,0,,,0,0,0,0,78,78,0,0.174,172,0.658083333333333,1.07724057539683,1.56975,0.981864583333333,1.18194155092593,0.743476190476191,1.5196130952381,0.209,166,225,Chinook,AHT,2007
SFS,78,78,0,0,0,0,0,1.54837767094017,0.170134423095051,0.028945721921886,0.6205,1.33975833333333,1.39942708333333,1.5128125,1.63258333333333,1.88811458333333,166,230,0,78,120.773458333333,0,0,,,0,0,0,0,78,78,0,0.214125,172,1.30475,1.53507465277778,1.92525,1.44270081018519,1.64203819444444,1.35025595238095,1.88805952380952,0.203458333333333,166,224,Chinook,AHT,2007
BIL,78,78,0,0,0,0,0,2.61265117521368,0.797649663913609,0.636244986341494,2.591875,1.69037708333333,1.80329166666667,2.58766666666667,3.118,4.07707083333333,170,229,0,72,203.786791666667,0,0,,,0,0,0,0,69,36,0,0.498,182,1.63025,2.55193758267196,4.222125,2.33531770833333,2.75825462962963,1.70705357142857,4.11315476190476,0.367083333333333,167,223,Chinook,AHT,2008
MAR,78,78,0,0,0,0,0,1.79384294871795,0.645469756476717,0.416631206526113,2.36670833333333,0.933435416666667,1.18352083333333,1.7244375,2.09846875,2.96576875,171,244,0,78,139.91975,0,0,,,0,0,0,0,78,78,0,0.209708333333333,173,0.699,1.78586830357143,3.06570833333333,1.65334201388889,1.90970717592593,0.933386904761905,2.99154166666667,0.229354166666667,167,238,Chinook,AHT,2008
SFS,78,78,0,0,0,0,0,1.85130074786325,0.659333720494026,0.434720954980494,2.011625,1.15773333333333,1.25632291666667,1.60802083333333,2.57246875,2.98409791666667,241,230,0,78,144.401458333333,0,0,,,0,0,0,0,78,78,0,0.982416666666667,173,1.08158333333333,1.77706109457672,3.09320833333333,1.58542071759259,1.9632505787037,1.18181547619048,2.9969880952381,0.236,235,224,Chinook,AHT,2008
STH,78,78,0,0,0,0,0,2.23848824786325,0.630925573693783,0.39806707954083,2.21879166666667,1.35381458333333,1.6561875,2.135875,2.73279166666667,3.24060625,172,244,0,78,174.602083333333,0,0,,,0,0,0,0,78,78,0,0.211458333333333,173,1.0785,2.24559912367725,3.29729166666667,2.10417534722222,2.37716956018519,1.33369047619048,3.25302380952381,0.263291666666667,167,238,Chinook,AHT,2008
VAL,78,78,0,0,0,0,0,2.18207478632479,0.700167583634885,0.490234645173114,2.38341666666667,1.19349166666667,1.5018125,2.1464375,2.78128125,3.2586375,171,244,0,78,170.201833333333,0,0,,,0,0,0,0,78,78,0,0.207458333333333,173,0.92625,2.18916211970899,3.30966666666667,2.04811689814815,2.31923900462963,1.19180952380952,3.26576785714286,0.266916666666667,167,238,Chinook,AHT,2008
,78,78,0,0,0,0,0,1.98720459401709,0.431386769577947,0.186094544966897,1.74666666666667,1.34489375,1.73214583333333,1.91791666666667,2.2105625,2.82919166666667,169,235,0,78,155.001958333333,0,0,,,0,0,0,0,78,78,0,0.29275,172,1.29266666666667,1.97562805886243,3.03933333333333,1.84862152777778,2.11763425925926,1.36325,2.81031547619048,0.228729166666667,166,229,Chinook,AHT,2009
BIL,78,78,0,0,0,0,0,3.33504772853958,0.479138630140148,0.229573826892578,1.852125,2.78877708333333,3.00029166666667,3.1725,3.63744791666667,4.26857708333333,168,218,0,67,260.133722826087,0,0,,,0,0,0,0,65,33,0,0.214333333333333,185,2.65729166666667,3.29798242681735,4.50941666666667,3.16078240740741,3.43826640499195,2.77878571428571,4.33460714285714,0.255395833333333,166,212,Chinook,AHT,2009
BIU,78,78,0,0,0,0,0,2.33628044871795,0.408457574894266,0.166837590488505,1.52933333333333,1.8936,2.02080208333333,2.16877083333333,2.67872916666667,3.08668958333333,166,235,0,78,182.229875,0,0,,,0,0,0,0,78,78,0,0.21925,172,1.80854166666667,2.31466211970899,3.337875,2.19653356481481,2.43353993055556,1.92861904761905,3.1020119047619,0.229041666666667,166,229,Chinook,AHT,2009
BVC,78,78,0,0,0,0,0,3.58442662198912,0.339132254121247,0.115010685785358,1.440125,3.25064583333333,3.33514583333333,3.47785416666667,3.71286458333333,4.30351041666667,166,235,0,67,279.585276515152,0,0,,,0,0,0,0,65,33,0,0.159,185,3.13970833333333,3.55931956469457,4.57983333333333,3.44104398148148,3.67374768518519,3.25852976190476,4.343625,0.223520833333333,166,229,Chinook,AHT,2009
CAM,78,78,0,0,0,0,0,1.70213913170163,0.600049876374542,0.360059854137103,2.13883333333333,0.949310416666667,1.16360416666667,1.56920833333333,2.14651041666667,2.77853541666667,169,235,0,78,132.766852272727,0,0,,,0,0,0,0,78,78,0,0.253583333333333,172,0.792708333333333,1.6846776770683,2.93154166666667,1.55186516203704,1.82092503156566,0.932577380952381,2.80113690476191,0.249875,166,229,Chinook,AHT,2009
CHA,78,78,0,0,0,0,0,1.36071859903382,0.351755082438773,0.123731638021508,1.42570833333333,0.967702083333333,1.09635416666667,1.26295833333333,1.55458333333333,2.06081458333333,167,235,0,78,106.136050724638,0,0,,,0,0,0,0,78,78,0,0.249291666666667,172,0.849833333333333,1.33943357487923,2.27554166666667,1.2297181712963,1.45523686594203,0.962863095238095,2.08229761904762,0.218708333333333,166,229,Chinook,AHT,2009
CHC,78,78,0,0,0,0,0,1.02273411493477,0.49568637873752,0.245704986065916,1.48429166666667,0.324877083333333,0.45028125,1.21147916666667,1.420375,1.6621375,167,235,0,78,79.7732609649123,0,0,,,0,0,0,0,78,78,0,0.14375,172,0.237,1.02197998033278,1.72129166666667,0.887066703216374,1.14375015229045,0.356005952380952,1.6075,0.222395833333333,166,229,Chinook,AHT,2009
HER,78,78,0,0,0,0,0,2.07457823426573,0.37588987862229,0.14129320085068,1.56016666666667,1.60768125,1.74885416666667,2.029375,2.329375,2.82870416666667,174,170,0,78,161.817102272727,0,0,,,0,0,0,0,78,78,0,0.705833333333334,172,1.44941666666667,2.10839436026936,3.00958333333333,1.92882465277778,2.27385474537037,1.62438095238095,2.84420238095238,0.243625,168,166,Chinook,AHT,2009
LAK,78,78,0,0,0,0,0,1.7474156679673,0.511335322224414,0.261463811754345,2.02854166666667,1.1649375,1.3540625,1.60566666666667,2.03132291666667,2.74525208333333,166,242,0,78,136.298422101449,0,0,,,0,0,0,0,78,78,0,0.404958333333334,172,1.047125,1.72361457614447,3.07566666666667,1.58896354166667,1.86809085648148,1.18681547619048,2.79420238095238,0.27825,166,236,Chinook,AHT,2009
LOO,78,78,0,0,0,0,0,2.08646488927739,0.289524562132256,0.0838244720778748,1.08625,1.61391875,1.92245833333333,2.05691666666667,2.28791666666667,2.59183125,167,215,0,78,162.744261363636,0,0,,,0,0,0,0,78,78,0,0.234738636363636,172,1.57591666666667,2.06660473785474,2.66216666666667,1.94013094486532,2.1944868476431,1.61664880952381,2.54683928571429,0.228666666666667,166,209,Chinook,AHT,2009
MAR,78,78,0,0,0,0,0,1.54338514957265,0.382993352268364,0.146683907881759,1.42175,1.11623125,1.24063541666667,1.39625,1.8239375,2.31660625,167,235,0,78,120.384041666667,0,0,,,0,0,0,0,78,78,0,0.170083333333333,172,1.01791666666667,1.52380687830688,2.43966666666667,1.40787152777778,1.63611863425926,1.13406547619048,2.27868452380952,0.243375,166,229,Chinook,AHT,2009
SEC,78,78,0,0,0,0,0,1.54179522017837,0.670078001676959,0.449004528331387,2.3975,0.870970833333334,0.98803125,1.27477083333333,1.9509375,2.85974583333333,166,242,0,78,120.260027173913,0,0,,,0,0,0,0,78,78,0,0.57225,172,0.831625,1.50406023191281,3.229125,1.35377025462963,1.67075462962963,0.922497929606625,2.93151190476191,0.281791666666667,166,236,Chinook,AHT,2009
STH,78,78,0,0,0,0,0,1.95469818376068,0.488200188011435,0.2383394235744,1.54454166666667,1.32822916666667,1.46552083333333,1.95208333333333,2.46282291666667,2.73836041666667,167,235,0,78,152.466458333333,0,0,,,0,0,0,0,78,78,0,0.179291666666667,172,1.21958333333333,1.94559565145503,2.764125,1.82525289351852,2.06136284722222,1.33884523809524,2.66973214285714,0.231666666666667,166,229,Chinook,AHT,2009
SUL,78,78,0,0,0,0,0,1.69176335470085,0.467493067102832,0.218549767789213,1.66245833333333,1.13239583333333,1.24025,1.70579166666667,1.9996875,2.44389166666667,166,235,0,78,131.957541666667,0,0,,,0,0,0,0,78,78,0,0.187166666666666,172,1.03616666666667,1.67498239087302,2.698625,1.54898958333333,1.81001446759259,1.1372619047619,2.49027380952381,0.2508125,166,229,Chinook,AHT,2009
VAL,78,78,0,0,0,0,0,1.82261575622445,0.463323956371118,0.214669088547386,1.58966666666667,1.2631125,1.4023125,1.70022916666667,2.28408333333333,2.63958333333333,173,235,0,78,142.164028985507,0,0,,,0,0,0,0,78,78,0,0.255916666666667,172,1.12341666666667,1.80827247598919,2.71308333333333,1.68558952294686,1.93386400462963,1.26039285714286,2.58992857142857,0.273104166666667,167,229,Chinook,AHT,2009
,78,78,0,0,0,0,0,1.54247008547009,0.496723542690842,0.24673427786334,2.36620833333333,0.65840625,1.312,1.44633333333333,1.79427083333333,2.46339375,168,240,0,78,120.312666666667,0,0,,,0,0,0,0,78,78,0,0.335375,172,0.299916666666667,1.54235119047619,2.666125,1.36740162037037,1.72141724537037,0.623107142857143,2.52536904761905,0.301083333333333,166,234,Chinook,AHT,2010
BIU,78,78,0,0,0,0,0,2.35831623931624,0.487143792534395,0.237309074604793,2.13154166666667,1.72514375,1.99448958333333,2.1956875,2.69630208333333,3.16899791666667,166,240,0,78,183.948666666667,0,0,,,0,0,0,0,78,78,0,0.315041666666666,172,1.50504166666667,2.34771635251323,3.63658333333333,2.20499594907407,2.49213541666667,1.74722023809524,3.15441071428571,0.237958333333333,166,234,Chinook,AHT,2010
BVC,78,78,0,0,0,0,0,3.49527617521368,0.473036386914857,0.223763423345462,1.96545833333333,2.97973541666667,3.17161458333333,3.32945833333333,3.73495833333333,4.41341875,166,240,0,64,272.631541666667,0,0,,,0,0,0,0,64,64,0,0.283666666666667,186,2.7005,3.47323528439153,4.66595833333333,3.32994965277778,3.60951851851852,2.98207142857143,4.48026785714286,0.2613125,166,234,Chinook,AHT,2010
CAM,78,78,0,0,0,0,0,1.84678248834499,0.622698839965947,0.387753845294936,2.20129166666667,1.26280208333333,1.40520833333333,1.55202083333333,2.12371875,3.0558,168,240,0,78,144.049034090909,0,0,,,0,0,0,0,78,78,0,0.343,172,0.992541666666667,1.82305536766474,3.19383333333333,1.65225173611111,1.99394433922559,1.2656130952381,3.0474880952381,0.287,166,234,Chinook,AHT,2010
CHA,78,78,0,0,0,0,0,1.33005734392419,0.455117643351004,0.207132069289372,2.01475,0.625960416666667,1.03551041666667,1.19960416666667,1.62969791666667,2.11023125,166,240,0,78,103.744472826087,0,0,,,0,0,0,0,78,78,0,0.199472826086956,172,0.360083333333333,1.32307419269036,2.37483333333333,1.17913194444444,1.46511194142512,0.597363095238095,2.18074404761905,0.257666666666667,166,234,Chinook,AHT,2010
CHC,78,78,4,0.0512820512820513,4,0.0512820512820513,0.102564102564103,0.809393115942029,0.280529310475686,0.0786966940359636,1.01804166666667,0.356989583333333,0.572104166666667,0.8655,1.03908333333333,1.19471041666667,235,202,0,74,59.8950905797102,0,0,,,0,0,0,0,74,74,0,0.351465579710145,172,0.294833333333333,0.810442022215992,1.312875,0.670305077495974,0.938872207125604,0.366630952380952,1.13675595238095,0.210166666666667,229,196,Chinook,AHT,2010
HER,78,78,0,0,0,0,0,1.83306421869194,0.341021443672737,0.116295625044638,1.48608333333333,1.29332083333333,1.64694791666667,1.76485416666667,2.13286458333333,2.33889583333333,174,240,0,78,142.979009057971,0,0,,,0,0,0,0,78,78,0,0.30375,172,0.979583333333333,1.84462066151944,2.46566666666667,1.7004849537037,1.97968646839775,1.25027976190476,2.34901785714286,0.228895833333333,168,234,Chinook,AHT,2010
LAK,78,78,0,0,0,0,0,1.66492788461538,0.56487448678161,0.319083185816787,2.048375,1.01234791666667,1.23766666666667,1.474625,2.05409375,2.6480875,166,240,0,78,129.864375,0,0,,,0,0,0,0,78,78,0,0.318,172,0.77475,1.65084995039683,2.823125,1.50139756944444,1.79897569444444,1.01997619047619,2.64720833333333,0.239166666666667,166,234,Chinook,AHT,2010
LOO,78,78,0,0,0,0,0,2.78909715254552,0.476330714331542,0.226890949415597,1.772,2.12258541666667,2.42610416666667,2.69554166666667,3.19027083333333,3.55570208333333,177,240,0,78,217.549577898551,0,0,,,0,0,0,0,78,78,0,0.308041666666667,172,1.84058333333333,2.78711020890844,3.61258333333333,2.65389409722222,2.91571990740741,2.11907142857143,3.53958333333333,0.226604166666667,171,234,Chinook,AHT,2010
MAR,78,78,0,0,0,0,0,1.57629967948718,0.621871574695175,0.386724255413857,2.2455,0.787922916666667,1.01659375,1.606375,2.00635416666667,2.54927291666667,168,240,0,78,122.951375,0,0,,,0,0,0,0,78,78,0,0.270041666666667,172,0.510125,1.56377504960317,2.755625,1.41784780092593,1.704078125,0.791690476190476,2.61960119047619,0.246,166,234,Chinook,AHT,2010
SFS,78,78,0,0,0,0,0,0.979234508547009,0.454401337169428,0.206480575221364,1.82708333333333,0.454172916666667,0.634010416666667,0.855020833333333,1.20847916666667,1.85872916666667,166,222,0,78,76.3802916666667,0,0,,,0,0,0,0,78,78,0,0.375958333333333,172,0.42925,0.932277860449735,2.25633333333333,0.766132523148148,1.09560821759259,0.463166666666667,1.95681547619048,0.271125,166,216,Chinook,AHT,2010
STH,78,78,0,0,0,0,0,1.91018039297659,0.575889461124523,0.331648671434293,1.99183333333333,1.18472291666667,1.38248958333333,1.90414583333333,2.41877083333333,2.77340625,168,240,0,78,148.994070652174,0,0,,,0,0,0,0,78,78,0,0.270708333333333,172,0.885541666666667,1.9090533126294,2.877375,1.77197841183575,2.04714449979871,1.15343452380952,2.76764285714286,0.243270833333333,166,234,Chinook,AHT,2010
SUL,78,78,0,0,0,0,0,1.48410950854701,0.478236968545844,0.228710598083918,1.94529166666667,0.962575,1.16978125,1.28714583333333,1.7123125,2.41694166666667,166,240,0,78,115.760541666667,0,0,,,0,0,0,0,78,78,0,0.298958333333333,172,0.733583333333333,1.46137863756614,2.678875,1.32345428240741,1.59814641203704,0.990035714285714,2.49905952380952,0.238270833333333,166,234,Chinook,AHT,2010
VAL,78,78,0,0,0,0,0,1.73301117149758,0.599487793852068,0.35938561497762,2.13366666666667,0.956266666666667,1.21961458333333,1.6863125,2.22317708333333,2.66588333333333,168,240,0,78,135.174871376812,0,0,,,0,0,0,0,78,78,0,0.284208333333333,172,0.646958333333333,1.72762602441339,2.780625,1.58155324074074,1.87515677838164,0.953416666666667,2.63214880952381,0.251583333333333,166,234,Chinook,AHT,2010
,78,78,0,0,0,0,0,1.43235416666667,0.741199028959059,0.549376000529852,2.26916666666667,0.7476125,0.889072916666667,1.06389583333333,1.98723958333333,2.89429583333333,166,243,0,78,111.723625,0,0,,,0,0,0,0,78,78,0,0.302125,172,0.712833333333333,1.39897428902116,2.982,1.24786342592593,1.54458275462963,0.782416666666667,2.87077976190476,0.240958333333333,166,237,Chinook,AHT,2011
BIL,78,78,0,0,0,0,0,4.39417574786325,1.10034069517431,1.21074964545668,3.782875,3.24857708333333,3.4445,3.9713125,5.5386875,6.33320625,175,242,0,39,342.745708333333,0,9,,,5,3,0,0,38,19,0,0.399833333333334,212,3.09883333333333,4.38018634259259,6.88170833333333,4.15899652777778,4.62619039351852,3.21807738095238,6.28327380952381,0.292,169,236,Chinook,AHT,2011
BIU,78,78,0,0,0,0,0,2.69123717948718,0.716732776332294,0.513705872668998,2.497875,1.83709583333333,2.09575,2.4903125,3.32788541666667,3.9055125,174,243,0,77,209.9165,0,0,,,0,0,0,0,69,38,0,0.347625,172,1.54270833333333,2.71252645502646,4.04058333333333,2.529265625,2.89185416666667,1.75818452380952,3.81188095238095,0.260270833333333,168,237,Chinook,AHT,2011
CAM,78,78,0,0,0,0,0,3.1904594017094,1.15782802116513,1.34056572659516,3.867,2.1535125,2.3250625,2.66820833333333,4.0485625,5.60722291666667,166,243,0,57,248.855833333333,0,0,,,0,0,0,0,57,57,0,0.507958333333334,193,1.84041666666667,3.14992666997355,5.70741666666667,2.92444328703704,3.36575810185185,2.06969047619048,5.39888095238095,0.2624375,166,237,Chinook,AHT,2011
CHA,78,78,0,0,0,0,0,0.995842437755481,0.740536292463928,0.548394000456221,2.67854166666667,0.284552083333333,0.384541666666667,0.6805,1.76704166666667,2.24132291666667,174,243,0,78,77.6757101449275,0,0,,,0,0,0,0,78,78,0,0.256916666666667,172,0.0685,0.984233904129285,2.74704166666667,0.834881365740741,1.15015162037037,0.246636904761905,2.39285119047619,0.241541666666667,168,237,Chinook,AHT,2011
HER,78,78,0,0,0,0,0,2.01515282422891,0.438672564036139,0.192433618438041,1.70625,1.3911375,1.62254166666667,1.992,2.4235625,2.67615833333333,177,243,0,78,157.181920289855,0,0,,,0,0,0,0,78,78,0,0.170583333333334,172,1.05341666666667,2.03160165415804,2.75966666666667,1.89738403280998,2.15605729166667,1.30005952380952,2.66068452380952,0.230416666666667,171,237,Chinook,AHT,2011
LAK,78,78,0,0,0,0,0,2.2821976981352,0.953872318771953,0.909872400519383,3.17825,1.15130625,1.48151041666667,1.97472916666667,3.29423958333333,3.85821458333333,174,243,0,77,178.011420454545,0,0,,,0,0,0,0,69,38,0,0.532541666666667,172,0.880416666666667,2.29958801557239,4.05866666666667,2.10587331649832,2.49937158038721,1.08206547619048,3.75416666666667,0.304583333333333,168,237,Chinook,AHT,2011
MAR,78,78,0,0,0,0,0,2.15352696078431,0.857242395608671,0.734864524828893,2.75191666666667,1.23030208333333,1.33652083333333,2.014875,3.1431875,3.49655416666667,175,243,0,78,167.975102941176,0,0,,,0,0,0,0,78,78,0,0.190875,172,0.954166666666667,2.14762750447401,3.70608333333333,1.9913665917756,2.3035384667756,1.17703571428571,3.51417857142857,0.263406862745098,169,237,Chinook,AHT,2011
SEC,78,78,0,0,0,0,0,2.78647756410256,1.29804650114777,1.68492471914197,3.89758333333333,1.20214583333333,1.5546875,2.54475,4.29896875,4.63050833333333,175,243,0,54,217.34525,0,0,,,0,0,0,0,54,54,0,0.293375,196,0.929916666666667,2.79413781415344,4.8275,2.59000347222222,3.00222743055556,1.13425595238095,4.63166666666667,0.358270833333333,169,237,Chinook,AHT,2011
SFS,78,78,0,0,0,0,0,1.66026084965759,0.641666292160778,0.411735630495361,2.22939880952381,0.993535416666667,1.25554166666667,1.3770625,2.16588541666667,2.94272309782609,174,207,0,78,129.500346273292,0,0,,,0,0,0,0,78,78,0,0.319548913043478,172,0.895791666666667,1.63194738828502,3.12519047619048,1.4697935034219,1.7991054247182,0.989880952380952,2.91528756285123,0.274125,168,201,Chinook,AHT,2011
STH,78,78,0,0,0,0,0,2.15771361236802,0.548318363384985,0.300653027625189,1.89191666666667,1.50614166666667,1.64296875,2.0695,2.59375,3.02783958333333,186,243,0,78,168.301661764706,0,0,,,0,0,0,0,78,78,0,0.230416666666667,172,1.2215,2.17421091075319,3.11341666666667,2.03126041666667,2.30600976988017,1.45352380952381,3.03185714285714,0.264875,180,237,Chinook,AHT,2011
SUL,78,78,0,0,0,0,0,2.14027938034188,1.32949719122696,1.76756278148038,3.91383333333333,0.67258125,0.778302083333333,2.2355625,3.42414583333333,4.22058333333333,174,243,0,69,166.941791666667,0,0,,,0,0,0,0,66,34,0,0.219666666666667,184,0.50075,2.1237068452381,4.41458333333333,1.92195486111111,2.32864814814815,0.699910714285714,4.22997023809524,0.268625,168,237,Chinook,AHT,2011
VAL,78,78,0,0,0,0,0,2.19448183760684,0.754758485967923,0.569660372140591,2.38170833333333,1.24696041666667,1.40470833333333,2.24322916666667,2.91546875,3.26947916666667,186,243,0,78,171.169583333333,0,0,,,0,0,0,0,78,78,0,0.237458333333334,172,0.93175,2.2106287202381,3.31345833333333,2.05658101851852,2.35980150462963,1.16982142857143,3.21833928571429,0.27925,180,237,Chinook,AHT,2011
,78,78,0,0,0,0,0,1.08335950854701,0.280158089816994,0.0784885552899069,1.254875,0.755920833333333,0.881395833333333,1.00891666666667,1.24947916666667,1.60770416666667,167,244,0,78,84.5020416666667,0,0,,,0,0,0,0,78,78,0,0.24575,173,0.682833333333333,1.06839525462963,1.93770833333333,0.972420717592593,1.16971585648148,0.753202380952381,1.72981547619048,0.164625,167,238,Chinook,AHT,2012
BIU,78,78,0,0,0,0,0,2.05953258547009,0.493586468601264,0.243627601986266,1.61875,1.55101666666667,1.6518125,1.784625,2.51805208333333,2.9681625,168,244,0,78,160.643541666667,0,0,,,0,0,0,0,78,78,0,0.230541666666667,173,1.48958333333333,2.0426896494709,3.10833333333333,1.92570659722222,2.16078530092593,1.55545238095238,2.86672023809524,0.1755625,167,238,Chinook,AHT,2012
CAM,78,78,0,0,0,0,0,2.34626442307692,0.221751694526523,0.0491738140253843,1.00116666666667,2.11387291666667,2.17746875,2.28870833333333,2.44878125,2.7818625,168,244,0,78,183.008625,0,0,,,0,0,0,0,78,78,0,0.165083333333333,173,2.05766666666667,2.33218683862434,3.05883333333333,2.22909375,2.4401244212963,2.12977976190476,2.87326190476191,0.180791666666667,167,238,Chinook,AHT,2012
CHA,78,78,0,0,0,0,0,0.565792579131395,0.314486764468126,0.0989019250256307,1.32316666666667,0.1222375,0.279635416666667,0.563979166666667,0.78953125,1.10249166666667,168,228,0,78,44.1318211722488,0,0,,,0,0,0,0,78,78,0,0.491424242424242,173,0.0574583333333333,0.528902360857953,1.380625,0.414136405170122,0.645840382996633,0.113098370927318,1.17997023809524,0.168979166666667,167,222,Chinook,AHT,2012
HER,78,78,0,0,0,0,0,1.45861025176514,0.191892128306769,0.0368225889061016,0.818375,1.13987083333333,1.33177083333333,1.48225,1.58003125,1.73819375,168,244,0,78,113.771599637681,0,0,,,0,0,0,0,78,78,0,0.159708333333333,173,1.07583333333333,1.45937158888314,1.89420833333333,1.35621990740741,1.5627337962963,1.14705357142857,1.76455357142857,0.1855,167,238,Chinook,AHT,2012
LAK,78,78,0,0,0,0,0,1.51603525641026,0.488092001108066,0.238233801545677,1.77154166666667,0.87551875,1.11625,1.372125,1.92270833333333,2.32295625,168,244,0,78,118.25075,0,0,,,0,0,0,0,78,78,0,0.11675,173,0.770625,1.50588492063492,2.54216666666667,1.40827662037037,1.60144328703704,0.858458333333333,2.36560714285714,0.176,167,238,Chinook,AHT,2012
MAR,78,78,0,0,0,0,0,1.83093376068376,0.382052170102238,0.145963860679829,1.47529166666667,1.3599,1.52885416666667,1.703625,2.12023958333333,2.56610833333333,168,244,0,78,142.812833333333,0,0,,,0,0,0,0,78,78,0,0.129041666666667,173,1.309375,1.8161109457672,2.78466666666667,1.71596585648148,1.90829571759259,1.37860714285714,2.59925595238095,0.157916666666666,167,238,Chinook,AHT,2012
SEC,78,78,0,0,0,0,0,1.54022916666667,0.714083680488112,0.509915502739448,2.40279166666667,0.7400125,0.943114583333333,1.25747916666667,2.047375,2.81795416666667,168,244,0,78,120.137875,0,0,,,0,0,0,0,78,78,0,0.115083333333333,173,0.649791666666667,1.5159978505291,3.05258333333333,1.39593923611111,1.63436979166667,0.739238095238095,2.85902380952381,0.215083333333333,167,238,Chinook,AHT,2012
STH,78,78,0,0,0,0,0,1.76593376068376,0.326458881982089,0.106575401624995,1.12720833333333,1.33840208333333,1.48530208333333,1.66183333333333,2.07152083333333,2.27400416666667,172,244,0,78,137.742833333333,0,0,,,0,0,0,0,78,78,0,0.155666666666666,173,1.28520833333333,1.76237318121693,2.41241666666667,1.66352314814815,1.85493518518519,1.35341666666667,2.28777976190476,0.161625,167,238,Chinook,AHT,2012
VAL,78,78,0,0,0,0,0,1.94126335470085,0.42948104220756,0.184453965615692,1.38854166666667,1.36191666666667,1.55955208333333,1.83010416666667,2.35598958333333,2.57669166666667,168,244,0,78,151.418541666667,0,0,,,0,0,0,0,78,78,0,0.165541666666666,173,1.29275,1.93890385251323,2.68129166666667,1.83410763888889,2.03269386574074,1.37714285714286,2.57351190476191,0.175520833333333,167,238,Chinook,AHT,2012
BIU,78,78,0,0,0,0,0,1.75761752136752,0.350694827773227,0.122986862226893,1.36470833333333,1.4298125,1.51240625,1.60379166666667,1.86144791666667,2.44891875,178,236,0,78,137.094166666667,0,0,,,0,0,0,0,78,78,0,0.482416666666667,172,1.36325,1.74562847222222,2.72795833333333,1.5996712962963,1.88506886574074,1.42667857142857,2.52697619047619,0.190166666666667,172,230,Chinook,AHT,2013
BVC,78,78,0,0,0,0,0,3.1318115245262,0.17600243539401,0.0309768572646225,0.901375,2.96788541666667,3.02133333333333,3.07122916666667,3.15926041666667,3.45355416666667,177,236,0,78,244.281298913044,0,0,,,0,0,0,0,78,78,0,0.523458333333334,172,2.92541666666667,3.12478804707269,3.82679166666667,3.00938204508857,3.25527209138486,2.97957738095238,3.51273214285714,0.190333333333333,171,230,Chinook,AHT,2013
CAM,78,78,0,0,0,0,0,2.23843696581197,0.329247904227092,0.108404182437932,1.16191666666667,1.84436666666667,1.91067708333333,2.27575,2.46920833333333,2.82268541666667,166,235,0,78,174.598083333333,0,0,,,0,0,0,0,78,78,0,0.244583333333333,172,1.763375,2.23114649470899,2.92529166666667,2.11690451388889,2.34608391203704,1.8331369047619,2.73642857142857,0.195833333333333,166,229,Chinook,AHT,2013
CHA,78,78,0,0,0,0,0,0.706899061687105,0.273455652205102,0.0747779937229179,1.19420833333333,0.3779125,0.517302083333333,0.6399375,0.807822916666667,1.25148958333333,166,236,0,78,55.1381268115942,0,0,,,0,0,0,0,78,78,0,0.202166666666667,172,0.274291666666667,0.694436533097539,1.4685,0.572060210346216,0.811653381642512,0.346547619047619,1.22591071428571,0.226166666666667,166,230,Chinook,AHT,2013
HER,78,78,0,0,0,0,0,1.34835950854701,0.174549783568893,0.0304676269439473,0.789708333333333,1.1543625,1.22345833333333,1.28591666666667,1.43783333333333,1.6984875,167,235,0,78,105.172041666667,0,0,,,0,0,0,0,78,78,0,0.221125,172,1.04758333333333,1.33858870701058,1.83729166666667,1.22808275462963,1.45370196759259,1.13364285714286,1.62844047619048,0.209041666666667,166,229,Chinook,AHT,2013
LAK,78,78,0,0,0,0,0,1.40803685897436,0.474253983212126,0.224916840592567,1.72416666666667,0.837858333333333,1.040125,1.27875,1.70155208333333,2.27053125,166,239,0,78,109.826875,0,0,,,0,0,0,0,78,78,0,0.284166666666666,172,0.746041666666667,1.39321006944444,2.47020833333333,1.25894097222222,1.52151157407407,0.817136904761905,2.28056547619048,0.211895833333333,166,233,Chinook,AHT,2013
LOO,78,78,0,0,0,0,0,1.01934615384615,0.39363428613675,0.154947951222389,1.21970833333333,0.49345625,0.63390625,0.9694375,1.4573125,1.53447916666667,215,209,0,78,79.509,0,0,,,0,0,0,0,78,78,0,0.93375,172,0.354375,1.00168774801587,1.57408333333333,0.847944444444444,1.14936574074074,0.506315476190476,1.517375,0.238791666666667,209,203,Chinook,AHT,2013
MAR,78,78,0,0,0,0,0,0.420934824303589,0.241015386844193,0.058088416695656,0.728458333333333,0.0648897727272727,0.179833333333333,0.461854166666667,0.661208333333333,0.724679166666667,177,209,0,78,32.8329162956799,0,0,,,0,0,0,0,78,78,0,0.445172101449275,172,0.01525,0.404015289159575,0.743708333333333,0.2746316164361,0.531363929146538,0.0804721519708362,0.709119047619048,0.233083333333333,171,203,Chinook,AHT,2013
SFS,78,78,0,0,0,0,0,1.52727884615385,0.315872284639329,0.099775300203269,1.29479166666667,1.10659166666667,1.30429166666667,1.47872916666667,1.72522916666667,2.11673333333333,177,236,0,78,119.12775,0,0,,,0,0,0,0,78,78,0,0.385125,172,1.04191666666667,1.52165963955026,2.33670833333333,1.39657638888889,1.6579681712963,1.09361904761905,2.08827380952381,0.248375,171,230,Chinook,AHT,2013
VAL,78,78,9,0.115384615384615,4,0.0512820512820513,0.166666666666667,0.530196454712759,0.382416365448331,0.146242276562712,0.992958333333333,0.0306987012987013,0.121958333333333,0.514625,0.929833333333333,0.99025,224,205,0,69,36.5835553751804,0,0,,,0,0,0,0,36,17,0,0.483708333333333,172,0.0176666666666667,0.481167142834477,1.010625,0.356582042648709,0.593314649971942,0.0305454545454545,0.974886904761905,0.120083333333333,218,199,Chinook,AHT,2013
BIU,78,78,0,0,0,0,0,1.97783902359718,0.419623896046335,0.176084214133105,1.37120833333333,1.47098125,1.64967708333333,1.79491666666667,2.32782291666667,2.67257291666667,175,242,0,78,154.27144384058,0,0,,,0,0,0,0,78,78,0,0.216333333333333,172,1.38820833333333,1.98564604540488,2.75941666666667,1.86606134259259,2.09898412338969,1.51529166666667,2.69529166666667,0.181020833333333,169,236,Chinook,AHT,2014
BVC,78,78,0,0,0,0,0,3.3000811965812,0.241994747903858,0.0585614580130518,1.05029166666667,2.97030833333333,3.15415625,3.25016666666667,3.42211458333333,3.781225,170,242,0,78,257.406333333333,0,0,,,0,0,0,0,78,78,0,0.25075,172,2.85645833333333,3.29135813492064,3.90675,3.18813078703704,3.40310243055556,2.98429761904762,3.81193452380952,0.189875,166,236,Chinook,AHT,2014
CAM,78,78,9,0.115384615384615,9,0.115384615384615,0.230769230769231,2.79816463548529,0.310629670115367,0.0964907919559818,1.20045833333333,2.29704166666667,2.52016666666667,2.86481818181818,3.06220833333333,3.2209,226,201,0,69,193.073359848485,0,0,,,0,0,0,0,44,34,0,0.256681818181818,172,2.20420833333333,2.77065450454336,3.40466666666667,,,2.31163095238095,3.23566071428571,0.234708333333334,220,195,Chinook,AHT,2014
CHA,78,78,0,0,0,0,0,1.06776449275362,0.356703397643485,0.127237313890406,1.23295833333333,0.60396875,0.793489583333333,0.935333333333333,1.37159375,1.67963958333333,179,242,0,78,83.2856304347826,0,0,,,0,0,0,0,78,78,0,0.260041666666667,172,0.524541666666667,1.06138359069473,1.7575,0.95485134863124,1.16718344907407,0.652381728778468,1.67795833333333,0.205601449275362,173,236,Chinook,AHT,2014
HER,78,78,0,0,0,0,0,1.50005502136752,0.219447034439141,0.0481570009241337,0.898583333333333,1.08547291666667,1.37564583333333,1.52333333333333,1.6881875,1.77408125,170,231,0,78,117.004291666667,0,0,,,0,0,0,0,78,78,0,0.165041666666667,172,0.971916666666667,1.50593113425926,1.8705,1.39062268518519,1.6220619212963,1.11438095238095,1.77364880952381,0.2235,166,225,Chinook,AHT,2014
LAK,78,78,0,0,0,0,0,1.31414155982906,0.389886899308419,0.152011794252333,1.33870833333333,0.803654166666667,1.0015625,1.184375,1.70225,1.93596458333333,179,242,0,78,102.503041666667,0,0,,,0,0,0,0,78,78,0,0.22175,172,0.725333333333333,1.31032308201058,2.06404166666667,1.19979803240741,1.41224594907407,0.839583333333333,1.92580952380952,0.195791666666667,173,236,Chinook,AHT,2014
LOO,78,78,0,0,0,0,0,1.89338514957265,0.542915191347375,0.294756904995757,1.63520833333333,1.13076666666667,1.31809375,2.06727083333333,2.42286458333333,2.56587291666667,181,242,0,78,147.684041666667,0,0,,,0,0,0,0,78,78,0,0.113916666666666,172,0.996333333333333,1.89917319775132,2.63154166666667,1.77928472222222,2.01599652777778,1.17014285714286,2.54868452380952,0.202666666666667,175,236,Chinook,AHT,2014
MAR,78,78,0,0,0,0,0,1.01814102564103,0.331902655677691,0.110159372845904,1.23404166666667,0.486516666666667,0.74003125,1.024,1.29916666666667,1.49576458333333,170,242,0,78,79.415,0,0,,,0,0,0,0,78,78,0,0.112541666666667,172,0.375875,1.01817063492064,1.60991666666667,0.919787615740741,1.11637037037037,0.497285714285714,1.52559523809524,0.192875,166,236,Chinook,AHT,2014
SEC,78,78,0,0,0,0,0,1.66034294871795,0.729102900456172,0.531591039453602,2.466625,0.463564583333333,1.34771875,1.57075,2.26884375,2.74422291666667,166,242,0,78,129.50675,0,0,,,0,0,0,0,78,78,0,0.215625,172,0.370333333333333,1.66327885251323,2.83695833333333,1.5142974537037,1.80841840277778,0.509583333333333,2.75122619047619,0.235,166,236,Chinook,AHT,2014
SFS,78,78,0,0,0,0,0,1.58803525641026,0.339200330654673,0.115056864316239,1.24295833333333,1.18126041666667,1.35172916666667,1.46847916666667,1.80826041666667,2.23942708333333,170,231,0,78,123.86675,0,0,,,0,0,0,0,78,78,0,0.208458333333333,172,1.07504166666667,1.57573735119048,2.318,1.46638310185185,1.68989814814815,1.19785119047619,2.2564880952381,0.213,166,225,Chinook,AHT,2014
STH,78,78,0,0,0,0,0,1.91494604700855,0.269284979384588,0.0725144001221579,0.948666666666666,1.44293958333333,1.6536875,1.99839583333333,2.13717708333333,2.23326875,181,242,0,78,149.365791666667,0,0,,,0,0,0,0,78,78,0,0.121,172,1.346375,1.92529538690476,2.29504166666667,1.83328125,2.01541261574074,1.45397023809524,2.20495238095238,0.179458333333333,175,236,Chinook,AHT,2014
VAL,78,78,0,0,0,0,0,1.69672702991453,0.345303751971907,0.119234681125876,1.18983333333333,1.16709166666667,1.431875,1.58233333333333,2.07198958333333,2.20473125,181,242,0,78,132.344708333333,0,0,,,0,0,0,0,78,78,0,0.135375,172,1.05441666666667,1.70107944775132,2.24425,1.59026909722222,1.81227430555556,1.23844047619048,2.16777380952381,0.19725,175,236,Chinook,AHT,2014
BIU,78,78,0,0,0,0,0,1.54330822649573,0.217412832744896,0.0472683398421602,0.8985,1.24091041666667,1.38279166666667,1.50033333333333,1.70038541666667,1.92814166666667,167,233,0,78,120.378041666667,0,0,,,0,0,0,0,78,78,0,0.249166666666667,172,1.12329166666667,1.53703075396825,2.02179166666667,1.4131724537037,1.63563252314815,1.29070238095238,1.9400119047619,0.2085,166,227,Chinook,AHT,2015
BVC,78,78,0,0,0,0,0,3.02276923076923,0.121682298018191,0.0148065816509879,0.534083333333333,2.84870833333333,2.94082291666667,3.00964583333333,3.12810416666667,3.20980416666667,177,233,0,78,235.776,0,0,,,0,0,0,0,78,78,0,0.241208333333333,172,2.71258333333333,3.02324330357143,3.24666666666667,2.91363946759259,3.11558564814815,2.86255952380952,3.20020833333333,0.197291666666667,171,227,Chinook,AHT,2015
CAM,78,78,0,0,0,0,0,2.77867254273504,0.49028979082977,0.240384078991899,1.50691666666667,1.87138333333333,2.24358333333333,2.99841666666667,3.12810416666667,3.20980416666667,177,233,0,78,216.736458333333,0,0,,,0,0,0,0,78,78,0,0.280791666666667,172,1.73975,2.7993792989418,3.24666666666667,2.650375,2.92897395833333,1.9271369047619,3.20020833333333,0.2219375,171,227,Chinook,AHT,2015
CHA,78,78,0,0,0,0,0,0.675444305091044,0.160968700153406,0.0259109224290771,0.670135869565217,0.438920833333333,0.56975,0.6446875,0.791552083333333,0.963475,176,233,0,78,52.6846557971015,0,0,,,0,0,0,0,78,78,0,0.266344202898551,172,0.330739130434783,0.672847897975615,1.000875,0.549983896940419,0.771379050925926,0.50432582815735,0.933708333333333,0.197208333333333,170,227,Chinook,AHT,2015
HER,78,78,0,0,0,0,0,1.59758177186062,0.177541628366217,0.0315210298029277,0.791708333333333,1.32498958333333,1.47728125,1.56695833333333,1.73984375,1.89321041666667,166,233,0,78,124.611378205128,0,0,,,0,0,0,0,78,78,0,0.265583333333333,172,1.18070833333333,1.59315654253154,1.97241666666667,1.47082523148148,1.69718287037037,1.36290476190476,1.88717261904762,0.255666666666667,166,227,Chinook,AHT,2015
LAK,78,78,0,0,0,0,0,0.888973824786325,0.304541683443777,0.0927456369547698,1.08020833333333,0.48178125,0.591895833333333,0.935916666666667,1.12475,1.37599375,167,233,0,78,69.3399583333333,0,0,,,0,0,0,0,78,78,0,0.219333333333333,172,0.331208333333333,0.88670667989418,1.41141666666667,0.758248842592593,0.988205439814815,0.488821428571429,1.33074404761905,0.2309375,166,227,Chinook,AHT,2015
LOO,78,78,0,0,0,0,0,1.47190918803419,0.255124432912846,0.0650884762691013,1.046,1.10631041666667,1.25597916666667,1.46547916666667,1.61173958333333,1.89520833333333,167,233,0,78,114.808916666667,0,0,,,0,0,0,0,78,78,0,0.245333333333333,172,0.973,1.46596279761905,2.019,1.34621412037037,1.55978472222222,1.15618452380952,1.91579166666667,0.2089375,166,227,Chinook,AHT,2015
MAR,78,78,0,0,0,0,0,0.557268675213675,0.182183909534613,0.0331909768933159,0.746916666666667,0.29605,0.421145833333333,0.522479166666667,0.69924875,0.876866666666667,167,233,0,78,43.4669566666667,0,0,,,0,0,0,0,78,78,0,0.253958333333333,172,0.175291666666667,0.553510972222222,0.922208333333333,0.441069444444444,0.649149282407407,0.334083333333333,0.856125,0.192708333333333,166,227,Chinook,AHT,2015
SEC,78,78,0,0,0,0,0,0.60029573114084,0.272639114492218,0.0743320867511008,1.06458333333333,0.2862625,0.383395833333333,0.5744375,0.737375,1.09289375,166,233,0,78,46.8230670289855,0,0,,,0,0,0,0,78,78,0,0.238541666666667,172,0.138083333333333,0.590553510323211,1.20266666666667,0.466363778180354,0.691907407407407,0.301777432712215,1.09702976190476,0.2215,166,227,Chinook,AHT,2015
SFS,78,78,0,0,0,0,0,1.34840651709402,0.175920181279872,0.030947910181543,0.71475,1.13005833333333,1.20944791666667,1.33725,1.49228125,1.64388541666667,167,233,0,78,105.175708333333,0,0,,,0,0,0,0,78,78,0,0.223416666666667,172,0.967333333333333,1.34569155092593,1.68208333333333,1.22644097222222,1.44053819444444,1.13476785714286,1.61291071428571,0.1955,166,227,Chinook,AHT,2015
STH,78,78,0,0,0,0,0,1.44527510683761,0.138302990031872,0.0191277170517561,0.587083333333333,1.21140416666667,1.34448958333333,1.44052083333333,1.559875,1.68015208333333,167,233,0,78,112.731458333333,0,0,,,0,0,0,0,78,78,0,0.242291666666667,172,1.12516666666667,1.44324677579365,1.71225,1.32352430555556,1.54666898148148,1.27555357142857,1.62327380952381,0.224958333333333,166,227,Chinook,AHT,2015
SUL,78,78,0,0,0,0,0,0.703013354700855,0.179388936865696,0.0321803906698047,0.694791666666667,0.451004166666667,0.549677083333333,0.695583333333333,0.858333333333333,0.983560416666667,176,233,0,78,54.8350416666667,0,0,,,0,0,0,0,78,78,0,0.230458333333333,172,0.326708333333333,0.701975446428572,1.0215,0.583570601851852,0.800314236111111,0.486303571428571,0.977738095238095,0.183875,170,227,Chinook,AHT,2015
VAL,78,78,0,0,0,0,0,1.12340286324786,0.322393327213867,0.103937457432027,1.17033333333333,0.678827083333333,0.81528125,1.17185416666667,1.3659375,1.59415833333333,166,233,0,78,87.6254233333333,0,0,,,0,0,0,0,78,78,0,0.295958333333333,172,0.537833333333333,1.11834681878307,1.70816666666667,0.992420138888889,1.23573331018519,0.699869047619048,1.62580952380952,0.226520833333333,166,227,Chinook,AHT,2015
,78,78,0,0,0,0,0,1.2735237829803,0.19385190614372,0.0375785615155538,0.884666666666667,1.00347083333333,1.14759963768116,1.25747916666667,1.35863541666667,1.61885,171,240,0,78,99.3348550724638,0,0,,,0,0,0,0,78,78,0,0.308916666666667,173,0.904041666666667,1.27014869809639,1.78870833333333,1.15561516203704,1.39061174013688,1.01682142857143,1.63341071428571,0.23825,167,234,Chinook,AHT,2016
BIU,78,78,0,0,0,0,0,1.65923450854701,0.273503803029993,0.0748043302718693,1.007875,1.30828333333333,1.48994791666667,1.56347916666667,1.78683333333333,2.16041041666667,171,219,0,78,129.420291666667,0,0,,,0,0,0,0,78,78,0,0.213083333333334,173,1.24975,1.64967005621693,2.257625,1.53760821759259,1.75699074074074,1.35107738095238,2.1742380952381,0.214604166666667,167,213,Chinook,AHT,2016
BVC,78,78,0,0,0,0,0,3.16186965811966,0.227141434379716,0.051593231212075,0.994166666666667,2.88197708333333,3.02454166666667,3.11152083333333,3.23644791666667,3.65223125,168,221,0,78,246.625833333333,0,0,,,0,0,0,0,78,78,0,0.294125,173,2.86691666666667,3.1448630952381,3.86108333333333,3.04632002314815,3.24643576388889,2.92831547619048,3.69835714285714,0.19875,167,215,Chinook,AHT,2016
CHA,78,78,0,0,0,0,0,0.804809968413229,0.277176776594098,0.0768269654830943,1.330625,0.23671875,0.678895833333333,0.823645833333333,0.969322916666667,1.25791041666667,171,240,0,78,62.7751775362319,0,0,,,0,0,0,0,78,78,0,0.208333333333333,173,0.10025,0.81117640757994,1.430875,0.687410300925926,0.944207905595813,0.21077380952381,1.26702380952381,0.250416666666667,167,234,Chinook,AHT,2016
LAK,78,78,14,0.17948717948718,14,0.17948717948718,0.358974358974359,1.3074756155303,0.339396883181873,0.11519024431357,1.23006060606061,0.8312,1.03645833333333,1.265125,1.57046875,1.90386875,171,230,0,64,83.6784393939394,0,0,,,0,0,0,0,64,64,0,0.244958333333333,173,0.800272727272727,1.25704718346974,2.03033333333333,,,0.800272727272727,1.89219642857143,0.200020833333333,167,224,Chinook,AHT,2016
LOO,78,78,0,0,0,0,0,1.49775053418803,0.380475916217677,0.144761922821681,1.30433333333333,1.028925,1.17119791666667,1.35572916666667,1.78107291666667,2.14618125,171,235,0,78,116.824541666667,0,0,,,0,0,0,0,78,78,0,0.165708333333334,173,0.985458333333333,1.48683482142857,2.28979166666667,1.37770081018519,1.59905497685185,1.08865476190476,2.16484523809524,0.229458333333333,167,229,Chinook,AHT,2016
MAR,78,78,0,0,0,0,0,0.709097756410256,0.255447608860264,0.0652534808724262,0.9855,0.39730625,0.5375625,0.642333333333333,0.839395833333333,1.23147291666667,171,235,0,78,55.309625,0,0,,,0,0,0,0,78,78,0,0.183791666666667,173,0.365291666666667,0.695451140873016,1.35079166666667,0.600078703703704,0.793639467592593,0.445940476190476,1.2517619047619,0.1960625,167,229,Chinook,AHT,2016
SEC,78,78,0,0,0,0,0,0.819069444444444,0.456868175211849,0.208728529521405,1.695375,0.3041875,0.439291666666667,0.756229166666667,1.11245833333333,1.71464583333333,168,235,0,78,63.8874166666667,0,0,,,0,0,0,0,78,78,0,0.362333333333333,173,0.228125,0.798050925925926,1.9235,0.657612268518519,0.961256944444444,0.324208333333333,1.77919642857143,0.263875,167,229,Chinook,AHT,2016
SFS,78,78,0,0,0,0,0,1.36905502136752,0.332242160474647,0.110384853196861,1.25941666666667,0.967939583333333,1.07392708333333,1.33120833333333,1.56753125,1.99589583333333,171,234,0,78,106.786291666667,0,0,,,0,0,0,0,78,78,0,0.234916666666667,173,0.896125,1.35663492063492,2.15554166666667,1.23683101851852,1.4841412037037,0.990214285714286,2.03117857142857,0.240833333333333,167,228,Chinook,AHT,2016
STH,78,78,0,0,0,0,0,1.47125641025641,0.231767790991455,0.0537163089410589,0.899041666666667,1.19259583333333,1.32878125,1.39235416666667,1.55323958333333,1.92865208333333,171,221,0,78,114.758,0,0,,,0,0,0,0,78,78,0,0.152958333333333,173,1.1335,1.45991154100529,2.03254166666667,1.36167303240741,1.56114988425926,1.20825,1.92770833333333,0.1845,167,215,Chinook,AHT,2016
SUL,78,78,0,0,0,0,0,0.768150037160907,0.160575450263914,0.0257844752274589,0.71675,0.557879166666667,0.658208333333333,0.733583333333333,0.839614583333333,1.12080208333333,171,235,0,78,59.9157028985507,0,0,,,0,0,0,0,78,78,0,0.219041666666667,173,0.537291666666667,0.75817527173913,1.25404166666667,0.656323998590982,0.85649537037037,0.60760119047619,1.12247619047619,0.197333333333333,167,229,Chinook,AHT,2016
VAL,78,78,0,0,0,0,0,1.22345566239316,0.279614126869466,0.078184059944974,0.988958333333333,0.8971,1.02185416666667,1.11739583333333,1.39367708333333,1.73050833333333,168,235,0,78,95.4295416666667,0,0,,,0,0,0,0,78,78,0,0.184291666666667,173,0.854125,1.21132688492064,1.84308333333333,1.11222048611111,1.31023726851852,0.929886904761905,1.75072023809524,0.192270833333333,167,229,Chinook,AHT,2016
,78,78,0,0,0,0,0,1.39554914529915,0.344823101864342,0.118902971579347,1.34704166666667,1.05583958333333,1.15419791666667,1.27210416666667,1.55682291666667,2.2014875,168,227,0,78,108.852833333333,0,0,,,0,0,0,0,78,78,0,0.143791666666667,172,1.016625,1.36911127645503,2.36366666666667,1.2642181712963,1.47823032407407,1.0853869047619,2.199625,0.1901875,166,221,Chinook,AHT,2017
BIU,78,78,0,0,0,0,0,2.13513412764771,0.805264712527226,0.648451257241556,2.78045833333333,1.19789375,1.38409375,1.9284375,2.8044375,3.59701666666667,171,226,0,78,166.540461956522,0,0,,,0,0,0,0,78,78,0,0.370375,172,1.17795833333333,2.11574384992524,3.95841666666667,1.9606620873591,2.27764877717391,1.26013095238095,3.70122619047619,0.2625,166,220,Chinook,AHT,2017
BVC,78,78,0,0,0,0,0,3.75298097826087,0.66560444961809,0.443029283351401,2.237625,3.11245833333333,3.23567708333333,3.5409375,4.08572916666667,5.22785625,168,226,0,55,292.732516304348,0,0,,,0,0,0,0,55,55,0,0.148333333333333,195,3.05341666666667,3.71482727671383,5.29104166666667,3.58445428240741,3.8412230273752,3.13783928571429,5.22864880952381,0.189229166666667,166,220,Chinook,AHT,2017
CHA,78,78,0,0,0,0,0,0.556801816239316,0.35805898400865,0.128206236029306,1.37395833333333,0.202464583333333,0.30384375,0.429729166666667,0.71309375,1.37110833333333,168,226,0,78,43.4305416666667,0,0,,,0,0,0,0,78,78,0,0.152875,172,0.174291666666667,0.530528852513228,1.54825,0.425042824074074,0.64071875,0.242833333333333,1.3987380952381,0.19025,166,220,Chinook,AHT,2017
LOO,78,78,0,0,0,0,0,2.29078632478632,0.661452979998754,0.437520044749232,2.300875,1.58667708333333,1.71708333333333,2.0610625,2.81623958333333,3.53187291666667,172,226,0,78,178.681333333333,0,0,,,0,0,0,0,78,78,0,0.1575,172,1.5225,2.27373768187831,3.823375,2.13112962962963,2.41339525462963,1.62007142857143,3.59252380952381,0.233604166666667,166,220,Chinook,AHT,2017
MAR,78,78,0,0,0,0,0,1.41629055183946,0.629665650102296,0.396478830918747,2.12775,0.759372916666667,0.894791666666667,1.183125,1.9174375,2.64877916666667,172,226,0,78,110.470663043478,0,0,,,0,0,0,0,78,78,0,0.184045289855072,172,0.720833333333333,1.39767397414884,2.84858333333333,1.25770075986312,1.5342494212963,0.802630952380952,2.6820119047619,0.259666666666667,166,220,Chinook,AHT,2017
SEC,78,78,7,0.0897435897435897,7,0.0897435897435897,0.17948717948718,1.08062588028169,0.882530672007599,0.778860387034184,2.73958333333333,0.107583333333333,0.362166666666667,0.721,1.71733333333333,2.76322916666667,172,205,0,71,76.7244375,0,0,,,0,0,0,0,50,35,0,0.150416666666667,172,0.0516666666666667,0.971611591074223,2.79125,,,0.066,2.75602380952381,0.209916666666667,166,199,Chinook,AHT,2017
SFS,78,78,0,0,0,0,0,1.81315022296544,0.762995056880668,0.582161456824334,2.50466666666667,1.02989583333333,1.19701041666667,1.56325,2.25689583333333,3.46694166666667,167,242,0,78,141.425717391304,0,0,,,0,0,0,0,78,78,0,0.14575,172,0.998,1.77570581363584,3.50266666666667,1.63494270833333,1.91141852858293,1.08630357142857,3.4633630952381,0.211916666666667,166,236,Chinook,AHT,2017
STH,78,78,0,0,0,0,0,2.6584575204385,0.920939468489488,0.8481295046217,2.63975,1.6249125,1.79476041666667,2.2131875,3.65184375,4.032275,173,226,0,72,207.359686594203,0,0,,,0,0,0,0,67,36,0,0.222208333333333,183,1.59925,2.65996861341155,4.239,2.49633708232689,2.81981161936393,1.67226785714286,4.10138690476191,0.2395625,167,220,Chinook,AHT,2017
SUL,78,78,0,0,0,0,0,1.26701697788926,0.707292212292467,0.500262273569573,2.341125,0.54881875,0.669302083333333,1.11658333333333,1.66864583333333,2.7363,171,226,0,78,98.8273242753623,0,0,,,0,0,0,0,78,78,0,0.149708333333333,172,0.477291666666667,1.23442720554405,2.81841666666667,1.09700289351852,1.36752244363929,0.56689880952381,2.74992857142857,0.216770833333333,166,220,Chinook,AHT,2017
VAL,78,78,0,0,0,0,0,2.03140760869565,0.748297228247565,0.559948741802988,2.3595,1.15965208333333,1.32539583333333,1.75008333333333,2.78732291666667,3.21993125,173,236,0,78,158.449793478261,0,0,,,0,0,0,0,78,78,0,0.188,172,1.14425,2.02547985320336,3.50375,1.87809261775362,2.17291206219807,1.21636904761905,3.29969047619048,0.286583333333333,167,230,Chinook,AHT,2017
,78,78,0,0,0,0,0,1.46419177350427,0.27095657654936,0.0734174663753492,1.14633333333333,1.15433541666667,1.26947916666667,1.38489583333333,1.61501041666667,1.97946666666667,170,215,0,78,114.206958333333,0,0,,,0,0,0,0,78,78,0,0.216583333333333,172,1.14170833333333,1.45246982473545,2.28804166666667,1.35147511574074,1.56203472222222,1.18211904761905,2.05860714285714,0.1775,166,209,Chinook,AHT,2018
BIU,78,78,0,0,0,0,0,1.58842841880342,0.375969866536822,0.141353340543716,1.46825,1.19933125,1.3073125,1.44275,1.79932291666667,2.38652916666667,170,238,0,78,123.897416666667,0,0,,,0,0,0,0,78,78,0,0.333541666666667,172,1.09383333333333,1.58073859126984,2.56208333333333,1.4652650462963,1.69551388888889,1.19355952380952,2.43225,0.1884375,166,232,Chinook,AHT,2018
BVC,78,78,0,0,0,0,0,3.13684989316239,0.199295474176473,0.0397186860272251,0.926541666666667,2.85930833333333,2.98479166666667,3.12985416666667,3.23777083333333,3.5585625,170,238,0,78,244.674291666667,0,0,,,0,0,0,0,78,78,0,0.211625,172,2.75791666666667,3.13506068121693,3.68445833333333,3.03540509259259,3.23250115740741,2.86200595238095,3.56605357142857,0.181041666666667,166,232,Chinook,AHT,2018
CHA,78,78,8,0.102564102564103,8,0.102564102564103,0.205128205128205,0.866103316326531,0.235977665791444,0.0556854587523782,0.973416666666667,0.599602083333333,0.6975,0.821520833333333,0.977604166666667,1.37484583333333,170,223,0,70,60.6272321428572,0,0,,,0,0,0,0,70,70,0,0.237416666666667,172,0.576833333333333,0.839611811629414,1.55025,,,0.625178571428572,1.39975,0.165333333333333,166,217,Chinook,AHT,2018
CHC,78,78,0,0,0,0,0,1.13163208379784,0.206403433658357,0.0426023774259597,0.91275,0.8103375,0.96728125,1.13910416666667,1.2680625,1.49565416666667,171,238,0,78,88.2673025362319,0,0,,,0,0,0,0,78,78,0,0.163291666666667,172,0.716583333333333,1.13286126207729,1.62933333333333,1.03621253522544,1.22608043981481,0.817547619047619,1.52384523809524,0.195875,166,232,Chinook,AHT,2018
LAK,78,78,0,0,0,0,0,1.13528846153846,0.382506821054703,0.146311468153374,1.520125,0.533085416666667,0.862364583333333,1.11166666666667,1.3895625,1.84569166666667,170,238,0,78,88.5525,0,0,,,0,0,0,0,78,78,0,0.315166666666667,172,0.408833333333333,1.13479480820106,1.92895833333333,1.02466203703704,1.24733275462963,0.525291666666667,1.83480952380952,0.183583333333333,166,232,Chinook,AHT,2018
LOO,78,78,0,0,0,0,0,1.32014636752137,0.606384644520002,0.36770233710965,1.85983333333333,0.61514375,0.785364583333333,0.96175,1.90004166666667,2.23548541666667,171,238,0,78,102.971416666667,0,0,,,0,0,0,0,78,78,0,0.24175,172,0.526458333333333,1.31813285383598,2.38629166666667,1.18258043981481,1.44695138888889,0.628232142857143,2.27758928571429,0.208854166666667,166,232,Chinook,AHT,2018
MAR,78,78,0,0,0,0,0,0.950104700854701,0.256560883790987,0.0658234870916121,1.11916666666667,0.595283333333333,0.741697916666667,0.928979166666667,1.10923958333333,1.43289791666667,170,238,0,78,74.1081666666667,0,0,,,0,0,0,0,78,78,0,0.23675,172,0.490541666666667,0.946684937169312,1.60970833333333,0.844506365740741,1.04490277777778,0.603815476190476,1.47467261904762,0.196041666666667,166,232,Chinook,AHT,2018
SEC,78,78,0,0,0,0,0,0.877668269230769,0.430484044065828,0.18531651219527,1.521,0.39536875,0.520604166666667,0.729041666666667,1.16391666666667,1.7354,170,238,0,78,68.458125,0,0,,,0,0,0,0,78,78,0,0.376333333333333,172,0.339791666666667,0.860288111772487,1.86079166666667,0.73021875,0.999518518518519,0.464017857142857,1.746,0.230291666666667,166,232,Chinook,AHT,2018
SFS,78,78,0,0,0,0,0,1.27101655982906,0.279403539370817,0.0780663378129394,1.10204166666667,0.951535416666667,1.0369375,1.19995833333333,1.44332291666667,1.81675208333333,170,238,0,78,99.1392916666667,0,0,,,0,0,0,0,78,78,0,0.1785,172,0.864625,1.26069031084656,1.96666666666667,1.16098784722222,1.36580208333333,0.963565476190476,1.85417857142857,0.189791666666667,166,232,Chinook,AHT,2018
STH,78,78,0,0,0,0,0,1.62010202991453,0.452136827667107,0.204427710932875,1.492875,1.05217916666667,1.22770833333333,1.40058333333333,2.0143125,2.32855,170,238,0,78,126.367958333333,0,0,,,0,0,0,0,78,78,0,0.243041666666667,172,0.962125,1.61848296957672,2.455,1.49932233796296,1.72770717592593,1.053625,2.35933928571429,0.204125,166,232,Chinook,AHT,2018
SUL,78,78,0,0,0,0,0,0.667669337606838,0.159105400645606,0.0253145285145988,0.749958333333333,0.449022916666667,0.547510416666667,0.660083333333333,0.7496875,0.987372916666667,170,238,0,78,52.0782083333333,0,0,,,0,0,0,0,78,78,0,0.166333333333333,172,0.349708333333333,0.666410135582011,1.09966666666667,0.572883101851852,0.75962962962963,0.452559523809524,1.0058630952381,0.176208333333333,166,232,Chinook,AHT,2018
VAL,78,78,0,0,0,0,0,1.23807264957265,0.366455670760559,0.134289758632571,1.37954166666667,0.756539583333334,0.911145833333333,1.16841666666667,1.519375,1.89285625,170,238,0,78,96.5696666666667,0,0,,,0,0,0,0,78,78,0,0.260541666666667,172,0.647416666666667,1.23419543650794,2.02695833333333,1.12677141203704,1.33602372685185,0.770988095238095,1.92118452380952,0.2065625,166,232,Chinook,AHT,2018
,78,78,0,0,0,0,0,1.48885737179487,0.244223338328779,0.059645038984453,1.16975,1.19956041666667,1.30234375,1.43316666666667,1.605625,1.93982083333333,173,230,0,78,116.130875,0,0,,,0,0,0,0,78,78,0,0.389416666666667,172,1.10120833333333,1.47821354166667,2.27095833333333,1.35879340277778,1.62497743055556,1.16798214285714,1.96791071428571,0.247666666666667,167,224,Chinook,AHT,2019
BVC,78,78,0,0,0,0,0,3.16356036324786,0.237564480846483,0.0564368825598591,1.087875,2.89842083333333,3.00394791666667,3.09827083333333,3.23808333333333,3.69965416666667,166,234,0,78,246.757708333333,0,0,,,0,0,0,0,78,78,0,0.196916666666667,172,2.83295833333333,3.14439905753968,3.92083333333333,3.04342476851852,3.24505497685185,2.90167261904762,3.71567261904762,0.188125,166,228,Chinook,AHT,2019
CAM,78,78,0,0,0,0,0,2.35219978632479,0.185701685499697,0.0344851159974285,0.870875,2.12010833333333,2.21801041666667,2.32358333333333,2.42890625,2.75212291666667,168,229,0,78,183.471583333333,0,0,,,0,0,0,0,78,78,0,0.138625,172,2.066375,2.33739475859788,2.93725,2.23536168981481,2.4486099537037,2.12627380952381,2.77819642857143,0.200916666666667,166,223,Chinook,AHT,2019
CHC,78,78,0,0,0,0,0,1.14128632478632,0.315021872763175,0.0992387803192178,1.275875,0.7471625,0.890895833333333,1.09325,1.32548958333333,1.82188125,166,234,0,78,89.0203333333333,0,0,,,0,0,0,0,78,78,0,0.1305,172,0.679416666666667,1.12195238095238,1.95529166666667,1.02593171296296,1.22154976851852,0.757291666666667,1.84460119047619,0.169916666666667,166,228,Chinook,AHT,2019
LAK,78,78,0,0,0,0,0,1.02246527777778,0.356567941679534,0.12714069703358,1.43533333333333,0.679239583333333,0.758875,0.907666666666667,1.18235416666667,1.78290833333333,166,221,0,78,79.7522916666667,0,0,,,0,0,0,0,78,78,0,0.128666666666667,172,0.626958333333333,0.993575314153439,2.06229166666667,0.891071180555556,1.09511631944444,0.687410714285714,1.8562380952381,0.189104166666667,166,215,Chinook,AHT,2019
MAR,78,78,0,0,0,0,0,0.908923076923077,0.4065699577009,0.165299130504912,1.60191666666667,0.43526875,0.604354166666667,0.800666666666667,1.16685416666667,1.74670208333333,166,234,0,78,70.896,0,0,,,0,0,0,0,78,78,0,0.127333333333333,172,0.366958333333333,0.885405423280423,1.968875,0.781870949074074,0.989283564814815,0.448535714285714,1.79319047619048,0.178375,166,228,Chinook,AHT,2019
SFS,78,78,0,0,0,0,0,1.40584455128205,0.516244687887492,0.266508577772054,2.08629166666667,0.72038125,1.10794791666667,1.35195833333333,1.65477083333333,2.39968125,166,234,0,78,109.655875,0,0,,,0,0,0,0,78,78,0,0.1305,172,0.678666666666667,1.38105340608466,2.76495833333333,1.26244039351852,1.50959664351852,0.728363095238095,2.50193452380952,0.218,166,228,Chinook,AHT,2019
STH,78,78,0,0,0,0,0,1.31589038461538,0.307412327055856,0.0945023388258963,1.217375,0.9827375,1.09694791666667,1.22376666666667,1.47997916666667,2.04583125,169,234,0,78,102.63945,0,0,,,0,0,0,0,78,78,0,0.127208333333333,172,0.944125,1.29180816798942,2.1615,1.18070601851852,1.40704791666667,1.0266130952381,2.04174404761905,0.207166666666667,166,228,Chinook,AHT,2019
VAL,78,78,0,0,0,0,0,1.17269177350427,0.442221841780312,0.195560157347571,1.666375,0.591920833333333,0.8166875,1.12210416666667,1.49638541666667,2.02954375,169,234,0,78,91.4699583333333,0,0,,,0,0,0,0,78,78,0,0.123458333333333,172,0.509583333333333,1.15317567791005,2.17595833333333,1.04443460648148,1.26480902777778,0.613035714285714,2.05766666666667,0.210229166666667,166,228,Chinook,AHT,2019
,78,78,0,0,0,0,0,1.83967574786325,0.495674410880839,0.245693121602067,2.01820833333333,1.2901375,1.46673958333333,1.651125,2.09405208333333,2.79296041666667,169,242,0,78,143.494708333333,0,0,,,0,0,0,0,78,78,0,0.812416666666667,173,1.25341666666667,1.82012020502646,3.271625,1.65186400462963,1.99895023148148,1.32535119047619,2.8814880952381,0.2713125,167,236,Chinook,AHT,2020
BIU,78,78,0,0,0,0,0,1.58966292735043,0.511077156549826,0.261199859947055,1.83254166666667,1.02825416666667,1.21,1.38647916666667,1.88453125,2.60395,174,242,0,78,123.993708333333,0,0,,,0,0,0,0,78,78,0,0.245833333333334,173,0.97475,1.57952736441799,2.80729166666667,1.43189409722222,1.72051446759259,1.04682142857143,2.6466130952381,0.25125,168,236,Chinook,AHT,2020
BVC,78,78,0,0,0,0,0,3.21150961538462,0.271454395042337,0.0736874885878011,1.25341666666667,2.9162375,3.02498958333333,3.15745833333333,3.28795833333333,3.77082291666667,169,243,0,76,250.49775,0,0,,,0,0,0,0,74,38,0,0.235708333333334,177,2.87,3.19461350859788,4.12341666666667,3.05926331018519,3.31178935185185,2.9255119047619,3.87654166666667,0.211395833333333,167,237,Chinook,AHT,2020
CAM,78,78,0,0,0,0,0,1.32496420940171,0.56980814510485,0.32468132222783,2.29279166666667,0.726333333333333,0.906479166666667,1.11070833333333,1.68821875,2.49817291666667,174,242,0,78,103.347208333333,0,0,,,0,0,0,0,78,78,0,0.362208333333333,173,0.665333333333333,1.32279712301587,2.958125,1.14596875,1.49257638888889,0.733428571428572,2.61295238095238,0.252041666666667,168,236,Chinook,AHT,2020
CHA,78,78,0,0,0,0,0,1.93670284150547,0.63066960516423,0.397744150878006,2.67875,0.677444078947368,1.71677083333333,2.03875,2.33197916666667,2.81177083333333,231,169,0,78,151.062821637427,0,0,,,0,0,0,0,78,78,0,0.442083333333334,173,0.17625,2.00846237410656,2.855,1.66895315545809,2.31580439814815,0.631950710108605,2.77238095238095,0.562291666666667,225,167,Chinook,AHT,2020
CHC,78,78,0,0,0,0,0,0.988465811965812,0.189290664008719,0.0358309554808617,0.839208333333333,0.714429166666667,0.854677083333333,0.984229166666667,1.07941666666667,1.37047291666667,170,243,0,78,77.1003333333333,0,0,,,0,0,0,0,78,78,0,0.232458333333333,173,0.639458333333333,0.988197833994709,1.47866666666667,0.861375578703704,1.09009664351852,0.706089285714286,1.39126785714286,0.2003125,167,237,Chinook,AHT,2020
HER,78,78,0,0,0,0,0,0.335028453548291,0.16436004753629,0.0270142252261316,0.700399122807018,0.10035,0.20303125,0.341916666666667,0.42521875,0.643983333333333,170,243,0,78,26.1322193767667,0,0,,,0,0,0,0,78,78,0,0.268666666666667,173,0.0406842105263158,0.335865170127293,0.741083333333333,0.205703986784772,0.43758275462963,0.127190653263594,0.659125,0.207958333333333,167,237,Chinook,AHT,2020
LAK,78,78,0,0,0,0,0,1.39728685897436,0.547766462712252,0.300048097672293,1.7945,0.732308333333333,0.953020833333333,1.19952083333333,1.85744791666667,2.32464375,169,242,0,78,108.988375,0,0,,,0,0,0,0,78,78,0,0.38475,173,0.67825,1.38559515542328,2.47275,1.24547916666667,1.51607407407407,0.771017857142857,2.3243869047619,0.262791666666667,167,236,Chinook,AHT,2020
MAR,78,78,0,0,0,0,0,0.837853098290598,0.271162754347707,0.0735292393454347,1.153125,0.508814583333333,0.6415,0.788708333333333,0.966125,1.38443958333333,170,219,0,78,65.3525416666667,0,0,,,0,0,0,0,78,78,0,0.334208333333333,173,0.459,0.822836061507937,1.612125,0.690251157407407,0.937169560185185,0.526029761904762,1.43997619047619,0.219916666666667,167,213,Chinook,AHT,2020
SFS,78,78,0,0,0,0,0,1.44834455128205,0.577340570594995,0.333322134454955,2.20175,0.824385416666667,1.01238541666667,1.2593125,1.76936458333333,2.62171458333333,169,242,0,78,112.970875,0,0,,,0,0,0,0,78,78,0,0.440625,173,0.767,1.42393874007937,2.96875,1.2747974537037,1.5636099537037,0.820255952380953,2.70002976190476,0.24175,167,236,Chinook,AHT,2020
STH,78,78,0,0,0,0,0,1.03807371794872,0.301203460725512,0.0907235247530248,1.13420833333333,0.668941666666667,0.7956875,0.956229166666667,1.2919375,1.59043125,170,243,0,78,80.96975,0,0,,,0,0,0,0,78,78,0,0.261875,173,0.569666666666667,1.03623916997354,1.703875,0.896424768518519,1.14958217592593,0.650333333333333,1.59570238095238,0.221166666666667,167,237,Chinook,AHT,2020
VAL,78,78,0,0,0,0,0,1.03389262820513,0.298704549206094,0.0892244077164155,1.23154166666667,0.653570833333333,0.789729166666667,0.990229166666667,1.21872916666667,1.57472708333333,169,243,0,78,80.643625,0,0,,,0,0,0,0,78,78,0,0.401541666666667,173,0.585083333333333,1.02712161044974,1.816625,0.894874421296296,1.14570428240741,0.661327380952381,1.62458928571429,0.2351875,167,237,Chinook,AHT,2020
,78,78,0,0,0,0,0,1.33570273841655,0.255470976687157,0.0652654199294897,1.26525,0.935414583333333,1.20784375,1.32920833333333,1.42876041666667,1.7475375,167,229,0,78,104.184813596491,0,0,,,0,0,0,0,78,78,0,0.228958333333333,172,0.789875,1.32789506317878,2.055125,1.19639814814815,1.4445321332846,0.964077380952381,1.83056547619048,0.2144375,166,223,Chinook,AHT,2021
BIU,78,78,0,0,0,0,0,1.26208681716834,0.325893148248293,0.106206344075184,1.53145833333333,0.836820833333333,1.0710625,1.19254166666667,1.34844791666667,1.8612125,167,229,0,78,98.4427717391304,0,0,,,0,0,0,0,78,78,0,0.193666666666667,172,0.758083333333333,1.24116010682655,2.28954166666667,1.11205208333333,1.35702463264895,0.869285714285714,2.00726785714286,0.222145833333333,166,223,Chinook,AHT,2021
BVC,78,78,0,0,0,0,0,2.96373101204351,0.232556233096923,0.0540824015522304,0.971625,2.56381875,2.7586875,3.03175,3.13008333333333,3.26048541666667,167,229,0,78,231.171018939394,0,0,,,0,0,0,0,78,78,0,0.147916666666667,172,2.44879166666667,2.96367536225349,3.42041666666667,2.843984375,3.07042040193603,2.56286904761905,3.26632142857143,0.188625,166,223,Chinook,AHT,2021
CAM,78,78,0,0,0,0,0,1.24248496642247,0.266493730215171,0.0710189082439964,0.972333333333333,0.8327,1.01119791666667,1.25833333333333,1.48008333333333,1.59906666666667,214,196,0,78,96.9138273809524,0,0,,,0,0,0,0,78,78,0,0.369494047619048,172,0.744875,1.24404340277778,1.71720833333333,1.08820949074074,1.38139748677249,0.842065476190476,1.63275595238095,0.277916666666667,208,190,Chinook,AHT,2021
CHA,78,78,0,0,0,0,0,2.3126276537083,0.750771308382996,0.563657557491115,2.385,0.85246875,2.1296875,2.62458333333333,2.7775,3.1193125,188,229,0,78,180.384956989247,0,0,,,0,0,0,0,78,78,0,0.452083333333333,172,0.752916666666667,2.38256983913637,3.13791666666667,2.0950092405914,2.63494963410992,0.886297619047619,3.05166666666667,0.435,182,223,Chinook,AHT,2021
CHC,78,78,0,0,0,0,0,0.763984265734266,0.263933206991423,0.0696607377527775,1.03625,0.33254375,0.535958333333333,0.7924375,0.994395833333333,1.13115208333333,167,229,0,78,59.5907727272727,0,0,,,0,0,0,0,78,78,0,0.13625,172,0.234166666666667,0.763316370550746,1.27041666666667,0.651481797138047,0.865309343434343,0.337851190476191,1.12315476190476,0.191,166,223,Chinook,AHT,2021
LAK,78,78,0,0,0,0,0,0.866276639725009,0.368715754309488,0.135951307476015,1.6055,0.41159375,0.6318125,0.7805625,1.0710625,1.49178541666667,167,243,0,78,67.5695778985507,0,0,,,0,0,0,0,78,78,0,0.199458333333333,172,0.254166666666667,0.850654603749712,1.85966666666667,0.724358217592593,0.958580364331723,0.419785714285714,1.61752976190476,0.227416666666667,166,237,Chinook,AHT,2021
MAR,78,78,0,0,0,0,0,0.728740895577852,0.299445585397221,0.0896676586138845,1.18675,0.292427083333333,0.489583333333333,0.668519927536232,1.01411458333333,1.17861041666667,167,229,0,78,56.8417898550725,0,0,,,0,0,0,0,78,78,0,0.138625,172,0.18175,0.723050570077065,1.3685,0.610505787037037,0.822791616344606,0.293970238095238,1.20858333333333,0.179375,166,223,Chinook,AHT,2021
VAL,78,78,0,0,0,0,0,0.761440510878011,0.195220278819346,0.0381109572623031,0.982125,0.480464583333333,0.63521875,0.744791666666667,0.873,1.05877291666667,167,229,0,78,59.3923598484849,0,0,,,0,0,0,0,78,78,0,0.138583333333333,172,0.339833333333333,0.753315761784512,1.32195833333333,0.63781823442761,0.858093171296296,0.465101190476191,1.13533928571429,0.2083125,166,223,Chinook,AHT,2021
,78,78,0,0,0,0,0,1.48764903846154,0.447070279637363,0.19987183493503,1.80491666666667,1.03415208333333,1.182875,1.28152083333333,1.67804166666667,2.41218958333333,172,239,0,78,116.036625,0,0,,,0,0,0,0,78,78,0,0.1565,172,0.849958333333333,1.46508382936508,2.654875,1.33982407407407,1.59169444444444,1.01582142857143,2.45160119047619,0.190625,166,233,Chinook,AHT,2022
BIU,78,78,0,0,0,0,0,1.80491452991453,0.606349061278518,0.36765918411334,2.08183333333333,1.1737125,1.3351875,1.494375,2.21919791666667,2.87671875,175,239,0,78,140.783333333333,0,0,,,0,0,0,0,78,78,0,0.23925,172,0.956791666666667,1.79585267857143,3.038625,1.66336111111111,1.91926331018519,1.12373214285714,2.89986904761905,0.225083333333333,169,233,Chinook,AHT,2022
CAM,78,78,0,0,0,0,0,1.45597542735043,0.600049894263698,0.360059875605876,2.405125,0.895495833333333,1.06285416666667,1.17635416666667,1.59061458333333,2.74417708333333,166,239,0,78,113.566083333333,0,0,,,0,0,0,0,78,78,0,0.213958333333334,172,0.671541666666667,1.4224714781746,3.07666666666667,1.27900694444444,1.56015625,0.848422619047619,2.82127380952381,0.212229166666667,166,233,Chinook,AHT,2022
CHA,78,78,0,0,0,0,0,1.0338311965812,0.37587855916261,0.14128469123816,1.51804166666667,0.63460625,0.78071875,0.8689375,1.23946875,1.82218333333333,172,239,0,78,80.6388333333334,0,0,,,0,0,0,0,78,78,0,0.391041666666667,172,0.457083333333333,1.02328521825397,1.975125,0.88500462962963,1.1558744212963,0.637434523809524,1.84106547619048,0.236208333333333,166,233,Chinook,AHT,2022
LAK,78,78,0,0,0,0,0,1.25262713675214,0.5780571243021,0.334150038956414,1.95179166666667,0.6558,0.815354166666667,0.983291666666667,1.571125,2.30831875,172,239,0,78,97.7049166666667,0,0,,,0,0,0,0,78,78,0,0.155208333333333,172,0.459166666666667,1.23643493716931,2.41095833333333,1.11582696759259,1.34926446759259,0.612053571428571,2.3209880952381,0.190479166666667,166,233,Chinook,AHT,2022
LOO,78,78,0,0,0,0,0,1.20672916666667,0.416317660096825,0.173320394108496,1.54775,0.773020833333333,0.916572916666667,1.00060416666667,1.39710416666667,2.04399791666667,166,239,0,78,94.124875,0,0,,,0,0,0,0,78,78,0,0.2175,172,0.586333333333333,1.1919914021164,2.13408333333333,1.07487384259259,1.29667303240741,0.743142857142857,1.99306547619048,0.208625,166,233,Chinook,AHT,2022
VAL,78,78,0,0,0,0,0,1.29511965811966,0.450597453684449,0.203038065266909,1.699,0.77326875,0.934947916666667,1.06554166666667,1.60808333333333,2.10530208333333,166,239,0,78,101.019333333333,0,0,,,0,0,0,0,78,78,0,0.17325,172,0.592833333333333,1.28616294642857,2.29183333333333,1.16658912037037,1.39785416666667,0.729190476190476,2.07270238095238,0.2001875,166,233,Chinook,AHT,2022
,78,78,0,0,0,0,0,1.43501762820513,0.326678035731738,0.106718539029547,1.335125,1.05474791666667,1.2073125,1.31825,1.596875,2.06241458333333,171,229,0,78,111.931375,0,0,,,0,0,0,0,78,78,0,0.263625,172,0.941875,1.4246271494709,2.277,1.29897974537037,1.54060300925926,1.11860119047619,2.08494047619048,0.228833333333333,166,223,Chinook,AHT,2023
BVC,78,78,0,0,0,0,0,3.10682774490467,0.315012036456149,0.0992325831122499,1.25070833333333,2.74899375,2.88957291666667,2.96933333333333,3.25295833333333,3.75312916666667,167,243,0,78,242.332564102564,0,0,,,0,0,0,0,78,78,0,0.154625,172,2.64195833333333,3.09059009335572,3.89266666666667,2.97955034722222,3.19225031160969,2.79482738095238,3.78476785714286,0.201666666666667,166,237,Chinook,AHT,2023
CHA,78,78,0,0,0,0,0,1.35036538461538,0.257810976649317,0.0664664996808747,1.08125,1.0316125,1.17332291666667,1.26677083333333,1.49407291666667,1.81427291666667,171,243,0,78,105.3285,0,0,,,0,0,0,0,78,78,0,0.192958333333333,172,0.925333333333333,1.34403604497355,2.00658333333333,1.23167418981482,1.44839988425926,1.08305357142857,1.8325119047619,0.210583333333333,166,237,Chinook,AHT,2023
LOO,78,78,0,0,0,0,0,1.1272936965812,0.18468637549344,0.0341090572929039,0.895416666666667,0.889727083333333,1.03392708333333,1.07745833333333,1.21996875,1.48033333333333,167,230,0,78,87.9289083333333,0,0,,,0,0,0,0,78,78,0,0.21725,172,0.777958333333333,1.11848657407407,1.673375,1.01043263888889,1.21422743055556,0.924065476190476,1.50895238095238,0.203758333333333,166,224,Chinook,AHT,2023
VAL,78,78,0,0,0,0,0,1.13729076265615,0.303552283208575,0.0921439886411392,1.23258333333333,0.772941666666667,0.920833333333333,1.03852083333333,1.35340625,1.71021666666667,167,230,0,78,88.7086794871795,0,0,,,0,0,0,0,78,78,0,0.162791666666667,172,0.648541666666667,1.12332309472934,1.881125,1.01129340277778,1.22384446225071,0.817279761904762,1.76804166666667,0.194846153846154,166,224,Chinook,AHT,2023
BVC,78,78,0,0,0,0,0,3.09489423076923,0.133339188469301,0.0177793391816517,0.688708333333334,2.9305875,3.01697916666667,3.06695833333333,3.16657291666667,3.33271041666667,171,236,0,78,241.40175,0,0,,,0,0,0,0,78,78,0,0.244291666666667,173,2.75716666666667,3.08186813822751,3.445875,2.98043634259259,3.17502256944444,2.92217857142857,3.35738095238095,0.177020833333333,167,230,Chinook,AHT,2024
CHC,78,78,0,0,0,0,0,0.958264005016722,0.153960939562537,0.0237039709109793,0.857708333333333,0.736041666666667,0.84521875,0.974479166666667,1.03452083333333,1.24122291666667,167,236,0,78,74.7445923913044,0,0,,,0,0,0,0,78,78,0,0.170875,173,0.520666666666667,0.947946306360708,1.378375,0.858967139694042,1.032484375,0.718232142857143,1.24411904761905,0.1735625,167,230,Chinook,AHT,2024
LOO,78,78,0,0,0,0,0,1.04388942307692,0.197096258925935,0.0388469352825993,0.998125,0.761935416666667,0.892375,1.07225,1.15847916666667,1.39284166666667,167,236,0,78,81.423375,0,0,,,0,0,0,0,78,78,0,0.19275,173,0.548916666666667,1.03108878968254,1.54704166666667,0.928215277777778,1.12455439814815,0.758625,1.41103571428571,0.191875,167,230,Chinook,AHT,2024
VAL,78,78,0,0,0,0,0,1.05377724358974,0.176598651683603,0.0311870837764666,0.882458333333333,0.786085416666667,0.938635416666667,1.02066666666667,1.2075625,1.3535625,167,236,0,78,82.194625,0,0,,,0,0,0,0,78,78,0,0.204208333333333,173,0.603583333333333,1.03965930886243,1.48604166666667,0.938357060185185,1.13073611111111,0.819160714285714,1.3718630952381,0.176625,167,230,Chinook,AHT,2024
BVC,78,78,0,0,0,0,0,3.11948717948718,0.313085356916504,0.0980224407155345,1.13370833333333,2.67365208333333,2.79596875,3.15689583333333,3.361875,3.60340625,166,226,0,78,243.32,0,0,,,0,0,0,0,78,78,0,0.224583333333333,172,2.608875,3.10792650462963,3.74258333333333,2.9817505787037,3.23978125,2.65752380952381,3.51871428571429,0.228875,166,220,Chinook,AHT,2025
CHC,78,78,0,0,0,0,0,1.02281730769231,0.20173746210833,0.0406980036179099,0.923666666666667,0.757047916666667,0.875364583333333,0.971625,1.16938541666667,1.38865416666667,166,226,0,78,79.77975,0,0,,,0,0,0,0,78,78,0,0.137375,172,0.706625,1.00833870701058,1.63029166666667,0.912570023148148,1.099640625,0.747630952380952,1.35353571428571,0.163458333333333,166,220,Chinook,AHT,2025
LOO,78,78,0,0,0,0,0,1.02858096764347,0.239145853945679,0.057190739459408,0.957875,0.748120833333333,0.854385416666667,0.954541666666667,1.22479166666667,1.46681458333333,166,226,0,78,80.2293154761905,0,0,,,0,0,0,0,78,78,0,0.169375,172,0.659833333333333,1.01549669312169,1.61770833333333,0.905425347222222,1.12171147486772,0.714214285714286,1.38630357142857,0.205241071428571,166,220,Chinook,AHT,2025
MAR,78,78,0,0,0,0,0,1.07324408284024,0.151023599661391,0.0228081276546842,0.73175,0.8386875,0.973802083333333,1.07422916666667,1.15236458333333,1.34997291666667,166,202,0,78,83.7130384615385,0,0,,,0,0,0,0,78,78,0,0.276128205128205,172,0.758666666666667,1.05869481328856,1.49041666666667,0.941008457977208,1.17192997685185,0.83834478021978,1.26817857142857,0.214958333333333,166,196,Chinook,AHT,2025
SFS,78,78,0,0,0,0,0,0.885323183760684,0.316800503813576,0.100362559216536,1.272,0.493091666666667,0.6491875,0.800979166666667,1.08271875,1.4988125,166,226,0,78,69.0552083333333,0,0,,,0,0,0,0,78,78,0,0.319291666666667,172,0.414208333333333,0.863667493386243,1.68620833333333,0.729835069444444,1.00957986111111,0.465464285714286,1.42885119047619,0.269041666666667,166,220,Chinook,AHT,2025
VAL,78,78,0,0,0,0,0,1.20493366641528,0.323361280582507,0.104562517779959,1.26741666666667,0.80466875,0.939125,1.1036875,1.46463541666667,1.79695625,166,226,0,78,93.9848259803922,0,0,,,0,0,0,0,78,78,0,0.247083333333333,172,0.698625,1.18646525832555,1.96604166666667,1.07035243055556,1.3087265454793,0.780863095238095,1.72227380952381,0.208541666666667,166,220,Chinook,AHT,2025
MAR,61,61,0,0,0,0,0,1.30009631147541,0.134819061603264,0.0181761793715847,0.520791666666667,1.075,1.18325,1.31170833333333,1.39079166666667,1.49575,213,255,0,61,79.305875,0,0,,,0,0,0,0,61,61,0,0.232833333333333,219,1.029125,1.29721948051948,1.54991666666667,1.16591893939394,1.409525,1.09875,1.46751785714286,0.228416666666667,213,249,Chinook,AST,1994
STH,61,61,0,0,0,0,0,1.39441871584699,0.110621371677847,0.0122370878718883,0.441666666666667,1.19958333333333,1.332375,1.416,1.49141666666667,1.53333333333333,225,256,0,61,85.0595416666667,0,0,,,0,0,0,0,61,61,0,0.187708333333333,219,1.14166666666667,1.39890584415584,1.58333333333333,1.27641060606061,1.5017196969697,1.23290476190476,1.5057619047619,0.209208333333333,219,250,Chinook,AST,1994
VAL,61,61,3,0.0491803278688525,3,0.0491803278688525,0.0983606557377049,1.90052324973877,0.13173941614068,0.0173552737650872,0.524416666666667,1.65832083333333,1.84177083333333,1.91177083333333,1.99741666666667,2.08257291666667,225,254,0,58,110.230348484849,0,0,,,0,0,0,0,58,58,0,0.191666666666667,219,1.64166666666667,1.89197096139971,2.16608333333333,1.76735110192837,2.00459318181818,1.69156547619048,2.05302380952381,0.241291666666666,219,248,Chinook,AST,1994
MAR,61,61,0,0,0,0,0,2.00017634830126,0.165725892890213,0.0274650715742584,0.749541666666667,1.69579166666667,1.86983333333333,2.03695833333333,2.103625,2.24545833333333,213,269,0,61,122.010757246377,0,0,,,0,0,0,0,61,61,0,0.216833333333334,219,1.625,1.99946365989083,2.37454166666667,1.87874318181818,2.10745520421607,1.71875,2.18941666666667,0.22925,213,263,Chinook,AST,1995
STH,61,61,0,0,0,0,0,3.52630396174863,0.184159549470361,0.0339147396611263,0.916583333333334,3.20370833333333,3.441625,3.52054166666667,3.61608333333333,3.91654166666667,213,266,0,60,215.104541666667,0,0,,,0,0,0,0,60,60,0,0.225166666666667,220,3.11641666666667,3.51992640692641,4.033,3.3890053030303,3.6472553030303,3.19903571428571,3.83185119047619,0.233125,213,260,Chinook,AST,1995
VAL,61,61,0,0,0,0,0,2.28014275956284,0.269973871920264,0.072885891519619,1.12866666666667,1.74120833333333,2.10766666666667,2.35808333333333,2.45416666666667,2.68729166666667,213,269,0,61,139.088708333333,0,0,,,0,0,0,0,61,61,0,0.19175,219,1.683125,2.28467651515152,2.81179166666667,2.15378787878788,2.41527575757576,1.77032738095238,2.62104761904762,0.26625,213,263,Chinook,AST,1995
MAR,61,61,0,0,0,0,0,1.83504576502732,0.188186642218071,0.0354142123093124,0.765708333333333,1.51841666666667,1.71795833333333,1.81825,1.9925,2.14025,220,257,0,61,111.937791666667,0,0,,,0,0,0,0,61,61,0,0.24975,220,1.414875,1.83047813852814,2.18058333333333,1.67904015151515,1.96004015151515,1.57823214285714,2.1173630952381,0.28325,214,251,Chinook,AST,1996
MAR,61,61,0,0,0,0,0,1.20229576502732,0.161328610917333,0.0260269207005161,0.764458333333333,0.992833333333333,1.10816666666667,1.166,1.27166666666667,1.52079166666667,215,268,0,61,73.3400416666667,0,0,,,0,0,0,0,61,61,0,0.206041666666666,219,0.832583333333333,1.19078993506494,1.59704166666667,1.06525227272727,1.30234015151515,1.0053630952381,1.47344047619048,0.240958333333333,213,262,Chinook,AST,1998
SEC,61,61,0,0,0,0,0,1.01795969945355,0.216118954482314,0.0467074024865285,1,0.758458333333333,0.886625,0.962125,1.16179166666667,1.487625,214,268,0,61,62.0955416666667,0,0,,,0,0,0,0,61,61,0,0.384875,219,0.587583333333333,0.997772077922078,1.58758333333333,0.844281060606061,1.1576446969697,0.824642857142857,1.41529166666667,0.273125,213,262,Chinook,AST,1998
SFS,61,61,0,0,0,0,0,0.830195355191257,0.201174868299879,0.0404713276354736,0.9925,0.566166666666667,0.699791666666667,0.806625,0.941333333333333,1.25475,214,268,0,61,50.6419166666667,0,0,,,0,0,0,0,61,61,0,0.270291666666667,219,0.346833333333333,0.817591017316017,1.33933333333333,0.683658333333333,0.940278787878788,0.554934523809524,1.18420238095238,0.245333333333333,213,262,Chinook,AST,1998
STH,61,61,0,0,0,0,0,2.54474043715847,0.173696085992092,0.0301703302889724,0.914791666666667,2.31441666666667,2.45245833333333,2.534125,2.60504166666667,2.929,214,268,0,61,155.229166666667,0,0,,,0,0,0,0,61,61,0,0.258916666666667,219,2.0555,2.52952380952381,2.97029166666667,2.37896363636364,2.65461818181818,2.31432142857143,2.84077976190476,0.264583333333333,213,262,Chinook,AST,1998
VAL,61,61,0,0,0,0,0,1.30316734972678,0.180692062792583,0.0326496215562386,0.829666666666667,1.11333333333333,1.166625,1.266875,1.38354166666667,1.696625,214,268,0,61,79.4932083333333,0,0,,,0,0,0,0,61,61,0,0.339916666666667,219,0.932708333333333,1.28718712121212,1.762375,1.14021060606061,1.42010454545455,1.1352380952381,1.61244047619048,0.262583333333333,213,262,Chinook,AST,1998
MAR,61,61,0,0,0,0,0,1.2868531420765,0.136443098302749,0.0186167190744536,0.529166666666667,1.061,1.175,1.29108333333333,1.37208333333333,1.509375,215,267,0,61,78.4980416666667,0,0,,,0,0,0,0,61,61,0,0.231333333333333,219,1.022625,1.27716287878788,1.55179166666667,1.16935909090909,1.3934803030303,1.14273214285714,1.46178571428571,0.204458333333333,213,261,Chinook,AST,1999
SEC,61,61,0,0,0,0,0,1.010507602756,0.203494426658592,0.0414099816811091,0.817291666666667,0.720375,0.835875,0.981666666666667,1.1615,1.34366666666667,215,267,0,61,61.6409637681159,0,0,,,0,0,0,0,61,61,0,0.219625,219,0.649583333333333,0.994294254658385,1.466875,0.86801534914361,1.12279090909091,0.783589285714286,1.32052976190476,0.246541666666667,213,261,Chinook,AST,1999
SFS,61,61,0,0,0,0,0,0.838916666666667,0.139218393788254,0.0193817611689815,0.58125,0.628041666666667,0.722875,0.847166666666667,0.924958333333333,1.07983333333333,215,242,0,61,51.1739166666667,0,0,,,0,0,0,0,61,61,0,0.219458333333333,219,0.5755,0.825786363636364,1.15675,0.711128787878788,0.95057196969697,0.700065476190476,1.02571428571429,0.244,213,236,Chinook,AST,1999
STH,61,61,0,0,0,0,0,1.91095765027322,0.12766525816324,0.0162984181418868,0.500791666666667,1.71245833333333,1.81583333333333,1.91729166666667,1.97816666666667,2.13175,215,245,0,61,116.568416666667,0,0,,,0,0,0,0,61,61,0,0.246375,219,1.702875,1.89587608225108,2.20366666666667,1.7895053030303,2.01487575757576,1.77708333333333,2.06911904761905,0.219375,213,239,Chinook,AST,1999
VAL,61,61,0,0,0,0,0,1.35861475409836,0.160711688067378,0.0258282466814663,0.70725,1.12075,1.228,1.365375,1.46883333333333,1.65875,215,267,0,61,82.8755,0,0,,,0,0,0,0,61,61,0,0.246125,219,1.07,1.34461071428571,1.77725,1.23260681818182,1.47442045454545,1.19958333333333,1.63189285714286,0.238291666666667,213,261,Chinook,AST,1999
MAR,61,61,0,0,0,0,0,0.925503415300546,0.123733250899617,0.0153099173781876,0.613625,0.713125,0.8705,0.958958333333333,1.008625,1.06841666666667,229,265,0,61,56.4557083333333,0,0,,,0,0,0,0,61,61,0,0.25225,220,0.481291666666667,0.919175108225108,1.09491666666667,0.765242424242424,1.04287348484848,0.785255952380952,1.0154880952381,0.228125,223,259,Chinook,AST,2000
SEC,61,61,0,0,0,0,0,1.71326980874317,0.251814198341735,0.0634103904864906,1.72716666666667,1.40091666666667,1.65333333333333,1.748125,1.826875,1.94358333333333,249,214,0,61,104.509458333333,0,0,,,0,0,0,0,61,61,0,1.02283333333333,220,0.61075,1.73934621212121,2.33791666666667,1.51516742424242,1.92610984848485,1.47256547619048,1.94650595238095,0.299791666666667,243,214,Chinook,AST,2000
SFS,61,61,0,0,0,0,0,0.482629501631842,0.172530614199461,0.0297668128360433,0.814254385964912,0.190166666666667,0.358916666666667,0.489208333333333,0.59675,0.73625,214,265,0,61,29.4403995995423,0,0,,,0,0,0,0,61,61,0,0.336791666666667,220,0.0585789473684211,0.477576228367361,0.872833333333333,0.312065350877193,0.620415151515152,0.285886904761905,0.721516045548654,0.27025,214,259,Chinook,AST,2000
STH,61,61,0,0,0,0,0,1.30133948087432,0.238489973515376,0.0568774674673649,1.01929166666667,0.952708333333333,1.145625,1.27083333333333,1.45891666666667,1.72983333333333,218,265,0,61,79.3817083333333,0,0,,,0,0,0,0,61,61,0,0.29675,220,0.788625,1.2860696969697,1.80791666666667,1.0988696969697,1.43582878787879,1.03110119047619,1.72020833333333,0.319625,214,259,Chinook,AST,2000
VAL,61,61,0,0,0,0,0,1.1554056010929,0.131378090818219,0.0172602027470401,0.626791666666667,0.924541666666667,1.05979166666667,1.18295833333333,1.242125,1.33891666666667,268,265,0,61,70.4797416666667,0,0,,,0,0,0,0,61,61,0,0.249625,220,0.743458333333333,1.15580456709957,1.37025,0.984228787878788,1.29580075757576,0.999970238095238,1.28082738095238,0.299333333333333,262,259,Chinook,AST,2000
MAR,61,61,0,0,0,0,0,1.0359818989071,0.108026195588768,0.0116696589333827,0.556895833333333,0.88475,0.963125,1.039125,1.10741666666667,1.19183333333333,213,248,0,61,63.1948958333333,0,0,,,0,0,0,0,61,61,0,0.260041666666667,219,0.797166666666667,1.02822602813853,1.3540625,0.937261363636363,1.11572613636364,0.894678571428571,1.18037202380952,0.166708333333333,213,242,Chinook,AST,2001
STH,61,61,0,0,0,0,0,1.59146379781421,0.121476858096409,0.0147566270529751,0.700833333333334,1.42116666666667,1.52320833333333,1.57320833333333,1.67433333333333,1.751875,213,248,0,61,97.0792916666667,0,0,,,0,0,0,0,61,61,0,0.228875,219,1.31370833333333,1.57848593073593,2.01454166666667,1.48349393939394,1.66937954545455,1.42867857142857,1.70041071428571,0.176,213,242,Chinook,AST,2001
VAL,61,61,0,0,0,0,0,1.07951707650273,0.118833664089323,0.0141214397208941,0.5485,0.879833333333333,0.992,1.10591666666667,1.15795833333333,1.23775,213,248,0,61,65.8505416666667,0,0,,,0,0,0,0,61,61,0,0.334125,219,0.796333333333333,1.07154015151515,1.34483333333333,0.968918181818182,1.16919924242424,0.900886904761905,1.18770238095238,0.169541666666667,213,242,Chinook,AST,2001
MAR,61,61,0,0,0,0,0,1.07694553338085,0.12598283894938,0.0158716757097455,0.542875,0.881583333333333,0.989833333333333,1.07729166666667,1.17570833333333,1.241875,252,270,0,61,65.6936775362319,0,0,,,0,0,0,0,61,61,0,0.195708333333333,219,0.755875,1.09284132316958,1.29875,0.962046409749671,1.2197303030303,0.885107142857143,1.22521428571429,0.26875,246,264,Chinook,AST,2002
SEC,61,61,0,0,0,0,0,1.59530396174863,0.150670773040515,0.0227016818486263,0.6375,1.34266666666667,1.480625,1.601375,1.711125,1.801875,220,272,0,61,97.3135416666667,0,0,,,0,0,0,0,61,61,0,0.37375,219,1.25375,1.6060237012987,1.89125,1.45451818181818,1.76661439393939,1.38352976190476,1.7742619047619,0.301458333333333,214,266,Chinook,AST,2002
SFS,61,61,0,0,0,0,0,0.693635245901639,0.378484023286129,0.143250155882855,1.2905,0.230916666666667,0.383333333333333,0.54175,1.09829166666667,1.27170833333333,221,270,0,61,42.31175,0,0,,,0,0,0,0,61,61,0,0.277708333333333,219,0.129708333333333,0.689993073593074,1.42020833333333,0.513994696969697,0.868922727272727,0.273410714285714,1.27314285714286,0.337083333333333,215,264,Chinook,AST,2002
STH,61,61,0,0,0,0,0,2.36577595628415,0.251212876629537,0.063107909384487,0.856833333333333,1.88283333333333,2.295,2.43925,2.53870833333333,2.62991666666667,265,217,0,61,144.312333333333,0,0,,,0,0,0,0,61,61,0,0.403333333333333,219,1.84770833333333,2.39021071428571,2.70454166666667,2.23340454545455,2.53945833333333,1.9041369047619,2.58658333333333,0.301708333333333,259,213,Chinook,AST,2002
VAL,61,61,0,0,0,0,0,0.952400273224044,0.156830571818343,0.0245958282568685,0.631666666666667,0.703916666666667,0.818958333333333,0.95125,1.08729166666667,1.167875,252,226,0,61,58.0964166666667,0,0,,,0,0,0,0,61,61,0,0.212083333333333,219,0.645916666666667,0.969404978354978,1.27758333333333,0.825646212121212,1.10873484848485,0.756666666666667,1.14183928571429,0.297833333333333,246,220,Chinook,AST,2002
MAR,61,61,8,0.131147540983607,8,0.131147540983607,0.262295081967213,1.08720503144654,0.111347712914604,0.0123983131713131,0.553916666666667,0.898058333333333,1.04954166666667,1.10716666666667,1.15545833333333,1.23838333333333,235,259,0,53,57.6218666666667,0,0,,,0,0,0,0,53,53,0,0.229375,227,0.713125,1.09732067273136,1.26704166666667,,,0.960630952380953,1.22526666666667,0.151625,229,253,Chinook,AST,2003
SEC,61,61,0,0,0,0,0,1.51431898907104,0.130289734085898,0.016975414808174,0.63825,1.289875,1.45716666666667,1.519875,1.59004166666667,1.70229166666667,216,259,0,61,92.3734583333333,0,0,,,0,0,0,0,61,61,0,0.363625,219,1.141875,1.51457283549784,1.780125,1.38536590909091,1.64271212121212,1.38761904761905,1.67271428571429,0.227333333333333,213,253,Chinook,AST,2003
SFS,61,61,0,0,0,0,0,0.968933743169399,0.118934678854907,0.01414545783432,0.519541666666667,0.77625,0.892541666666667,0.95975,1.04495833333333,1.14833333333333,256,252,0,61,59.1049583333333,0,0,,,0,0,0,0,61,61,0,0.370375,219,0.751,0.969742532467533,1.27054166666667,0.840900757575758,1.08923939393939,0.845690476190476,1.09572619047619,0.174375,250,246,Chinook,AST,2003
STH,61,61,0,0,0,0,0,1.74821162444113,0.13791098438027,0.019019439612735,0.731625,1.546625,1.686375,1.73883333333333,1.80229166666667,2.01125,216,259,0,61,106.640909090909,0,0,,,0,0,0,0,61,61,0,0.216666666666667,219,1.356375,1.73429629083038,2.088,1.60607789256198,1.83899015151515,1.59504166666667,1.98858333333333,0.171541666666667,213,253,Chinook,AST,2003
VAL,61,61,0,0,0,0,0,1.23835587431694,0.111555385465068,0.0124446040262599,0.619916666666667,1.04270833333333,1.19479166666667,1.23841666666667,1.302,1.38658333333333,216,259,0,61,75.5397083333333,0,0,,,0,0,0,0,61,61,0,0.231416666666667,219,0.877875,1.23207186147186,1.49779166666667,1.1112946969697,1.33484772727273,1.10540476190476,1.38395238095238,0.18325,213,253,Chinook,AST,2003
MAR,61,61,0,0,0,0,0,1.0866400273224,0.125073874705479,0.0156434741338418,0.513625,0.836041666666667,1.004625,1.09883333333333,1.1805,1.24579166666667,240,263,0,61,66.2850416666667,0,0,,,0,0,0,0,61,61,0,0.235375,220,0.800458333333333,1.09056785714286,1.31408333333333,0.961123484848485,1.20985378787879,0.917970238095238,1.21451785714286,0.222625,234,257,Chinook,AST,2004
SFS,61,61,0,0,0,0,0,0.891062841530055,0.128528596405317,0.0165196000939208,0.567,0.666666666666667,0.798916666666667,0.904541666666667,0.987416666666667,1.05983333333333,240,263,0,61,54.3548333333333,0,0,,,0,0,0,0,61,61,0,0.34825,220,0.605375,0.892633658008658,1.172375,0.747312878787879,1.03363636363636,0.754291666666667,1.02045833333333,0.271916666666667,234,257,Chinook,AST,2004
STH,61,61,0,0,0,0,0,1.61225546448087,0.131074350824938,0.0171804854441788,0.510208333333333,1.39229166666667,1.53466666666667,1.61775,1.72075,1.79995833333333,268,235,0,61,98.3475833333333,0,0,,,0,0,0,0,61,61,0,0.27375,220,1.338625,1.6158262987013,1.84883333333333,1.47857121212121,1.73126666666667,1.45972023809524,1.80322619047619,0.254041666666667,262,229,Chinook,AST,2004
VAL,61,61,0,0,0,0,0,1.24222404371585,0.126735951026672,0.0160620012826351,0.611708333333333,1.06525,1.14754166666667,1.24370833333333,1.33595833333333,1.44095833333333,240,235,0,61,75.7756666666667,0,0,,,0,0,0,0,61,61,0,0.212875,220,0.912541666666667,1.24460324675325,1.52425,1.09885,1.37909772727273,1.12434523809524,1.43122023809524,0.229125,234,229,Chinook,AST,2004
MAR,61,61,0,0,0,0,0,0.871648907103825,0.128203589370537,0.0164361603274894,0.635291666666667,0.671833333333333,0.794958333333333,0.878041666666667,0.95325,1.06570833333333,216,252,0,61,53.1705833333333,0,0,,,0,0,0,0,61,61,0,0.213666666666667,219,0.497375,0.861337229437229,1.13266666666667,0.707377272727273,0.973636363636364,0.723119047619048,1.0646130952381,0.275083333333333,213,246,Chinook,AST,2005
SFS,61,61,0,0,0,0,0,0.615179644808743,0.135770861047383,0.0184337267095477,0.706166666666667,0.389375,0.524583333333333,0.629958333333333,0.687666666666667,0.811416666666667,216,252,0,61,37.5259583333333,0,0,,,0,0,0,0,61,61,0,0.25425,219,0.217791666666667,0.602374783549784,0.923958333333333,0.440186363636364,0.720400757575758,0.472238095238095,0.834904761904762,0.2895,213,246,Chinook,AST,2005
STH,61,61,0,0,0,0,0,1.46854781420765,0.13566737898992,0.0184056377219945,0.676625,1.24729166666667,1.375625,1.48108333333333,1.58058333333333,1.685,216,252,0,61,89.5814166666667,0,0,,,0,0,0,0,61,61,0,0.244791666666667,219,1.05741666666667,1.45491493506494,1.73404166666667,1.29505681818182,1.57596363636364,1.29982738095238,1.66858928571429,0.282416666666667,213,246,Chinook,AST,2005
VAL,61,61,0,0,0,0,0,0.751974043715847,0.130453262562462,0.0170180537131907,0.651125,0.513375,0.667875,0.759041666666667,0.848458333333333,0.956458333333333,216,252,0,61,45.8704166666667,0,0,,,0,0,0,0,61,61,0,0.236666666666667,219,0.360166666666667,0.738483008658009,1.01129166666667,0.576265151515152,0.858551515151515,0.618154761904762,0.931345238095238,0.270291666666667,213,246,Chinook,AST,2005
BIL,61,61,0,0,0,0,0,2.4639193989071,0.171243615531984,0.029324375860466,0.879666666666667,2.185125,2.39608333333333,2.48954166666667,2.56470833333333,2.67329166666667,221,258,0,61,150.299083333333,0,0,,,0,0,0,0,61,61,0,0.4835,219,1.91429166666667,2.4562487012987,2.79395833333333,2.26428257575758,2.63086212121212,2.24036904761905,2.64661904761905,0.345916666666667,215,252,Chinook,AST,2006
SFS,61,61,0,0,0,0,0,1.16626092896175,0.177180009868737,0.0313927558970856,0.729,0.924666666666667,1.051,1.115875,1.24683333333333,1.502375,266,241,0,61,71.1419166666667,0,0,,,0,0,0,0,61,61,0,0.392166666666667,219,0.821375,1.15666255411255,1.550375,0.995559848484849,1.30062727272727,0.984541666666667,1.49436904761905,0.266791666666667,260,235,Chinook,AST,2006
STH,61,61,3,0.0491803278688525,3,0.0491803278688525,0.0983606557377049,1.64424027409372,0.152834993051472,0.0233585351010435,0.761,1.43211458333333,1.58438541666667,1.67511378205128,1.74022916666667,1.86848541666667,270,258,0,58,95.3659358974359,0,0,,,0,0,0,0,58,58,0,0.346458333333333,222,1.12625,1.63583107905983,1.88725,1.47042412587413,1.76441590909091,1.43543452380952,1.85958928571429,0.243666666666667,264,252,Chinook,AST,2006
VAL,61,61,0,0,0,0,0,1.46186816939891,0.139109217221546,0.0193513743159912,0.716041666666667,1.26204166666667,1.38908333333333,1.5015,1.55866666666667,1.61054166666667,214,258,0,61,89.1739583333333,0,0,,,0,0,0,0,61,61,0,0.349333333333334,219,0.959083333333333,1.45236569264069,1.675125,1.28938181818182,1.58369924242424,1.25892857142857,1.58504761904762,0.258541666666667,213,252,Chinook,AST,2006
BIL,61,61,0,0,0,0,0,0.806161202185792,0.188558352772285,0.0355542524001973,0.858,0.553875,0.668208333333333,0.797875,0.888666666666667,1.085625,267,247,0,61,49.1758333333333,0,0,,,0,0,0,0,61,61,0,0.32675,219,0.470208333333333,0.785828896103896,1.32820833333333,0.619913636363636,0.945435606060606,0.641345238095238,1.11996428571429,0.321,261,241,Chinook,AST,2007
MAR,61,61,0,0,0,0,0,0.788171448087432,0.128590919813453,0.0165356246584699,0.695,0.610125,0.697208333333333,0.794708333333333,0.869541666666667,0.983125,213,271,0,61,48.0784583333333,0,0,,,0,0,0,0,61,61,0,0.217375,219,0.39275,0.781812337662338,1.08775,0.658754545454546,0.904951515151515,0.647369047619048,0.953392857142857,0.241375,213,265,Chinook,AST,2007
SFS,61,61,0,0,0,0,0,1.44286953551913,0.114822822822547,0.0131842806409381,0.587125,1.30475,1.37666666666667,1.43079166666667,1.511625,1.668375,267,271,0,61,88.0150416666667,0,0,,,0,0,0,0,61,61,0,0.365041666666667,219,1.11729166666667,1.44332391774892,1.70441666666667,1.30330227272727,1.57665454545455,1.35025595238095,1.54083928571429,0.254541666666667,261,265,Chinook,AST,2007
VAL,61,61,5,0.0819672131147541,5,0.0819672131147541,0.163934426229508,1.32496651785714,0.105509692880058,0.0111322952916441,0.534333333333333,1.16240625,1.25951041666667,1.3255,1.38098958333333,1.54259375,268,271,0,56,74.198125,0,0,,,0,0,0,0,56,56,0,0.269041666666667,224,1.03595833333333,1.32379979978355,1.57029166666667,1.199425,1.43709242424242,1.23825,1.41195833333333,0.235,262,265,Chinook,AST,2007
BIL,61,61,0,0,0,0,0,2.63396926229508,0.571240120462306,0.326315275225789,1.59416666666667,1.68425,1.80591666666667,2.90304166666667,3.035375,3.136625,246,229,0,61,160.672125,0,0,,,0,0,0,0,61,61,0,0.498,220,1.63025,2.65964123376623,3.22441666666667,2.44983409090909,2.85099848484848,1.70705357142857,3.08704166666667,0.296,240,223,Chinook,AST,2008
BVC,61,61,0,0,0,0,0,3.17809392076503,0.116380792774567,0.0135444889268367,0.53525,2.96433333333333,3.13491666666667,3.18904166666667,3.256,3.328625,274,244,0,61,193.863729166667,0,0,,,0,0,0,0,61,61,0,0.347875,220,2.82116666666667,3.16765817099567,3.35641666666667,3.03856818181818,3.2749,3.02888690476191,3.27958928571429,0.230958333333334,268,238,Chinook,AST,2008
MAR,61,61,0,0,0,0,0,1.11726775956284,0.205181084408989,0.0420992773992486,0.957541666666667,0.868958333333333,1.00254166666667,1.08858333333333,1.180125,1.60566666666667,219,244,0,61,68.1533333333333,0,0,,,0,0,0,0,61,61,0,0.314833333333333,220,0.699,1.09074383116883,1.65654166666667,0.942881818181818,1.22180833333333,0.933386904761905,1.59071428571429,0.254708333333333,214,238,Chinook,AST,2008
SFS,61,61,0,0,0,0,0,2.4669924863388,0.812296308317514,0.659825292506262,2.07483333333333,1.15504166666667,1.25529166666667,2.94720833333333,3.03679166666667,3.12945833333333,267,230,0,61,150.486541666667,0,0,,,0,0,0,0,61,61,0,0.982416666666667,220,1.08158333333333,2.5020920995671,3.15641666666667,2.27403333333333,2.70215757575758,1.18181547619048,3.07030357142857,0.269125,261,224,Chinook,AST,2008
STH,61,61,0,0,0,0,0,1.57509357923497,0.226450305573716,0.0512797408944293,1.05754166666667,1.28658333333333,1.43983333333333,1.53366666666667,1.65545833333333,2.08579166666667,218,244,0,61,96.0807083333333,0,0,,,0,0,0,0,61,61,0,0.359791666666667,220,1.0785,1.54467229437229,2.13604166666667,1.38733409090909,1.67904848484848,1.33369047619048,2.06797619047619,0.260666666666667,214,238,Chinook,AST,2008
VAL,61,61,0,0,0,0,0,1.42682581967213,0.223518587074622,0.0499605587678355,1.06275,1.13804166666667,1.31291666666667,1.38354166666667,1.499375,1.93758333333333,218,244,0,61,87.036375,0,0,,,0,0,0,0,61,61,0,0.391,220,0.92625,1.39787359307359,1.989,1.23603484848485,1.53554772727273,1.19180952380952,1.92464880952381,0.266916666666667,214,238,Chinook,AST,2008
,61,61,0,0,0,0,0,1.45402117486339,0.251953310547356,0.0634804706957726,1.09475,1.10475,1.30183333333333,1.38704166666667,1.702375,1.89883333333333,220,272,0,61,88.6952916666667,0,0,,,0,0,0,0,61,61,0,0.29275,219,0.9075,1.45568333333333,2.00225,1.28202121212121,1.61643712121212,1.20316666666667,1.836,0.306,214,266,Chinook,AST,2009
BIL,61,61,0,0,0,0,0,3.00453917201235,0.166372050948915,0.0276796593369482,0.74625,2.67825,2.89404166666667,3.025875,3.10534782608696,3.2545,264,272,0,61,183.276889492754,0,0,,,0,0,0,0,61,61,0,0.354375,219,2.56745833333333,3.02613197346132,3.31370833333333,2.83830454545455,3.18003738471673,2.77878571428571,3.17835119047619,0.319208333333333,258,266,Chinook,AST,2009
BIU,61,61,0,0,0,0,0,1.96043442622951,0.128991727963637,0.0166388658830449,0.650708333333333,1.756,1.90541666666667,1.97141666666667,2.03895833333333,2.13758333333333,264,272,0,61,119.5865,0,0,,,0,0,0,0,61,61,0,0.261666666666667,219,1.56375,1.96729653679654,2.21445833333333,1.80359393939394,2.10403712121212,1.85244642857143,2.07165476190476,0.271,258,266,Chinook,AST,2009
BVC,61,61,0,0,0,0,0,3.28798019125683,0.12755376989075,0.0162699642133424,0.614583333333333,3.09641666666667,3.23041666666667,3.29291666666667,3.35925,3.480625,221,272,0,61,200.566791666667,0,0,,,0,0,0,0,61,61,0,0.234333333333333,219,2.89370833333333,3.29631645021645,3.50829166666667,3.13836590909091,3.42717803030303,3.16294047619048,3.41234523809524,0.275958333333333,215,266,Chinook,AST,2009
CAM,61,61,0,0,0,0,0,1.0011205290611,0.23988477138969,0.0575447035446837,1.11783333333333,0.691541666666667,0.858708333333333,0.980083333333333,1.111,1.42922727272727,220,272,0,61,61.0683522727273,0,0,,,0,0,0,0,61,61,0,0.290916666666667,219,0.422875,0.998118309720583,1.54070833333333,0.81637196969697,1.15559504132231,0.718339285714286,1.42450865800866,0.292333333333333,214,266,Chinook,AST,2009
CHA,61,61,0,0,0,0,0,1.00729113209789,0.148672045796811,0.022103377201409,0.723333333333333,0.755875,0.947791666666667,1.02133333333333,1.09854166666667,1.21904166666667,220,272,0,61,61.444759057971,0,0,,,0,0,0,0,61,61,0,0.290125,219,0.5435,1.0152359872012,1.26683333333333,0.852563636363636,1.15167598814229,0.840678571428571,1.1665119047619,0.272666666666667,214,266,Chinook,AST,2009
CHC,61,61,0,0,0,0,0,0.394725668800739,0.179878565314805,0.0323562982597124,1.139375,0.168083333333333,0.310958333333333,0.376083333333333,0.458833333333333,0.571666666666667,213,272,0,61,24.0782657968451,0,0,,,0,0,0,0,61,61,0,0.225541666666667,219,0.001,0.383236087478053,1.140375,0.229069848484849,0.525023684210526,0.251918207282913,0.619299185463659,0.265458333333333,213,266,Chinook,AST,2009
HER,61,61,0,0,0,0,0,1.69465878042722,0.172932286460119,0.0299055757003248,0.827125,1.42125,1.600375,1.71391666666667,1.80208333333333,1.97645833333333,213,272,0,61,103.374185606061,0,0,,,0,0,0,0,61,61,0,0.28725,219,1.238875,1.69533995474223,2.066,1.51982651515152,1.83626287878788,1.48868452380952,1.87644047619048,0.312541666666667,213,266,Chinook,AST,2009
LAK,61,61,0,0,0,0,0,1.20880131860299,0.202320165629064,0.0409334494201719,1.09858333333333,0.927416666666667,1.092625,1.1845,1.33575,1.56654166666667,220,272,0,61,73.7368804347826,0,0,,,0,0,0,0,61,61,0,0.404958333333334,219,0.6975,1.21618592132505,1.79608333333333,1.0354803030303,1.37932954545455,0.993529761904762,1.54585714285714,0.304166666666666,214,266,Chinook,AST,2009
LOO,61,61,0,0,0,0,0,1.97501453055142,0.175701860751576,0.0308711438715662,0.709541666666667,1.59291666666667,1.89725,2.00129166666667,2.096375,2.22554166666667,222,272,0,61,120.475886363636,0,0,,,0,0,0,0,61,61,0,0.265166666666667,219,1.569375,2.0042449527745,2.27891666666667,1.82029035812672,2.15652424242424,1.76195995670996,2.17872619047619,0.282333333333333,216,266,Chinook,AST,2009
MAR,61,61,0,0,0,0,0,1.14690368852459,0.138009725557428,0.0190466843484366,0.668208333333333,0.923,1.092,1.161625,1.237,1.3475,222,272,0,61,69.961125,0,0,,,0,0,0,0,61,61,0,0.233,219,0.724083333333333,1.15373235930736,1.39229166666667,0.997586363636364,1.28233257575758,0.984083333333333,1.29088095238095,0.256375,216,266,Chinook,AST,2009
SEC,61,61,0,0,0,0,0,0.927670527441197,0.177598419537176,0.0315411986221027,1.05058333333333,0.678208333333333,0.859208333333333,0.930125,0.999666666666667,1.18104166666667,220,272,0,61,56.5879021739131,0,0,,,0,0,0,0,61,61,0,0.57225,219,0.431916666666667,0.939732312252964,1.4825,0.756263636363636,1.11210984848485,0.736779761904762,1.1897619047619,0.308666666666667,214,266,Chinook,AST,2009
STH,61,61,0,0,0,0,0,1.44038319672131,0.139076420093913,0.0193422506261384,0.755916666666667,1.24675,1.34445833333333,1.43416666666667,1.53408333333333,1.66345833333333,213,256,0,61,87.863375,0,0,,,0,0,0,0,61,61,0,0.264833333333333,219,1.09954166666667,1.43360757575758,1.85545833333333,1.27330378787879,1.56450151515152,1.33884523809524,1.57281547619048,0.270791666666667,213,250,Chinook,AST,2009
SUL,61,61,0,0,0,0,0,1.16801639344262,0.132112355354918,0.0174536744374241,0.629125,0.961125,1.10995833333333,1.186,1.249875,1.37570833333333,221,272,0,61,71.249,0,0,,,0,0,0,0,61,61,0,0.299541666666667,219,0.775375,1.17546753246753,1.4045,1.01605681818182,1.30954015151515,1.03404166666667,1.3046130952381,0.272458333333333,215,266,Chinook,AST,2009
VAL,61,61,0,0,0,0,0,1.31412547517225,0.146296858250209,0.0214027707338818,0.739125,1.08704166666667,1.241,1.31908333333333,1.40525,1.56754166666667,213,272,0,61,80.1616539855072,0,0,,,0,0,0,0,61,61,0,0.263916666666667,219,0.895875,1.31703756352343,1.635,1.15601893939394,1.45111590909091,1.15830952380952,1.48265476190476,0.297125,213,266,Chinook,AST,2009
,61,61,0,0,0,0,0,0.899592213114754,0.355819845658602,0.126607762564511,1.23091666666667,0.407333333333333,0.642291666666667,0.790916666666667,1.2375,1.39225,235,240,0,61,54.875125,0,0,,,0,0,0,0,61,61,0,0.3425,219,0.299916666666667,0.886057034632035,1.53083333333333,0.677734090909091,1.11065681818182,0.482880952380952,1.36340476190476,0.383375,229,234,Chinook,AST,2010
BIU,61,61,0,0,0,0,0,1.89203483606557,0.158774560869861,0.0252093611794171,0.643458333333333,1.614,1.78208333333333,1.92554166666667,2.00083333333333,2.121375,235,240,0,61,115.414125,0,0,,,0,0,0,0,61,61,0,0.315041666666666,219,1.50504166666667,1.8786604978355,2.1485,1.70400984848485,2.04944090909091,1.70461904761905,2.04197023809524,0.369166666666667,229,234,Chinook,AST,2010
BVC,61,61,0,0,0,0,0,3.08637295081967,0.145015795241668,0.0210295808695735,0.635291666666667,2.81558333333333,3.00845833333333,3.09129166666667,3.19029166666667,3.291375,245,240,0,61,188.26875,0,0,,,0,0,0,0,61,61,0,0.316666666666666,219,2.7005,3.07698798701299,3.33579166666667,2.8996946969697,3.24217803030303,2.92667261904762,3.19182738095238,0.380458333333333,239,234,Chinook,AST,2010
CAM,61,61,0,0,0,0,0,1.3619520615996,0.168871844184932,0.02851769975842,0.677958333333334,1.051125,1.26695833333333,1.35616666666667,1.49420833333333,1.63554166666667,226,240,0,61,83.0790757575758,0,0,,,0,0,0,0,61,61,0,0.343,219,0.992541666666667,1.36513105076741,1.6705,1.16918181818182,1.55044242424242,1.13857738095238,1.58005952380952,0.389458333333333,220,234,Chinook,AST,2010
CHA,61,61,0,0,0,0,0,0.824184663815633,0.21753559572608,0.0473217354079007,0.828208333333333,0.468583333333333,0.6495,0.82675,0.977666666666667,1.15234782608696,226,240,0,61,50.2752644927536,0,0,,,0,0,0,0,61,61,0,0.355083333333333,219,0.360083333333333,0.811233705063053,1.18829166666667,0.629656818181818,1.00105638998682,0.560863095238095,1.09014285714286,0.352889492753623,220,234,Chinook,AST,2010
HER,61,61,0,0,0,0,0,1.46044550368259,0.202325904233963,0.0409357715240906,0.788541666666667,1.14683333333333,1.30408333333333,1.5035,1.62966666666667,1.72521739130435,226,240,0,61,89.0871757246377,0,0,,,0,0,0,0,61,61,0,0.30375,219,0.979583333333333,1.44460048936571,1.768125,1.24648712121212,1.63180622529644,1.22777380952381,1.69968581780538,0.365458333333333,220,234,Chinook,AST,2010
LAK,61,61,0,0,0,0,0,1.13259904371585,0.155340263869131,0.0241305975789314,0.682458333333333,0.842,1.025875,1.142125,1.24058333333333,1.34633333333333,245,240,0,61,69.0885416666667,0,0,,,0,0,0,0,61,61,0,0.318,219,0.77475,1.12312932900433,1.45720833333333,0.941638636363636,1.30848333333333,0.929529761904762,1.24760714285714,0.422833333333333,239,234,Chinook,AST,2010
LOO,61,61,0,0,0,0,0,2.26125810762651,0.181331714502644,0.0328811906844683,0.749583333333334,1.94366666666667,2.13,2.27929166666667,2.39886956521739,2.53758333333333,214,240,0,61,137.936744565217,0,0,,,0,0,0,0,61,61,0,0.308041666666667,219,1.84058333333333,2.24590444664032,2.59016666666667,2.06300833333333,2.41608939393939,2.03911904761905,2.50422619047619,0.380833333333333,213,234,Chinook,AST,2010
MAR,61,61,0,0,0,0,0,0.907313524590164,0.154972537256187,0.0240164873036202,0.628916666666667,0.605541666666667,0.814583333333333,0.9255,1.015875,1.099125,235,240,0,61,55.346125,0,0,,,0,0,0,0,61,61,0,0.292291666666667,219,0.510125,0.89693658008658,1.13904166666667,0.71359696969697,1.05980984848485,0.711083333333333,1.03483333333333,0.34825,229,234,Chinook,AST,2010
SFS,61,61,0,0,0,0,0,0.929575136612022,0.295706384520263,0.0874422658460458,1.00625,0.4535,0.640791666666667,1.00745833333333,1.148125,1.30025,235,222,0,61,56.7040833333333,0,0,,,0,0,0,0,61,61,0,0.375958333333333,219,0.42925,0.935346861471862,1.4355,0.740200757575758,1.12736136363636,0.463166666666667,1.19867857142857,0.401916666666667,229,216,Chinook,AST,2010
STH,61,61,0,0,0,0,0,1.30540710382514,0.157524800258181,0.0248140626963798,0.667375,0.999291666666667,1.23154166666667,1.33620833333333,1.427,1.51870833333333,268,240,0,61,79.6298333333333,0,0,,,0,0,0,0,61,61,0,0.31575,219,0.885541666666667,1.2911829004329,1.55291666666667,1.11481515151515,1.453175,1.1295119047619,1.46304166666667,0.351583333333333,262,234,Chinook,AST,2010
SUL,61,61,0,0,0,0,0,1.10200614754098,0.152679806877049,0.0233111234280131,0.630458333333333,0.783875,1.00079166666667,1.11775,1.21629166666667,1.29975,268,240,0,61,67.222375,0,0,,,0,0,0,0,61,61,0,0.36475,219,0.733583333333333,1.08926525974026,1.36404166666667,0.908196212121212,1.26426212121212,0.936166666666667,1.23217261904762,0.386791666666667,262,234,Chinook,AST,2010
VAL,61,61,0,0,0,0,0,1.10025478142077,0.159250752240062,0.0253608020890255,0.68125,0.772666666666667,1.02225,1.13745833333333,1.21983333333333,1.30733333333333,245,240,0,61,67.1155416666667,0,0,,,0,0,0,0,61,61,0,0.323875,219,0.646958333333333,1.08873961038961,1.32820833333333,0.897508333333333,1.26032272727273,0.929035714285714,1.2308630952381,0.357,239,234,Chinook,AST,2010
,61,61,0,0,0,0,0,0.921219945355191,0.114900109377252,0.0132020351349044,0.445416666666667,0.743291666666667,0.840708333333333,0.933708333333333,0.996583333333333,1.08004166666667,250,243,0,61,56.1944166666667,0,0,,,0,0,0,0,61,61,0,0.243458333333333,219,0.712833333333333,0.916721645021645,1.15825,0.785059848484849,1.01723484848485,0.782416666666667,1.05950595238095,0.229041666666667,244,237,Chinook,AST,2011
BIL,61,61,0,0,0,0,0,3.43820355191257,0.146188143593971,0.0213709733274514,0.64025,3.236375,3.3175,3.46279166666667,3.52708333333333,3.6855,213,242,0,61,209.730416666667,0,0,,,0,0,0,0,61,61,0,0.281083333333333,219,3.09883333333333,3.42777316017316,3.73908333333333,3.28930833333333,3.54577196969697,3.21807738095238,3.6290119047619,0.249291666666667,213,236,Chinook,AST,2011
BIU,61,61,0,0,0,0,0,1.90576639344262,0.188446982560176,0.0355122652360352,0.824625,1.61270833333333,1.80445833333333,1.856125,2.01283333333333,2.268625,213,243,0,61,116.25175,0,0,,,0,0,0,0,61,61,0,0.230708333333333,219,1.54270833333333,1.89149274891775,2.36733333333333,1.76465909090909,1.99636060606061,1.73460714285714,2.26673214285714,0.2395,213,237,Chinook,AST,2011
CAM,61,61,0,0,0,0,0,2.18066734972678,0.171912755026964,0.0295539953409608,0.836041666666667,1.93329166666667,2.078875,2.18033333333333,2.27475,2.466375,213,268,0,61,133.020708333333,0,0,,,0,0,0,0,61,61,0,0.253166666666667,219,1.83004166666667,2.16948246753247,2.66608333333333,2.03980151515152,2.27557954545455,1.99318452380952,2.49399404761905,0.24275,213,262,Chinook,AST,2011
CHA,61,61,0,0,0,0,0,0.34385025324521,0.103048664627835,0.0106190272815801,0.526958333333333,0.115208333333333,0.305375,0.338958333333333,0.408666666666667,0.508208333333333,213,243,0,61,20.9748654479578,0,0,,,0,0,0,0,61,61,0,0.245583333333333,219,0.0685,0.336745605547285,0.595458333333333,0.215106129476584,0.429671212121212,0.24552380952381,0.49477380952381,0.225,213,237,Chinook,AST,2011
CHC,61,61,0,0,0,0,0,0.00354713114754098,0.000396780694528726,1.57434919550698e-07,0.001875,0.00295833333333333,0.00320833333333333,0.00358333333333333,0.00383333333333333,0.00408333333333333,237,260,0,61,0.216375,0,0,,,0,0,0,0,61,61,0,0.000583333333333333,219,0.00275,0.00356298701298701,0.004625,0.00331287878787879,0.00382272727272727,0.00302380952380952,0.00414285714285714,0.000416666666666666,231,254,Chinook,AST,2011
HER,61,61,0,0,0,0,0,1.48670975885008,0.219656717605301,0.0482490735891351,1.00733333333333,1.183875,1.3565,1.44266666666667,1.571375,1.953,214,243,0,61,90.6892952898551,0,0,,,0,0,0,0,61,61,0,0.224708333333333,219,1.05341666666667,1.46768772821382,2.06075,1.31136030961792,1.59545075757576,1.27351785714286,1.96695833333333,0.259625,213,237,Chinook,AST,2011
LAK,61,61,0,0,0,0,0,1.23499528067561,0.228998897981941,0.0524404952769436,0.956083333333333,0.930791666666667,1.09229166666667,1.17483333333333,1.41970833333333,1.64716666666667,213,268,0,61,75.3347121212121,0,0,,,0,0,0,0,61,61,0,0.227833333333333,219,0.837333333333333,1.22071056670602,1.79341666666667,1.08779400826446,1.32438946280992,1.00104166666667,1.6571130952381,0.233291666666667,213,262,Chinook,AST,2011
MAR,61,61,0,0,0,0,0,1.25559289617486,0.118618602350958,0.0140703728236946,0.616458333333333,1.05454166666667,1.20266666666667,1.26354166666667,1.31270833333333,1.43475,214,243,0,61,76.5911666666667,0,0,,,0,0,0,0,61,61,0,0.183333333333333,219,0.954166666666667,1.24774653679654,1.570625,1.13546136363636,1.34335454545455,1.13546428571429,1.45507142857143,0.201708333333333,213,237,Chinook,AST,2011
SEC,61,61,0,0,0,0,0,1.30310587431694,0.281960862505053,0.0795019279845932,1.27675,0.975166666666667,1.128375,1.2225,1.487875,1.817125,213,268,0,61,79.4894583333333,0,0,,,0,0,0,0,61,61,0,0.236708333333333,219,0.858166666666667,1.28006742424242,2.13491666666667,1.13916818181818,1.39592045454545,1.02197619047619,1.87895238095238,0.275375,213,262,Chinook,AST,2011
SFS,61,61,0,0,0,0,0,1.31243920765027,0.120857096220352,0.0146064377068154,0.568,1.07783333333333,1.25970833333333,1.31229166666667,1.37408333333333,1.51733333333333,213,243,0,61,80.0587916666667,0,0,,,0,0,0,0,61,61,0,0.230416666666667,219,1.02083333333333,1.30548192640693,1.58883333333333,1.182925,1.40225681818182,1.18505952380952,1.51247619047619,0.207583333333333,213,237,Chinook,AST,2011
STH,61,61,0,0,0,0,0,1.56352049180328,0.134022945283408,0.0179621498624393,0.703083333333333,1.333375,1.49933333333333,1.55591666666667,1.6415,1.79695833333333,214,243,0,61,95.37475,0,0,,,0,0,0,0,61,61,0,0.18975,219,1.2215,1.54889123376623,1.92458333333333,1.42313636363636,1.65334924242424,1.40949404761905,1.81017261904762,0.236125,213,237,Chinook,AST,2011
SUL,61,61,0,0,0,0,0,0.761461065573771,0.0907507846323762,0.00823570491139192,0.464958333333333,0.597875,0.707666666666667,0.770666666666667,0.820666666666667,0.901041666666667,250,243,0,61,46.449125,0,0,,,0,0,0,0,61,61,0,0.207916666666667,219,0.50075,0.756333766233766,0.965708333333333,0.638507575757576,0.853916666666667,0.695505952380952,0.860351190476191,0.211041666666667,244,237,Chinook,AST,2011
VAL,61,61,0,0,0,0,0,1.29383401639344,0.177127760193705,0.0313742434312386,0.872166666666667,1.04283333333333,1.19025,1.27704166666667,1.378875,1.645,214,243,0,61,78.923875,0,0,,,0,0,0,0,61,61,0,0.194291666666667,219,0.93175,1.27892727272727,1.80391666666667,1.15351439393939,1.38297045454545,1.12471428571429,1.66083333333333,0.232625,213,237,Chinook,AST,2011
,61,61,0,0,0,0,0,0.74050956284153,0.283228851793115,0.0802185824880464,1.03141666666667,0.116291666666667,0.72425,0.830208333333333,0.920083333333333,0.991666666666667,257,269,0,61,45.1710833333333,0,0,,,0,0,0,0,61,61,0,0.179875,220,0.072875,0.759787121212121,1.10429166666667,0.634870454545455,0.88876893939394,0.114666666666667,0.975327380952381,0.179833333333333,251,263,Chinook,AST,2012
BIU,61,61,0,0,0,0,0,1.64178210382514,0.0816989662577409,0.00667472108758349,0.408083333333333,1.52525,1.586,1.63929166666667,1.69279166666667,1.766125,257,254,0,61,100.148708333333,0,0,,,0,0,0,0,61,61,0,0.181583333333333,220,1.47008333333333,1.6396038961039,1.87816666666667,1.55322348484849,1.72560984848485,1.55357738095238,1.74429166666667,0.135875,251,248,Chinook,AST,2012
BVC,61,61,0,0,0,0,0,3.08006781420765,0.0798474809243066,0.0063756202099575,0.379458333333333,2.96245833333333,3.02354166666667,3.08483333333333,3.13220833333333,3.20391666666667,257,244,0,61,187.884136666667,0,0,,,0,0,0,0,61,61,0,0.177208333333334,220,2.92908333333333,3.07650378354978,3.30854166666667,2.99025981818182,3.16304621212121,2.99271428571429,3.17244047619048,0.15575,251,238,Chinook,AST,2012
CAM,61,61,0,0,0,0,0,2.22856898907104,0.102424508922823,0.0104907800280814,0.45575,2.10125,2.16216666666667,2.21104166666667,2.29083333333333,2.425625,257,254,0,61,135.942708333333,0,0,,,0,0,0,0,61,61,0,0.226583333333333,220,2.0045,2.22720064935065,2.46025,2.13150757575758,2.32046212121212,2.12809523809524,2.39830357142857,0.160708333333333,251,248,Chinook,AST,2012
CHA,61,61,0,0,0,0,0,0.653617970036866,0.334708325792604,0.112029663354888,1.067625,0.122166666666667,0.246875,0.807708333333333,0.885875,1.00679166666667,257,228,0,61,39.8706961722488,0,0,,,0,0,0,0,61,61,0,0.491424242424242,220,0.0574583333333333,0.662225861140454,1.12508333333333,0.541657354646948,0.782262258953168,0.113098370927318,0.994714285714286,0.176916666666667,251,222,Chinook,AST,2012
HER,61,61,0,0,0,0,0,1.2671703492516,0.130125403985278,0.0169326207623319,0.589833333333333,1.11570833333333,1.18104166666667,1.22966666666667,1.33508333333333,1.51695833333333,220,254,0,61,77.2973913043478,0,0,,,0,0,0,0,61,61,0,0.2155,220,1.0165,1.25909735554301,1.60633333333333,1.15598409090909,1.35859545454545,1.13991071428571,1.52342494824017,0.153833333333333,214,248,Chinook,AST,2012
LAK,61,61,0,0,0,0,0,1.00361270491803,0.133999012387586,0.0179557353208485,0.535,0.822708333333333,0.902541666666667,0.983666666666667,1.08741666666667,1.228875,219,244,0,61,61.220375,0,0,,,0,0,0,0,61,61,0,0.171833333333333,220,0.770625,0.993440909090909,1.305625,0.902268939393939,1.08616212121212,0.854416666666667,1.24491071428571,0.169,214,238,Chinook,AST,2012
MAR,61,61,0,0,0,0,0,1.46293920765027,0.0986934286428351,0.00974039285727838,0.414833333333333,1.34095833333333,1.38295833333333,1.45379166666667,1.52916666666667,1.64691666666667,219,254,0,61,89.2392916666667,0,0,,,0,0,0,0,61,61,0,0.177458333333333,220,1.27183333333333,1.45760465367965,1.68666666666667,1.3691053030303,1.54209242424242,1.37032738095238,1.62332142857143,0.150416666666667,214,248,Chinook,AST,2012
SEC,61,61,0,0,0,0,0,0.857647540983607,0.122886418258746,0.0151010717924636,0.494208333333333,0.70225,0.766125,0.838583333333333,0.9265,1.06975,219,254,0,61,52.3165,0,0,,,0,0,0,0,61,61,0,0.176458333333333,220,0.648125,0.847656060606061,1.14233333333333,0.756790151515152,0.940553787878788,0.734446428571429,1.08649404761905,0.166041666666667,214,248,Chinook,AST,2012
STH,61,61,0,0,0,0,0,1.44598770491803,0.0902582378461338,0.00814654949908925,0.385833333333333,1.31833333333333,1.38508333333333,1.44208333333333,1.5045,1.61279166666667,257,254,0,61,88.20525,0,0,,,0,0,0,0,61,61,0,0.181958333333333,220,1.25733333333333,1.44045411255411,1.64316666666667,1.35137575757576,1.52632878787879,1.35025,1.57116666666667,0.154666666666667,251,248,Chinook,AST,2012
VAL,61,61,0,0,0,0,0,1.48458879781421,0.10931650855985,0.0119500990437158,0.43125,1.33283333333333,1.41316666666667,1.477625,1.543875,1.68870833333333,219,254,0,61,90.5599166666667,0,0,,,0,0,0,0,61,61,0,0.181041666666667,220,1.28804166666667,1.47692673160173,1.71929166666667,1.38655984848485,1.5682553030303,1.37357738095238,1.66032738095238,0.167791666666667,214,248,Chinook,AST,2012
BIU,61,61,0,0,0,0,0,1.48004781420765,0.208844600132256,0.043616067004402,1.70079166666667,1.19320833333333,1.41883333333333,1.49058333333333,1.52729166666667,1.57216666666667,273,268,0,61,90.2829166666667,0,0,,,0,0,0,0,61,61,0,1.06429166666667,219,1.136875,1.45504145021645,2.83766666666667,1.36229090909091,1.56778939393939,1.24079761904762,1.59632738095238,0.123,267,262,Chinook,AST,2013
BVC,61,61,0,0,0,0,0,2.99973987289142,0.164263488771782,0.0269824937434775,1.29520833333333,2.721625,2.96108333333333,3.01233333333333,3.06295833333333,3.101,273,265,0,61,182.984132246377,0,0,,,0,0,0,0,61,61,0,0.897,219,2.6825,2.9853526209298,3.97770833333333,2.89745998023715,3.08825543478261,2.77167857142857,3.06644047619048,0.135875,267,259,Chinook,AST,2013
CAM,61,61,0,0,0,0,0,1.84972404371585,0.13533733940686,0.0183161954377277,0.769958333333334,1.52108333333333,1.79083333333333,1.876125,1.919625,2.00008333333333,273,264,0,61,112.833166666667,0,0,,,0,0,0,0,61,61,0,0.472208333333334,219,1.46604166666667,1.84100800865801,2.236,1.73670757575758,1.94729318181818,1.60208928571429,1.95051785714286,0.142583333333334,267,258,Chinook,AST,2013
CHA,61,61,0,0,0,0,0,0.441387324780233,0.14174798517417,0.0200924913009368,0.818208333333333,0.143458333333333,0.360166666666667,0.468958333333333,0.523958333333333,0.639833333333333,273,264,0,61,26.9246268115942,0,0,,,0,0,0,0,61,61,0,0.400291666666667,219,0.0993333333333333,0.426360314323358,0.917541666666667,0.31973942687747,0.537906093544137,0.213363095238095,0.585761904761905,0.155666666666667,267,258,Chinook,AST,2013
HER,61,61,0,0,0,0,0,1.19000273224044,0.12791757280462,0.0163629054322253,0.65725,1.00475,1.14633333333333,1.198625,1.2645,1.38320833333333,247,265,0,61,72.5901666666667,0,0,,,0,0,0,0,61,61,0,0.249375,219,0.777416666666667,1.17576872294372,1.43466666666667,1.05859621212121,1.29141590909091,0.974333333333333,1.30264285714286,0.180833333333333,241,259,Chinook,AST,2013
LAK,61,61,0,0,0,0,0,0.889401639344262,0.195153860838174,0.0380850294000455,0.977166666666667,0.603833333333333,0.768875,0.853166666666667,1.020875,1.210125,273,264,0,61,54.2535,0,0,,,0,0,0,0,61,61,0,0.403916666666667,219,0.443125,0.862642532467532,1.42029166666667,0.760211363636364,0.974759848484848,0.601059523809524,1.14392261904762,0.163666666666667,267,258,Chinook,AST,2013
LOO,61,61,0,0,0,0,0,1.40044808743169,0.179186329614784,0.0321077407208182,1.39729166666667,1.05658333333333,1.34975,1.45066666666667,1.49016666666667,1.547375,273,213,0,61,85.4273333333333,0,0,,,0,0,0,0,61,61,0,0.93375,219,0.608166666666667,1.40014069264069,2.00545833333333,1.29230227272727,1.50015454545455,1.15126785714286,1.517375,0.135166666666667,267,213,Chinook,AST,2013
MAR,61,61,0,0,0,0,0,0.591681033607637,0.2204823274583,0.0486124567214291,1.51071666666667,0.1035,0.560416666666667,0.646416666666667,0.693333333333333,0.7435,273,213,0,61,36.0925430500659,0,0,,,0,0,0,0,61,61,0,0.678958333333333,219,0.0352,0.601253666136235,1.54591666666667,0.481906843334531,0.719619696969697,0.271934721437982,0.709119047619048,0.154541666666667,267,213,Chinook,AST,2013
SFS,61,61,0,0,0,0,0,1.20035792349727,0.234734870432196,0.05510045939682,1.7445,0.960583333333333,1.07625,1.17404166666667,1.30258333333333,1.42720833333333,273,264,0,61,73.2218333333333,0,0,,,0,0,0,0,61,61,0,0.871125,219,0.787875,1.16442283549784,2.532375,1.05949924242424,1.2957446969697,0.952440476190476,1.38085714285714,0.165083333333333,267,258,Chinook,AST,2013
STH,61,61,4,0.0655737704918033,4,0.0655737704918033,0.131147540983607,1.56813450292398,0.106118808191482,0.0112612014519806,0.727125,1.3418,1.54483333333333,1.57354166666667,1.61895833333333,1.67656666666667,273,268,0,57,89.3836666666667,0,0,,,0,0,0,0,57,57,0,0.378333333333333,223,1.26179166666667,1.56097393578644,1.98891666666667,1.46974090909091,1.6523053030303,1.41232738095238,1.63885119047619,0.131375,267,262,Chinook,AST,2013
VAL,61,61,3,0.0491803278688525,3,0.0491803278688525,0.0983606557377049,0.941786781609195,0.220369370101283,0.0485626592788365,1.78070833333333,0.685185416666667,0.887604166666667,0.940083333333333,0.978547916666667,1.02571875,273,265,0,58,54.6236333333333,0,0,,,0,0,0,0,58,58,0,1.173625,222,0.622666666666667,0.916455946608947,2.403375,0.815159090909091,1.02834015151515,0.739315476190476,1.10641666666667,0.148458333333333,267,259,Chinook,AST,2013
BIU,61,61,0,0,0,0,0,1.51592667498218,0.13352687809937,0.017829427174964,0.491027173913043,1.32191666666667,1.43833333333333,1.51216666666667,1.616,1.726,226,268,0,61,92.4715271739131,0,0,,,0,0,0,0,61,61,0,0.202166666666667,219,1.252625,1.51791553736119,1.74365217391304,1.39986212121212,1.63158376152833,1.31852976190476,1.68896816770186,0.271541666666667,220,262,Chinook,AST,2014
BVC,61,61,0,0,0,0,0,3.03896243169399,0.128217339739114,0.0164396862097754,0.57675,2.8485,2.959125,3.03183333333333,3.13933333333333,3.24475,226,270,0,61,185.376708333333,0,0,,,0,0,0,0,61,61,0,0.25075,219,2.82791666666667,3.03691385281385,3.40466666666667,2.91816818181818,3.1549696969697,2.90591071428571,3.23566071428571,0.231625,220,264,Chinook,AST,2014
CAM,61,61,6,0.0983606557377049,6,0.0983606557377049,0.19672131147541,3.01941184573003,0.126032494000706,0.0158841895440381,0.57675,2.8455125,2.92654166666667,2.997,3.09041666666667,3.23075,226,270,0,55,166.067651515152,0,0,,,0,0,0,0,55,55,0,0.256681818181818,225,2.82791666666667,3.02444354617605,3.40466666666667,2.89207004132231,3.14603987603306,2.86481818181818,3.23566071428571,0.243041666666667,220,264,Chinook,AST,2014
CHA,61,61,0,0,0,0,0,0.684030143739606,0.133909451594955,0.0179317412264616,0.503166666666667,0.47775,0.584130434782609,0.674083333333333,0.789208333333333,0.896958333333333,227,261,0,61,41.7258387681159,0,0,,,0,0,0,0,61,61,0,0.206166666666667,219,0.440916666666667,0.682583323922454,0.944083333333333,0.560446310935441,0.804256060606061,0.526958333333333,0.872321428571429,0.275791666666667,221,255,Chinook,AST,2014
HER,61,61,0,0,0,0,0,1.18559289617486,0.175917135834392,0.0309468386801761,0.635333333333333,0.922041666666667,1.04354166666667,1.14833333333333,1.32283333333333,1.49354166666667,222,261,0,61,72.3211666666667,0,0,,,0,0,0,0,61,61,0,0.2155,219,0.8945,1.17038106060606,1.52983333333333,1.025575,1.2936553030303,1.0223630952381,1.44605952380952,0.285916666666667,216,255,Chinook,AST,2014
LAK,61,61,0,0,0,0,0,0.869170765027322,0.132154745351934,0.0174648767190346,0.488583333333333,0.673916666666667,0.766458333333333,0.8555,0.980375,1.07233333333333,213,268,0,61,53.0194166666667,0,0,,,0,0,0,0,61,61,0,0.188,219,0.627166666666667,0.865119372294372,1.11575,0.747401515151515,0.97460303030303,0.711559523809524,1.03470238095238,0.252333333333333,213,262,Chinook,AST,2014
LOO,61,61,0,0,0,0,0,1.17518237704918,0.143375537464671,0.0205565447432832,0.510125,0.961291666666667,1.072125,1.17791666666667,1.30975,1.37308333333333,213,268,0,61,71.686125,0,0,,,0,0,0,0,61,61,0,0.231791666666667,219,0.917583333333333,1.17505227272727,1.42770833333333,1.0560053030303,1.28201136363636,0.978910714285714,1.36009523809524,0.254958333333333,213,262,Chinook,AST,2014
MAR,61,61,0,0,0,0,0,0.569158469945355,0.19523137608866,0.0381152902094718,0.727125,0.320583333333333,0.436958333333333,0.509708333333333,0.671291666666667,0.946125,213,270,0,61,34.7186666666667,0,0,,,0,0,0,0,61,61,0,0.17225,219,0.2955,0.559587770562771,1.022625,0.438692424242424,0.665682575757576,0.355357142857143,0.940744047619048,0.23325,213,264,Chinook,AST,2014
SEC,61,61,0,0,0,0,0,0.707609972677596,0.416914609078971,0.173817791263471,1.23391666666667,0.327166666666667,0.432458333333333,0.507208333333333,1.108375,1.45645833333333,213,261,0,61,43.1642083333333,0,0,,,0,0,0,0,61,61,0,0.194416666666667,219,0.267833333333333,0.685222077922078,1.50175,0.526296212121212,0.837770454545455,0.354446428571429,1.40383928571429,0.27975,213,255,Chinook,AST,2014
SFS,61,61,0,0,0,0,0,1.24531557377049,0.12881388213336,0.0165930162302672,0.555666666666667,1.04920833333333,1.16666666666667,1.25654166666667,1.34216666666667,1.41091666666667,226,268,0,61,75.96425,0,0,,,0,0,0,0,61,61,0,0.263208333333333,219,1.00029166666667,1.24236850649351,1.55595833333333,1.11733409090909,1.3781303030303,1.09116071428571,1.41199404761905,0.267291666666667,220,262,Chinook,AST,2014
STH,61,61,0,0,0,0,0,1.5428674863388,0.167232419200717,0.0279666820317244,0.674458333333333,1.3425,1.42879166666667,1.50541666666667,1.60758333333333,1.85008333333333,213,246,0,61,94.1149166666667,0,0,,,0,0,0,0,61,61,0,0.174333333333333,219,1.28654166666667,1.53123885281385,1.961,1.41553333333333,1.63510454545455,1.39675595238095,1.87269047619048,0.248125,213,240,Chinook,AST,2014
SUL,61,61,12,0.19672131147541,12,0.19672131147541,0.39344262295082,0.768309073629452,0.11585570173651,0.0134225436248591,0.52425,0.603533333333333,0.6845,0.757916666666667,0.835958333333333,0.96035,226,261,0,49,37.6471446078431,0,0,,,0,0,0,0,49,49,0,0.176,231,0.580416666666667,0.787353732326264,1.10466666666667,,,0.660559523809524,1.02450980392157,0.248916666666667,220,255,Chinook,AST,2014
VAL,61,61,0,0,0,0,0,1.24782308743169,0.170233963060112,0.0289796021791515,0.587416666666667,1.01104166666667,1.115875,1.21904166666667,1.40454166666667,1.53058333333333,226,268,0,61,76.1172083333333,0,0,,,0,0,0,0,61,61,0,0.253,219,0.97225,1.24322391774892,1.55966666666667,1.11931212121212,1.36289166666667,1.06902976190476,1.50935714285714,0.248333333333333,220,262,Chinook,AST,2014
BIU,61,61,0,0,0,0,0,1.30834153005464,0.124765672914117,0.0155664731377125,0.566125,1.07154166666667,1.229875,1.34625,1.390125,1.47820833333333,213,257,0,61,79.8088333333334,0,0,,,0,0,0,0,61,61,0,0.249166666666667,219,0.9525,1.30351168831169,1.518625,1.16376060606061,1.41515075757576,1.14510119047619,1.44735119047619,0.233458333333333,213,251,Chinook,AST,2015
BVC,61,61,0,0,0,0,0,2.90968715846995,0.107972090717988,0.0116579723740134,0.531541666666667,2.69166666666667,2.85975,2.93866666666667,2.98070833333333,3.04541666666667,261,257,0,61,177.490916666667,0,0,,,0,0,0,0,61,61,0,0.191125,219,2.61116666666667,2.90631439393939,3.14270833333333,2.76991590909091,3.01908863636364,2.74513690476191,2.98838095238095,0.223041666666667,255,251,Chinook,AST,2015
CAM,61,61,0,0,0,0,0,2.11939480874317,0.400142220203353,0.160113796389268,1.44245833333333,1.71804166666667,1.87670833333333,2.00929166666667,2.07770833333333,2.98070833333333,213,257,0,61,129.283083333333,0,0,,,0,0,0,0,61,61,0,0.280791666666667,219,1.61220833333333,2.08323733766234,3.05466666666667,1.89513939393939,2.24506742424242,1.79327380952381,2.95582142857143,0.289875,213,251,Chinook,AST,2015
CHA,61,61,0,0,0,0,0,0.532926734378712,0.111467950128345,0.0124251039058151,0.530291666666667,0.330739130434783,0.483541666666667,0.55925,0.613875,0.663166666666667,261,257,0,61,32.5085307971015,0,0,,,0,0,0,0,61,61,0,0.266344202898551,219,0.190583333333333,0.531308243929983,0.720875,0.385524374176548,0.644894696969697,0.383940476190476,0.646065476190476,0.232833333333333,255,251,Chinook,AST,2015
HER,61,61,0,0,0,0,0,1.40172745901639,0.123842988252153,0.0153370857392228,0.524833333333333,1.16595833333333,1.32858333333333,1.435375,1.480875,1.556125,221,257,0,61,85.505375,0,0,,,0,0,0,0,61,61,0,0.233208333333333,219,1.074,1.39795963203463,1.59883333333333,1.24526287878788,1.52515681818182,1.24036904761905,1.52550595238095,0.27025,215,251,Chinook,AST,2015
LAK,61,61,0,0,0,0,0,0.552824453551913,0.124159699449093,0.015415630967289,0.699458333333333,0.333583333333333,0.490375,0.557208333333333,0.62825,0.743541666666667,213,257,0,61,33.7222916666667,0,0,,,0,0,0,0,61,61,0,0.248,219,0.209083333333333,0.542759848484849,0.908541666666667,0.395671212121212,0.653790909090909,0.393053571428571,0.693517857142857,0.232291666666667,213,251,Chinook,AST,2015
LOO,61,61,0,0,0,0,0,1.17004713114754,0.1270775209225,0.0161486963238084,0.563875,0.92925,1.07879166666667,1.20991666666667,1.25091666666667,1.33829166666667,225,257,0,61,71.372875,0,0,,,0,0,0,0,61,61,0,0.245333333333333,219,0.818208333333333,1.16716038961039,1.38208333333333,1.02743560606061,1.28573181818182,1.0011369047619,1.32294047619048,0.230291666666667,219,251,Chinook,AST,2015
MAR,61,61,0,0,0,0,0,0.368169248101625,0.111775337882768,0.012493726158807,0.523119047619048,0.142666666666667,0.314041666666667,0.39725,0.447,0.504833333333333,261,257,0,61,22.4583241341991,0,0,,,0,0,0,0,61,61,0,0.190083333333333,219,0.0620476190476191,0.365840850059032,0.585166666666667,0.228975482093664,0.480905303030303,0.197982142857143,0.475321428571429,0.219166666666667,255,251,Chinook,AST,2015
SEC,61,61,0,0,0,0,0,0.343191553813257,0.106638998128068,0.0113718759217581,0.516416666666667,0.161666666666667,0.293125,0.361166666666667,0.422291666666667,0.483416666666667,261,257,0,61,20.9346847826087,0,0,,,0,0,0,0,61,61,0,0.224625,219,0.0325,0.342287883493318,0.548916666666667,0.201241996047431,0.454175757575758,0.194279761904762,0.462910714285714,0.2215,255,251,Chinook,AST,2015
SFS,61,61,0,0,0,0,0,1.18698907103825,0.116566658252122,0.0135877858160671,0.690125,0.967333333333333,1.14154166666667,1.19570833333333,1.252125,1.33116666666667,261,257,0,61,72.4063333333333,0,0,,,0,0,0,0,61,61,0,0.28475,219,0.850416666666667,1.18538474025974,1.54054166666667,1.03571515151515,1.30614696969697,1.01975,1.2923630952381,0.221833333333333,255,251,Chinook,AST,2015
STH,61,61,0,0,0,0,0,1.31205327868852,0.108461608119326,0.0117639204358303,0.438833333333333,1.07875,1.25708333333333,1.335,1.389625,1.44533333333333,254,257,0,61,80.03525,0,0,,,0,0,0,0,61,61,0,0.187208333333333,219,1.02645833333333,1.30907402597403,1.46529166666667,1.17492954545455,1.421725,1.15078571428571,1.41384523809524,0.225083333333333,248,251,Chinook,AST,2015
SUL,61,61,0,0,0,0,0,0.52077868852459,0.106434415268414,0.0113282847535291,0.50775,0.306333333333333,0.468416666666667,0.541791666666667,0.598875,0.649,261,257,0,61,31.7675,0,0,,,0,0,0,0,61,61,0,0.204833333333333,219,0.212416666666667,0.519086796536797,0.720166666666667,0.380782575757576,0.630986363636364,0.36164880952381,0.608535714285714,0.220833333333333,255,251,Chinook,AST,2015
VAL,61,61,0,0,0,0,0,0.786989754098361,0.119523895084962,0.0142859614962811,0.596333333333333,0.54025,0.728,0.80475,0.856416666666667,0.958833333333333,261,257,0,61,48.006375,0,0,,,0,0,0,0,61,61,0,0.190166666666667,219,0.489125,0.784476948051948,1.08545833333333,0.638236363636364,0.907858333333333,0.607255952380952,0.912202380952381,0.240833333333333,255,251,Chinook,AST,2015
,61,61,0,0,0,0,0,1.09716702304585,0.125616555104261,0.0157795189162619,0.673708333333333,0.882291666666667,1.01908333333333,1.08483333333333,1.15941666666667,1.31704166666667,269,248,0,61,66.9271884057971,0,0,,,0,0,0,0,61,61,0,0.234333333333333,220,0.813875,1.09067961603614,1.48758333333333,0.972834090909091,1.22841445981555,0.920416666666667,1.23524404761905,0.23825,263,242,Chinook,AST,2016
BIU,61,61,0,0,0,0,0,1.46707513661202,0.121358120421924,0.0147277933923421,0.583333333333333,1.28608333333333,1.3835,1.46129166666667,1.54579166666667,1.67179166666667,269,248,0,61,89.4915833333334,0,0,,,0,0,0,0,61,61,0,0.251833333333333,220,1.240625,1.46894891774892,1.82395833333333,1.3385446969697,1.61691590909091,1.34018452380952,1.596375,0.247791666666667,263,242,Chinook,AST,2016
BVC,61,61,0,0,0,0,0,3.0001912568306,0.110836597272598,0.0122847512949681,0.594791666666667,2.84916666666667,2.920875,3.01833333333333,3.05379166666667,3.159,269,248,0,61,183.011666666667,0,0,,,0,0,0,0,61,61,0,0.238125,220,2.75075,2.99442045454545,3.34554166666667,2.86354318181818,3.13327348484849,2.88245238095238,3.13632142857143,0.26575,263,242,Chinook,AST,2016
CHA,61,61,0,0,0,0,0,0.422291757921337,0.23546907521302,0.0554456853816747,0.810666666666667,0.0846363636363636,0.222375,0.33775,0.671416666666667,0.773416666666667,225,248,0,61,25.7597972332016,0,0,,,0,0,0,0,61,61,0,0.238791666666667,220,0.0315,0.41084555575518,0.842166666666667,0.276570661157025,0.570931258234519,0.11961829004329,0.753565476190476,0.255208333333333,219,242,Chinook,AST,2016
LOO,61,61,0,0,0,0,0,1.11500273224044,0.1152072003332,0.0132726990086141,0.594416666666667,0.959708333333333,1.0285,1.11779166666667,1.19954166666667,1.29316666666667,269,248,0,61,68.0151666666667,0,0,,,0,0,0,0,61,61,0,0.226916666666667,220,0.849125,1.10816991341991,1.44354166666667,0.976863636363636,1.25382651515152,0.980875,1.21898214285714,0.234416666666667,263,242,Chinook,AST,2016
MAR,61,61,0,0,0,0,0,0.483465846994536,0.110841161614778,0.0122857631081132,0.583541666666667,0.317583333333333,0.389125,0.492833333333333,0.560041666666667,0.639291666666667,269,248,0,61,29.4914166666667,0,0,,,0,0,0,0,61,61,0,0.224041666666667,220,0.212916666666667,0.476409848484849,0.796458333333333,0.346600757575758,0.611053787878788,0.341565476190476,0.599255952380952,0.251791666666667,263,242,Chinook,AST,2016
SEC,61,61,0,0,0,0,0,0.384632513661202,0.129154609318109,0.0166809131081132,0.644708333333333,0.20425,0.288708333333333,0.388291666666667,0.45675,0.6015,269,248,0,61,23.4625833333333,0,0,,,0,0,0,0,61,61,0,0.306916666666667,220,0.101583333333333,0.376412554112554,0.746291666666667,0.248379545454546,0.519439393939394,0.208494047619048,0.537095238095238,0.244541666666667,263,242,Chinook,AST,2016
SFS,61,61,0,0,0,0,0,1.04658948087432,0.126822786609805,0.016084019203476,0.630208333333333,0.882166666666667,0.959208333333333,1.044125,1.111625,1.27404166666667,269,248,0,61,63.8419583333333,0,0,,,0,0,0,0,61,61,0,0.241458333333333,220,0.767041666666667,1.04026515151515,1.39725,0.911774242424242,1.19595454545455,0.880744047619048,1.19358928571429,0.261041666666667,263,242,Chinook,AST,2016
STH,61,61,0,0,0,0,0,1.3260143442623,0.128142430586076,0.0164204825165073,0.693541666666667,1.13954166666667,1.23566666666667,1.33904166666667,1.392875,1.49320833333333,269,248,0,61,80.886875,0,0,,,0,0,0,0,61,61,0,0.24625,220,1.02983333333333,1.31651558441558,1.723375,1.17870378787879,1.45591136363636,1.17175595238095,1.52076785714286,0.275875,263,242,Chinook,AST,2016
SUL,61,61,0,0,0,0,0,0.669850409836066,0.11426685141372,0.0130569133320052,0.614666666666667,0.510208333333333,0.574,0.686583333333333,0.727166666666667,0.833583333333333,269,248,0,61,40.860875,0,0,,,0,0,0,0,61,61,0,0.23325,220,0.410041666666667,0.663899025974026,1.02470833333333,0.533334848484849,0.808291666666667,0.536922619047619,0.801517857142857,0.268833333333333,263,242,Chinook,AST,2016
VAL,61,61,0,0,0,0,0,0.997388661202186,0.112930736034437,0.0127533511412796,0.57275,0.834791666666667,0.908333333333333,1.00704166666667,1.08245833333333,1.146375,269,248,0,61,60.8407083333333,0,0,,,0,0,0,0,61,61,0,0.207416666666667,220,0.763666666666667,0.98851829004329,1.33641666666667,0.862463636363636,1.12549015151515,0.861357142857143,1.1292619047619,0.253458333333333,263,242,Chinook,AST,2016
,61,61,0,0,0,0,0,1.12908128415301,0.113479919098292,0.0128776920385549,0.536291666666667,0.905,1.05658333333333,1.13591666666667,1.20883333333333,1.29320833333333,270,261,0,61,68.8739583333333,0,0,,,0,0,0,0,61,61,0,0.155166666666667,219,0.841583333333333,1.12130725108225,1.377875,1.00572878787879,1.23121590909091,0.949172619047619,1.2502619047619,0.189083333333334,264,255,Chinook,AST,2017
BIU,61,61,0,0,0,0,0,1.27035593371347,0.20695659103096,0.0428310305711561,1.00533333333333,0.946083333333333,1.18208333333333,1.27783333333333,1.34333333333333,1.639375,213,257,0,61,77.4917119565217,0,0,,,0,0,0,0,61,61,0,0.147375,219,0.852541666666667,1.24459368059477,1.857875,1.12111824769433,1.36485309617918,0.954589285714286,1.68081547619048,0.210458333333333,213,251,Chinook,AST,2017
BVC,61,61,0,0,0,0,0,3.17238524590164,0.116878315870901,0.0136605407208182,0.615416666666667,2.96233333333333,3.10704166666667,3.185125,3.24733333333333,3.33033333333333,213,257,0,61,193.5155,0,0,,,0,0,0,0,61,61,0,0.258125,219,2.82020833333333,3.16132835497836,3.435625,3.04727348484849,3.27166666666667,2.96417261904762,3.27019047619048,0.190208333333334,213,251,Chinook,AST,2017
CHA,61,61,0,0,0,0,0,0.268311202185792,0.110430948047961,0.0121949942867714,0.478208333333333,0.0523333333333333,0.200375,0.284875,0.35425,0.426083333333333,270,261,0,61,16.3669833333333,0,0,,,0,0,0,0,61,61,0,0.152875,219,0.0105,0.261040064935065,0.488708333333333,0.155148181818182,0.369255303030303,0.088922619047619,0.361386904761905,0.199708333333333,264,255,Chinook,AST,2017
CHC,61,61,0,0,0,0,0,1.1034337431694,0.162840982416059,0.0265171855542274,0.750041666666667,0.800333333333333,1.01745833333333,1.13641666666667,1.21304166666667,1.28283333333333,213,263,0,61,67.3094583333333,0,0,,,0,0,0,0,61,61,0,0.15875,219,0.721,1.09307012987013,1.47104166666667,0.973457575757576,1.20341136363636,0.820428571428571,1.29268452380952,0.207833333333334,213,257,Chinook,AST,2017
LAK,61,61,11,0.180327868852459,11,0.180327868852459,0.360655737704918,0.862230064102564,0.128790212472448,0.0165869188286984,0.54575,0.598833333333333,0.80434375,0.8805625,0.970854166666667,1.02856041666667,270,261,0,50,43.1115032051282,0,0,,,0,0,0,0,50,50,0,0.144958333333333,230,0.533458333333333,0.856366902319902,1.07920833333333,,,0.64347619047619,0.962386904761905,0.198916666666667,264,255,Chinook,AST,2017
LOO,61,61,0,0,0,0,0,1.60461885245902,0.164664144513,0.0271142804881982,0.774541666666667,1.3105,1.51075,1.63666666666667,1.70320833333333,1.791875,213,257,0,61,97.88175,0,0,,,0,0,0,0,61,61,0,0.1575,219,1.22245833333333,1.59216255411255,1.997,1.47045378787879,1.70256212121212,1.33260714285714,1.81790476190476,0.216833333333333,213,251,Chinook,AST,2017
MAR,61,61,0,0,0,0,0,0.791581284153005,0.149912270530749,0.0224736888556846,0.795791666666667,0.539958333333333,0.703125,0.814333333333333,0.878791666666667,0.9805,213,257,0,61,48.2864583333333,0,0,,,0,0,0,0,61,61,0,0.189375,219,0.400833333333333,0.778763744588745,1.196625,0.667162121212121,0.888828787878788,0.543178571428571,0.99635119047619,0.192916666666667,213,251,Chinook,AST,2017
SEC,61,61,7,0.114754098360656,7,0.114754098360656,0.229508196721311,0.587213348765432,0.174645696058756,0.0305011191518472,0.760958333333333,0.222420833333333,0.533645833333333,0.632229166666667,0.712260416666667,0.76996875,270,215,0,54,31.7095208333333,0,0,,,0,0,0,0,51,27,0,0.150416666666667,229,0.066,0.586814981077307,0.826958333333333,,,0.066,0.7358125,0.200958333333333,264,213,Chinook,AST,2017
SFS,61,61,0,0,0,0,0,1.11634099548586,0.142287166073157,0.0202456376291301,0.783708333333333,0.897833333333333,1.019125,1.12041666666667,1.17795833333333,1.329125,213,257,0,61,68.0968007246377,0,0,,,0,0,0,0,61,61,0,0.230583333333333,219,0.726625,1.09813360624882,1.51033333333333,0.979751515151515,1.20425622529644,0.916815476190476,1.34622619047619,0.208791666666667,213,251,Chinook,AST,2017
STH,61,61,0,0,0,0,0,1.67195901639344,0.179863529556639,0.0323508892645719,0.880166666666667,1.34016666666667,1.58779166666667,1.69720833333333,1.75129166666667,1.88891666666667,213,257,0,61,101.9895,0,0,,,0,0,0,0,61,61,0,0.159083333333333,219,1.29316666666667,1.6539788961039,2.17333333333333,1.54213636363636,1.75962196969697,1.37807142857143,1.96747619047619,0.187041666666667,213,251,Chinook,AST,2017
SUL,61,61,0,0,0,0,0,0.597930327868853,0.118768027803431,0.0141058444283166,0.624541666666667,0.405625,0.537,0.610041666666667,0.671166666666667,0.776708333333333,213,257,0,61,36.47375,0,0,,,0,0,0,0,61,61,0,0.149708333333333,219,0.241958333333333,0.585384523809524,0.8665,0.472687121212121,0.685634090909091,0.407696428571429,0.702035714285714,0.1875,213,251,Chinook,AST,2017
VAL,61,61,0,0,0,0,0,1.24064071038251,0.144978403596836,0.0210187375094869,0.809208333333333,0.98,1.15579166666667,1.24408333333333,1.30329166666667,1.43595833333333,213,257,0,61,75.6790833333333,0,0,,,0,0,0,0,61,61,0,0.266208333333333,219,0.850083333333333,1.22459004329004,1.65929166666667,1.10972045454545,1.33207651515152,0.988327380952381,1.4506130952381,0.194916666666667,213,251,Chinook,AST,2017
,61,61,0,0,0,0,0,1.23059426229508,0.0908241588452983,0.00824902782995598,0.455541666666667,1.11366666666667,1.16,1.21954166666667,1.28416666666667,1.36870833333333,240,272,0,61,75.06625,0,0,,,0,0,0,0,61,61,0,0.180291666666667,219,1.024375,1.2360461038961,1.47991666666667,1.14388560606061,1.34614242424242,1.13282142857143,1.32089880952381,0.176083333333333,234,266,Chinook,AST,2018
BIU,61,61,0,0,0,0,0,1.22164207650273,0.120647345698672,0.0145557820241348,0.527375,1.03408333333333,1.132875,1.22558333333333,1.304125,1.40879166666667,218,272,0,61,74.5201666666667,0,0,,,0,0,0,0,61,61,0,0.1455,219,0.923333333333333,1.22658906926407,1.45070833333333,1.13192424242424,1.33283484848485,1.05824404761905,1.38530952380952,0.182333333333333,213,266,Chinook,AST,2018
BVC,61,61,0,0,0,0,0,2.90383743169399,0.10740764947523,0.0115364031657939,0.440375,2.71391666666667,2.828,2.90841666666667,2.98158333333333,3.05979166666667,218,272,0,61,177.134083333333,0,0,,,0,0,0,0,61,61,0,0.204,219,2.65954166666667,2.90609761904762,3.09991666666667,2.81315454545455,3.00979621212121,2.76503571428571,3.04070833333333,0.178833333333333,213,266,Chinook,AST,2018
CAM,61,61,0,0,0,0,0,1.98580532786885,0.125635785588527,0.0157843506204463,0.511166666666667,1.8035,1.896,1.999875,2.08433333333333,2.174375,218,272,0,61,121.134125,0,0,,,0,0,0,0,61,61,0,0.1735,219,1.70729166666667,1.98797045454545,2.21845833333333,1.88159848484848,2.11128333333333,1.82569642857143,2.14873214285714,0.208,213,266,Chinook,AST,2018
CHC,61,61,0,0,0,0,0,0.864503415300547,0.124287109811214,0.0154472856652247,0.50525,0.663666666666667,0.785458333333333,0.86825,0.9555,1.045125,221,272,0,61,52.7347083333333,0,0,,,0,0,0,0,61,61,0,0.161458333333333,219,0.586,0.867114718614719,1.09125,0.77085,0.967651515151515,0.710815476190476,1.03297023809524,0.194708333333333,215,266,Chinook,AST,2018
LAK,61,61,0,0,0,0,0,0.627029371584699,0.20446325528803,0.0418052227629781,0.745833333333333,0.342916666666667,0.454375,0.583208333333333,0.839208333333333,0.975166666666667,218,272,0,61,38.2487916666667,0,0,,,0,0,0,0,61,61,0,0.315166666666667,219,0.2805,0.623479112554113,1.02633333333333,0.515868181818182,0.744529545454545,0.386821428571429,0.955815476190476,0.189625,213,266,Chinook,AST,2018
LOO,61,61,0,0,0,0,0,0.686451502732241,0.1209185023552,0.0146212842118245,0.502833333333333,0.476125,0.603541666666667,0.679625,0.776541666666667,0.871166666666667,218,272,0,61,41.8735416666667,0,0,,,0,0,0,0,61,61,0,0.168458333333333,219,0.398291666666667,0.689837878787879,0.901125,0.590376515151515,0.796790909090909,0.54614880952381,0.849476190476191,0.195041666666667,213,266,Chinook,AST,2018
MAR,61,61,0,0,0,0,0,0.640851775956284,0.121142260868457,0.0146754473683212,0.485083333333333,0.43725,0.566125,0.644125,0.734833333333333,0.819125,221,272,0,61,39.0919583333333,0,0,,,0,0,0,0,61,61,0,0.171125,219,0.370208333333333,0.64331645021645,0.855291666666667,0.545609848484849,0.746781060606061,0.487821428571429,0.802744047619048,0.190125,215,266,Chinook,AST,2018
SEC,61,61,0,0,0,0,0,0.477890027322404,0.110229231119069,0.0121504833931011,0.517166666666667,0.2805,0.396083333333333,0.487666666666667,0.538458333333333,0.642666666666667,240,272,0,61,29.1512916666667,0,0,,,0,0,0,0,61,61,0,0.242041666666667,219,0.216,0.481943181818182,0.733166666666667,0.381906818181818,0.602081060606061,0.328779761904762,0.59177380952381,0.193416666666667,234,266,Chinook,AST,2018
SFS,61,61,0,0,0,0,0,0.989415300546448,0.0959709832591718,0.00921042962773224,0.453083333333333,0.838458333333333,0.928708333333333,0.989958333333333,1.043125,1.16641666666667,240,272,0,61,60.3543333333333,0,0,,,0,0,0,0,61,61,0,0.1785,219,0.737583333333333,0.994022727272727,1.19066666666667,0.897445454545455,1.10481060606061,0.875839285714286,1.07658928571429,0.189791666666667,234,266,Chinook,AST,2018
STH,61,61,0,0,0,0,0,1.12283538251366,0.125533425584654,0.0157586409390179,0.501208333333333,0.926125,1.02791666666667,1.11933333333333,1.22316666666667,1.31391666666667,221,255,0,61,68.4929583333333,0,0,,,0,0,0,0,61,61,0,0.191958333333333,219,0.864375,1.12311082251082,1.36558333333333,1.0247803030303,1.22813787878788,0.946178571428571,1.30507738095238,0.204125,215,249,Chinook,AST,2018
SUL,61,61,0,0,0,0,0,0.495732923497268,0.0975776181957005,0.0095213915727459,0.404291666666667,0.329541666666667,0.44,0.497541666666667,0.561041666666667,0.657916666666667,218,272,0,61,30.2397083333333,0,0,,,0,0,0,0,61,61,0,0.166333333333333,219,0.260458333333333,0.498923593073593,0.66475,0.406115909090909,0.601900757575758,0.37614880952381,0.606964285714286,0.172083333333333,213,266,Chinook,AST,2018
VAL,61,61,0,0,0,0,0,0.827318306010929,0.111039770942956,0.0123298307310641,0.451083333333333,0.643541666666667,0.754625,0.825625,0.904791666666667,0.992958333333333,218,255,0,61,50.4664166666667,0,0,,,0,0,0,0,61,61,0,0.211083333333333,219,0.592916666666667,0.82772316017316,1.044,0.726349242424242,0.934893181818182,0.693190476190476,0.975232142857143,0.200583333333333,213,249,Chinook,AST,2018
,61,61,0,0,0,0,0,1.30623907103825,0.149593917511191,0.0223783401563449,0.925166666666667,1.09483333333333,1.227125,1.29733333333333,1.388625,1.51191666666667,254,271,0,61,79.6805833333333,0,0,,,0,0,0,0,61,61,0,0.571875,219,0.905208333333333,1.31079253246753,1.830375,1.15244924242424,1.48709242424242,1.16798214285714,1.4428630952381,0.268,248,265,Chinook,AST,2019
BIU,61,61,0,0,0,0,0,1.04506762295082,0.152113297117477,0.0231384551599499,0.742916666666667,0.739208333333333,0.961666666666667,1.05229166666667,1.14608333333333,1.26608333333333,214,271,0,61,63.749125,0,0,,,0,0,0,0,61,61,0,0.205125,219,0.548333333333333,1.04895833333333,1.29125,0.919176515151515,1.17286742424242,0.841916666666667,1.23091071428571,0.205375,213,265,Chinook,AST,2019
BVC,61,61,0,0,0,0,0,2.95252663934426,0.133070131936026,0.0177076600134715,0.698541666666666,2.70683333333333,2.88291666666667,2.989125,3.0355,3.13275,255,271,0,61,180.104125,0,0,,,0,0,0,0,61,61,0,0.168791666666666,219,2.47754166666667,2.96023376623377,3.17608333333333,2.83605909090909,3.07711515151515,2.77933333333333,3.07222619047619,0.202333333333333,249,265,Chinook,AST,2019
CAM,61,61,0,0,0,0,0,2.18141393442623,0.143738401075702,0.0206607279437993,0.729666666666667,1.895375,2.09475,2.20220833333333,2.28354166666667,2.38954166666667,255,271,0,61,133.06625,0,0,,,0,0,0,0,61,61,0,0.207125,219,1.69841666666667,2.18474632034632,2.42808333333333,2.047675,2.31623333333333,2.00199404761905,2.33725595238095,0.219208333333333,249,265,Chinook,AST,2019
CHC,61,61,0,0,0,0,0,0.780267076502732,0.159967036422281,0.0255894527417274,0.768666666666667,0.482541666666667,0.698541666666667,0.808291666666667,0.88125,0.988291666666667,214,271,0,61,47.5962916666667,0,0,,,0,0,0,0,61,61,0,0.188416666666667,219,0.249458333333333,0.787423376623377,1.018125,0.662013636363636,0.908768181818182,0.547071428571429,0.966928571428571,0.198875,213,265,Chinook,AST,2019
HER,61,61,1,0.0163934426229508,1,0.0163934426229508,0.0327868852459016,0.330584532828283,0.136209536217039,0.0185530377564608,0.557386363636364,0.12640625,0.222197916666667,0.338583333333333,0.421635416666667,0.533752083333333,214,259,0,60,19.835071969697,0,0,,,0,0,0,0,58,30,0,0.1755,219,0.0403636363636364,0.326275172176309,0.59775,0.208100826446281,0.443973484848485,0.165272186147186,0.526702380952381,0.234416666666667,213,253,Chinook,AST,2019
LAK,61,61,0,0,0,0,0,0.732915300546448,0.117444934882625,0.0137933127295841,0.722458333333333,0.4995,0.685833333333333,0.757375,0.794708333333333,0.865375,255,271,0,61,44.7078333333333,0,0,,,0,0,0,0,61,61,0,0.239208333333333,219,0.292625,0.742914826839827,1.01508333333333,0.611532575757576,0.853243939393939,0.599636904761905,0.816482142857143,0.175625,249,265,Chinook,AST,2019
MAR,61,61,0,0,0,0,0,0.484964480874317,0.14978231384726,0.022434741541439,0.696916666666667,0.194625,0.409125,0.496583333333333,0.593625,0.696666666666667,214,271,0,61,29.5828333333333,0,0,,,0,0,0,0,61,61,0,0.185,219,0.02725,0.490141883116883,0.724166666666667,0.370481818181818,0.606909090909091,0.27664880952381,0.669244047619048,0.200833333333333,213,265,Chinook,AST,2019
SFS,61,61,0,0,0,0,0,0.839679644808743,0.209935908366303,0.0440730856215847,0.946,0.534083333333333,0.710916666666667,0.790666666666667,0.917625,1.21045833333333,224,271,0,61,51.2204583333333,0,0,,,0,0,0,0,61,61,0,0.238458333333333,219,0.333708333333333,0.835949242424242,1.27970833333333,0.698281818181818,0.973518181818182,0.626196428571429,1.18299404761905,0.2265,218,265,Chinook,AST,2019
VAL,61,61,0,0,0,0,0,0.702017076502732,0.150370886457593,0.0226114034940422,0.78875,0.446291666666667,0.60675,0.6965,0.801041666666667,0.91825,255,271,0,61,42.8230416666667,0,0,,,0,0,0,0,61,61,0,0.222791666666667,219,0.223958333333333,0.70617867965368,1.01270833333333,0.573125,0.831559848484849,0.518351190476191,0.876059523809524,0.214083333333333,249,265,Chinook,AST,2019
,61,61,0,0,0,0,0,1.43663866120219,0.122661799967929,0.0150459171713722,0.542833333333334,1.27241666666667,1.34275,1.44608333333333,1.52075,1.64425,272,242,0,61,87.6349583333333,0,0,,,0,0,0,0,61,61,0,0.357791666666667,220,1.25341666666667,1.41994448051948,1.79625,1.29560681818182,1.54093333333333,1.32535119047619,1.57514880952381,0.234166666666667,266,236,Chinook,AST,2020
BIU,61,61,0,0,0,0,0,1.14565095628415,0.115230736008502,0.013278122521061,0.488333333333333,1.0005,1.05520833333333,1.125875,1.22116666666667,1.32508333333333,272,269,0,61,69.8847083333333,0,0,,,0,0,0,0,61,61,0,0.2205,220,0.935375,1.13025519480519,1.42370833333333,1.01601439393939,1.23341287878788,0.999285714285714,1.23986904761905,0.200916666666667,266,263,Chinook,AST,2020
BVC,61,61,0,0,0,0,0,3.04683401639344,0.105757434368909,0.0111846349242942,0.446666666666667,2.90045833333333,2.96141666666667,3.03908333333333,3.12079166666667,3.24904166666667,272,243,0,61,185.856875,0,0,,,0,0,0,0,61,61,0,0.185208333333334,220,2.87,3.03494480519481,3.31666666666667,2.92133787878788,3.13523409090909,2.9255119047619,3.14057142857143,0.214083333333333,266,237,Chinook,AST,2020
CAM,61,61,0,0,0,0,0,0.848148907103825,0.122487585930653,0.015003208707119,0.527208333333333,0.665333333333333,0.755041666666667,0.838958333333333,0.949541666666667,1.03225,272,268,0,61,51.7370833333333,0,0,,,0,0,0,0,61,61,0,0.260291666666667,220,0.593083333333333,0.833279545454546,1.12029166666667,0.710507575757576,0.951138636363636,0.694202380952381,0.947172619047619,0.233708333333333,266,262,Chinook,AST,2020
CHA,61,61,0,0,0,0,0,1.75087939670338,0.682788051721035,0.466199523573007,2.245,0.800833333333333,1.105,1.96666666666667,2.28041666666667,2.81708333333333,231,269,0,61,106.803643198906,0,0,,,0,0,0,0,61,61,0,0.442083333333334,220,0.61,1.74599091737608,2.855,1.3967196969697,2.04192424242424,0.807391205285942,2.75083333333333,0.57375,225,263,Chinook,AST,2020
CHC,61,61,0,0,0,0,0,0.824534836065574,0.109789565176053,0.0120537486215467,0.427208333333333,0.666541666666667,0.746208333333333,0.816666666666667,0.910958333333333,1.01425,230,269,0,61,50.296625,0,0,,,0,0,0,0,61,61,0,0.177,220,0.616125,0.812824783549783,1.04333333333333,0.699861363636364,0.910586363636364,0.683940476190476,0.960244047619048,0.220583333333333,224,263,Chinook,AST,2020
HER,61,61,0,0,0,0,0,0.218538022569946,0.103869436045899,0.0107888597444931,0.460852272727273,0.073875,0.14075,0.201875,0.286291666666667,0.405333333333333,272,268,0,61,13.3308193767667,0,0,,,0,0,0,0,61,61,0,0.252106060606061,220,0.0252727272727273,0.207324037977466,0.486125,0.0920362015231798,0.307185606060606,0.117505627705628,0.305041666666667,0.186490196078431,266,262,Chinook,AST,2020
LAK,61,61,0,0,0,0,0,0.858129781420765,0.126122341284048,0.0159068449709699,0.520541666666667,0.67825,0.765208333333333,0.853875,0.948916666666667,1.06095833333333,272,269,0,61,52.3459166666667,0,0,,,0,0,0,0,61,61,0,0.291625,220,0.61025,0.839961471861472,1.13079166666667,0.716840909090909,0.955521212121212,0.732357142857143,0.978,0.221833333333333,266,263,Chinook,AST,2020
MAR,61,61,0,0,0,0,0,0.703151609645997,0.134489155432534,0.0180873329289563,0.566916666666667,0.497375,0.599875,0.695333333333333,0.796291666666667,0.939958333333333,272,219,0,61,42.8922481884058,0,0,,,0,0,0,0,61,61,0,0.18375,220,0.459,0.692729187841144,1.02591666666667,0.577534090909091,0.799960902503294,0.526029761904762,0.843113095238095,0.216083333333333,266,214,Chinook,AST,2020
SFS,61,61,0,0,0,0,0,0.950738387978142,0.119199798019407,0.0142085918478673,0.469958333333333,0.785958333333333,0.848916666666667,0.926375,1.04066666666667,1.146625,272,242,0,61,57.9950416666667,0,0,,,0,0,0,0,61,61,0,0.291791666666667,220,0.767,0.933344696969697,1.23695833333333,0.817915909090909,1.03538181818182,0.820255952380953,1.0562619047619,0.190916666666667,266,236,Chinook,AST,2020
STH,61,61,0,0,0,0,0,0.774950819672131,0.113122788117366,0.0127967651914466,0.450375,0.593,0.704916666666667,0.763916666666667,0.861166666666667,0.963291666666667,272,243,0,61,47.272,0,0,,,0,0,0,0,61,61,0,0.1965,220,0.569666666666667,0.760212121212121,1.02004166666667,0.642502272727273,0.863751515151515,0.650285714285714,0.890827380952381,0.22425,266,237,Chinook,AST,2020
VAL,61,61,0,0,0,0,0,0.788312158469945,0.113931390432423,0.0129803617258652,0.518,0.629666666666667,0.71825,0.780083333333333,0.855958333333333,1.01645833333333,272,243,0,61,48.0870416666667,0,0,,,0,0,0,0,61,61,0,0.255041666666667,220,0.585083333333333,0.771808008658009,1.10308333333333,0.652387121212121,0.875247727272727,0.661327380952381,0.911821428571429,0.215916666666667,266,237,Chinook,AST,2020
,61,61,0,0,0,0,0,1.10909940322117,0.167948949225559,0.0282068495459695,0.707916666666667,0.869666666666667,0.989916666666667,1.07991666666667,1.24045833333333,1.374375,214,229,0,61,67.6550635964912,0,0,,,0,0,0,0,61,61,0,0.399958333333333,219,0.789875,1.09464033378902,1.49779166666667,0.918770454545455,1.23694585326954,0.964077380952381,1.32011027568922,0.277833333333334,213,223,Chinook,AST,2021
BIU,61,61,0,0,0,0,0,1.01146825255405,0.138824846766151,0.0192723380796452,0.539916666666667,0.7985,0.90325,0.995583333333333,1.119,1.22020833333333,264,261,0,61,61.6995634057971,0,0,,,0,0,0,0,61,61,0,0.33975,219,0.747166666666667,1.00214265480896,1.28708333333333,0.839440909090909,1.13579285243742,0.869285714285714,1.17001501035197,0.279396739130435,258,255,Chinook,AST,2021
BVC,61,61,0,0,0,0,0,2.73824416294088,0.154381942005956,0.0238337840175303,0.754208333333333,2.53895833333333,2.62779166666667,2.731,2.8245,3.02529166666667,214,229,0,61,167.032893939394,0,0,,,0,0,0,0,61,61,0,0.313333333333333,219,2.44879166666667,2.72134376229831,3.203,2.56825075757576,2.85695943526171,2.56286904761905,2.93668722943723,0.253125,213,223,Chinook,AST,2021
CAM,61,61,0,0,0,0,0,1.39026775956284,0.1450066328821,0.0210269235798042,0.615291666666667,1.15295833333333,1.30366666666667,1.39533333333333,1.481625,1.62370833333333,214,229,0,61,84.8063333333333,0,0,,,0,0,0,0,61,61,0,0.356708333333333,219,1.10191666666667,1.37964155844156,1.71720833333333,1.20610378787879,1.52118863636364,1.25519642857143,1.55728571428571,0.312625,213,223,Chinook,AST,2021
CHA,61,61,0,0,0,0,0,1.40443440419531,0.743635949780428,0.552994425805839,2.27916666666667,0.8125,0.929708333333333,1.03258333333333,1.44129032258065,2.87666666666667,213,229,0,61,85.670498655914,0,0,,,0,0,0,0,61,61,0,0.452083333333333,219,0.752916666666667,1.34163395824606,3.03208333333333,1.06438406647116,1.59530376344086,0.886297619047619,2.83333333333333,0.32025,213,223,Chinook,AST,2021
CHC,61,61,0,0,0,0,0,0.483905054644809,0.135238817854978,0.0182895378548118,0.53525,0.275666666666667,0.383958333333333,0.480541666666667,0.567125,0.739833333333333,214,229,0,61,29.5182083333333,0,0,,,0,0,0,0,61,61,0,0.29,219,0.234166666666667,0.474297943722944,0.769416666666667,0.327931818181818,0.601955303030303,0.337851190476191,0.644226190476191,0.252208333333333,213,223,Chinook,AST,2021
LAK,61,61,0,0,0,0,0,0.529251277025422,0.150628574097959,0.0226889673347844,0.622583333333333,0.285833333333333,0.428833333333333,0.502375,0.627708333333333,0.812666666666667,214,261,0,61,32.2843278985507,0,0,,,0,0,0,0,61,61,0,0.348125,219,0.240875,0.515792108977979,0.863458333333333,0.351363636363636,0.64773777997365,0.390214285714286,0.718375,0.272625,213,255,Chinook,AST,2021
LOO,61,61,0,0,0,0,0,0.533650273224044,0.140078256542344,0.0196219179559426,0.602541666666667,0.336375,0.431125,0.518333333333333,0.640125,0.790166666666667,214,229,0,61,32.5526666666667,0,0,,,0,0,0,0,61,61,0,0.320916666666667,219,0.235833333333333,0.522522727272727,0.838375,0.361518939393939,0.657659848484849,0.388017857142857,0.689940476190476,0.268916666666667,213,223,Chinook,AST,2021
MAR,61,61,0,0,0,0,0,0.451964480874317,0.13628019072496,0.0185722903840316,0.585041666666667,0.256083333333333,0.356,0.4565,0.554125,0.708541666666667,213,229,0,61,27.5698333333333,0,0,,,0,0,0,0,61,61,0,0.282583333333333,219,0.18175,0.440652056277056,0.766791666666667,0.295877272727273,0.56862803030303,0.293970238095238,0.610208333333333,0.255458333333333,213,223,Chinook,AST,2021
VAL,61,61,0,0,0,0,0,0.652089480874317,0.145009905439933,0.0210278726756982,0.641041666666667,0.435666666666667,0.533208333333333,0.648125,0.736458333333333,0.928,264,229,0,61,39.7774583333333,0,0,,,0,0,0,0,61,61,0,0.302291666666667,219,0.339833333333333,0.637897077922078,0.980875,0.486016666666667,0.765551515151515,0.465101190476191,0.820583333333333,0.241,258,223,Chinook,AST,2021
,61,61,0,0,0,0,0,1.10868101092896,0.102788426030203,0.0105654605257665,0.465958333333333,0.930125,1.050875,1.10604166666667,1.1745,1.27254166666667,224,239,0,61,67.6295416666667,0,0,,,0,0,0,0,61,61,0,0.1565,219,0.849958333333333,1.10646829004329,1.31591666666667,0.999633333333333,1.20807424242424,0.976964285714286,1.2551130952381,0.205583333333333,218,233,Chinook,AST,2022
BIU,61,61,0,0,0,0,0,1.19906010928962,0.131537771280396,0.0173021852734138,0.541666666666667,0.967,1.10183333333333,1.2005,1.304375,1.39,219,261,0,61,73.1426666666667,0,0,,,0,0,0,0,61,61,0,0.164416666666667,219,0.905541666666667,1.19529567099567,1.44720833333333,1.08829015151515,1.29363712121212,0.996738095238095,1.38720238095238,0.190166666666667,213,255,Chinook,AST,2022
BVC,61,61,0,0,0,0,0,2.79773702185792,0.101793581854505,0.0103619333067699,0.442708333333334,2.60975,2.73970833333333,2.813125,2.87141666666667,2.92808333333333,268,261,0,61,170.661958333333,0,0,,,0,0,0,0,61,61,0,0.166791666666667,219,2.51883333333333,2.79691829004329,2.96154166666667,2.68863484848485,2.90372954545455,2.6507380952381,2.90279166666667,0.20825,262,255,Chinook,AST,2022
CAM,61,61,0,0,0,0,0,0.93108674863388,0.131924372075944,0.0174040399476321,0.548,0.697416666666667,0.839541666666667,0.934375,1.04270833333333,1.12779166666667,223,261,0,61,56.7962916666667,0,0,,,0,0,0,0,61,61,0,0.183833333333333,219,0.633875,0.928473593073593,1.181875,0.814186363636364,1.0337553030303,0.735428571428571,1.12802380952381,0.200208333333333,217,255,Chinook,AST,2022
CHA,61,61,0,0,0,0,0,1.03725204918033,0.396702245823988,0.157372671841796,1.566125,0.62175,0.749708333333333,0.835916666666667,1.333125,1.85145833333333,253,239,0,61,63.272375,0,0,,,0,0,0,0,61,61,0,0.989333333333333,219,0.457083333333333,1.02850422077922,2.02320833333333,0.805011363636364,1.27820681818182,0.637434523809524,1.60314880952381,0.337333333333333,247,233,Chinook,AST,2022
LAK,61,61,0,0,0,0,0,0.687271174863388,0.129135618495794,0.0166760079642911,0.527916666666667,0.462708333333333,0.599125,0.690708333333333,0.792583333333333,0.864583333333333,219,261,0,61,41.9235416666667,0,0,,,0,0,0,0,61,61,0,0.255333333333333,219,0.362166666666667,0.679698917748918,0.890083333333333,0.573090151515152,0.772909090909091,0.480845238095238,0.858809523809524,0.188208333333333,213,255,Chinook,AST,2022
LOO,61,61,0,0,0,0,0,0.803481557377049,0.123414087565095,0.0152310370095249,0.514125,0.586333333333333,0.7195,0.82725,0.904875,0.969583333333333,219,261,0,61,49.012375,0,0,,,0,0,0,0,61,61,0,0.189041666666667,219,0.489875,0.801492316017316,1.004,0.690786363636364,0.901568939393939,0.601065476190476,0.966035714285714,0.210583333333333,213,255,Chinook,AST,2022
SFS,61,61,0,0,0,0,0,0.923622950819672,0.124856543474009,0.0155891564482772,0.533791666666667,0.720833333333333,0.841916666666667,0.921125,1.01879166666667,1.10675,219,261,0,61,56.341,0,0,,,0,0,0,0,61,61,0,0.162333333333333,219,0.61825,0.918633225108225,1.15204166666667,0.814520454545455,1.01579545454545,0.737041666666667,1.08916071428571,0.188541666666667,213,255,Chinook,AST,2022
VAL,61,61,0,0,0,0,0,0.828760928961749,0.129165556424807,0.0166837409665301,0.502166666666667,0.620916666666667,0.750708333333333,0.841,0.919333333333333,1.02641666666667,219,261,0,61,50.5544166666667,0,0,,,0,0,0,0,61,61,0,0.17325,219,0.541208333333333,0.822572943722944,1.043375,0.713604545454546,0.919884848484848,0.653327380952381,1.01464880952381,0.1945,213,255,Chinook,AST,2022
,61,61,0,0,0,0,0,1.16192418032787,0.117421122931217,0.0137877201104281,0.490333333333333,0.947,1.08104166666667,1.17795833333333,1.25816666666667,1.32820833333333,217,262,0,61,70.877375,0,0,,,0,0,0,0,61,61,0,0.260625,219,0.890125,1.16268441558442,1.38045833333333,1.02160454545455,1.2777553030303,1.03996428571429,1.29375595238095,0.266083333333333,213,256,Chinook,AST,2023
BVC,61,61,0,0,0,0,0,2.79826707650273,0.134425839946906,0.0180703064454311,0.633875,2.5285,2.72341666666667,2.81054166666667,2.90370833333333,2.96008333333333,235,273,0,61,170.694291666667,0,0,,,0,0,0,0,61,61,0,0.201,219,2.41966666666667,2.80506688311688,3.05354166666667,2.67537121212121,2.91029318181818,2.61617857142857,2.95605952380952,0.224208333333333,229,267,Chinook,AST,2023
CHA,61,61,0,0,0,0,0,1.11005669398907,0.116229515327987,0.0135093002333789,0.473083333333333,0.925333333333333,1.03620833333333,1.097,1.21433333333333,1.26683333333333,217,262,0,61,67.7134583333333,0,0,,,0,0,0,0,61,61,0,0.18125,219,0.841916666666667,1.11266341991342,1.315,0.983034090909091,1.21597348484849,0.976875,1.25354761904762,0.220541666666667,213,256,Chinook,AST,2023
CHC,61,61,0,0,0,0,0,0.732626366120219,0.140169670863732,0.0196475366300471,0.609791666666667,0.453291666666667,0.646041666666667,0.735125,0.853375,0.902333333333333,217,273,0,61,44.6902083333333,0,0,,,0,0,0,0,61,61,0,0.191125,219,0.317541666666667,0.738628246753247,0.927333333333333,0.61669696969697,0.830632575757576,0.534297619047619,0.893863095238095,0.198333333333333,213,267,Chinook,AST,2023
HER,61,61,0,0,0,0,0,0.472795081967213,0.158909236683044,0.0252521455031876,0.703791666666667,0.191,0.376916666666667,0.476083333333333,0.601333333333333,0.700083333333333,217,273,0,61,28.8405,0,0,,,0,0,0,0,61,61,0,0.182625,219,0.0322083333333333,0.480699675324675,0.736,0.342639393939394,0.589684848484849,0.248375,0.671851190476191,0.224125,213,267,Chinook,AST,2023
LOO,61,61,0,0,0,0,0,0.933372267759563,0.129858135260508,0.0168631352933364,0.578666666666667,0.712208333333333,0.855916666666667,0.938,1.04375,1.09079166666667,218,273,0,61,56.9357083333333,0,0,,,0,0,0,0,61,61,0,0.17975,219,0.556708333333333,0.939095346320346,1.135375,0.80829696969697,1.04091742424242,0.760196428571429,1.07769642857143,0.222416666666667,213,267,Chinook,AST,2023
VAL,61,61,0,0,0,0,0,0.824960382513661,0.140956216201263,0.0198686548857772,0.629625,0.547875,0.735916666666667,0.854375,0.920208333333333,1.02079166666667,218,273,0,61,50.3225833333333,0,0,,,0,0,0,0,61,61,0,0.190083333333333,219,0.425791666666667,0.833818831168831,1.05541666666667,0.696130303030303,0.941119696969697,0.638434523809524,0.988285714285714,0.230541666666667,213,267,Chinook,AST,2023
BVC,61,61,0,0,0,0,0,3.03801297814208,0.134412686261626,0.0180667702280662,0.655916666666667,2.77145833333333,2.97420833333333,3.04925,3.11066666666667,3.22725,215,255,0,61,185.318791666667,0,0,,,0,0,0,0,61,61,0,0.227625,220,2.6675,3.0263895021645,3.32341666666667,2.88820075757576,3.13830909090909,2.81875595238095,3.19691666666667,0.21775,214,249,Chinook,AST,2024
CHC,61,61,0,0,0,0,0,0.769375,0.152103310902492,0.0231354171875,0.701791666666667,0.484166666666667,0.671333333333333,0.773041666666667,0.859333333333333,0.9565,215,255,0,61,46.931875,0,0,,,0,0,0,0,61,61,0,0.229791666666667,220,0.396333333333333,0.758801515151515,1.098125,0.627064393939394,0.869652272727273,0.51377380952381,0.968119047619048,0.214625,214,249,Chinook,AST,2024
LOO,61,61,0,0,0,0,0,0.823636612021858,0.146801165470563,0.0215505821835155,0.686541666666667,0.548916666666667,0.751208333333333,0.845833333333333,0.914708333333333,1.041,215,255,0,61,50.2418333333333,0,0,,,0,0,0,0,61,61,0,0.317041666666667,220,0.436625,0.812676190476191,1.12316666666667,0.669240151515152,0.930649242424242,0.583791666666667,0.986797619047619,0.246458333333333,214,249,Chinook,AST,2024
MAR,61,61,0,0,0,0,0,0.716953551912568,0.145573772204475,0.0211917231538403,0.673583333333333,0.446,0.629791666666667,0.7305,0.801666666666667,0.913958333333333,215,255,0,61,43.7341666666667,0,0,,,0,0,0,0,61,61,0,0.228125,220,0.355375,0.70632987012987,1.02895833333333,0.574137878787879,0.817980303030303,0.476107142857143,0.896404761904762,0.21775,214,249,Chinook,AST,2024
SFS,61,61,0,0,0,0,0,0.766444672131148,0.129850554173085,0.0168611664190574,0.588541666666667,0.511916666666667,0.689291666666667,0.782083333333333,0.838208333333333,0.996416666666667,214,255,0,61,46.753125,0,0,,,0,0,0,0,61,61,0,0.323666666666667,220,0.413333333333333,0.757558008658009,1.001875,0.600569696969697,0.882215151515151,0.587660714285714,0.881904761904762,0.28275,214,249,Chinook,AST,2024
VAL,61,61,0,0,0,0,0,0.937746584699454,0.127911469378465,0.016361343998558,0.611916666666667,0.727875,0.875833333333333,0.9475,1.01008333333333,1.11454166666667,215,236,0,61,57.2025416666667,0,0,,,0,0,0,0,61,61,0,0.226458333333333,220,0.603583333333333,0.9260579004329,1.2155,0.78489696969697,1.04132878787879,0.764077380952381,1.07809523809524,0.228791666666667,214,230,Chinook,AST,2024
BVC,61,61,0,0,0,0,0,2.73586885245902,0.133049947291644,0.0177022884743094,0.841375,2.56825,2.63954166666667,2.72470833333333,2.80454166666667,2.91925,213,253,0,61,166.888,0,0,,,0,0,0,0,61,61,0,0.212083333333333,219,2.50104166666667,2.72955746753247,3.34241666666667,2.62585909090909,2.84643863636364,2.5947380952381,2.89645833333333,0.242875,213,247,Chinook,AST,2025
CHC,61,61,0,0,0,0,0,0.770553961748634,0.120455361032227,0.0145094940014041,0.457375,0.581375,0.678583333333333,0.797208333333333,0.863875,0.925041666666667,214,253,0,61,47.0037916666667,0,0,,,0,0,0,0,61,61,0,0.141625,219,0.5405,0.771856493506494,0.997875,0.679971212121212,0.870596212121212,0.616208333333333,0.90989880952381,0.216041666666667,213,247,Chinook,AST,2025
HER,61,61,0,0,0,0,0,0.505542349726776,0.115513584581664,0.0133433882229053,0.413041666666667,0.33275,0.397208333333333,0.495291666666667,0.601458333333333,0.69225,240,264,0,61,30.8380833333333,0,0,,,0,0,0,0,61,61,0,0.173833333333333,219,0.31625,0.508309848484849,0.729291666666667,0.403952272727273,0.623012121212121,0.383476190476191,0.693821428571429,0.234,234,258,Chinook,AST,2025
LAK,61,61,12,0.19672131147541,12,0.19672131147541,0.39344262295082,0.565640549076774,0.0968752273957442,0.00938480968297714,0.402083333333333,0.426666666666667,0.489833333333333,0.545291666666667,0.639166666666667,0.722333333333333,259,253,0,49,27.7163869047619,0,0,,,0,0,0,0,49,49,0,0.203333333333333,231,0.402583333333333,0.567949305844787,0.804666666666667,,,0.473202380952381,0.649726190476191,0.193958333333333,253,247,Chinook,AST,2025
LOO,61,61,0,0,0,0,0,0.767573087431694,0.110596728354278,0.01223163632267,0.439708333333333,0.588333333333333,0.675166666666667,0.779583333333333,0.863583333333333,0.909625,214,272,0,61,46.8219583333333,0,0,,,0,0,0,0,61,61,0,0.154583333333333,219,0.563,0.76810487012987,1.00270833333333,0.671147727272727,0.874004545454545,0.646190476190476,0.887589285714286,0.200833333333333,213,266,Chinook,AST,2025
MAR,61,61,0,0,0,0,0,0.97264412568306,0.121659573987938,0.0148010519429265,0.48075,0.781208333333333,0.878958333333333,0.998208333333333,1.065375,1.15045833333333,214,253,0,61,59.3312916666667,0,0,,,0,0,0,0,61,61,0,0.14575,219,0.732416666666667,0.972079329004329,1.21316666666667,0.875759848484849,1.07704545454545,0.813821428571429,1.11905357142857,0.224791666666667,213,247,Chinook,AST,2025
SFS,61,61,0,0,0,0,0,0.561247950819672,0.141602314923859,0.0200512155917957,0.678916666666667,0.347166666666667,0.464041666666667,0.556333333333333,0.641916666666667,0.801041666666667,239,252,0,61,34.236125,0,0,,,0,0,0,0,61,61,0,0.319291666666667,219,0.338708333333333,0.556765043290043,1.017625,0.439102272727273,0.705262121212121,0.437404761904762,0.751315476190476,0.272083333333333,233,246,Chinook,AST,2025
VAL,61,61,0,0,0,0,0,0.864772540983607,0.107880100136339,0.0116381160054265,0.395666666666667,0.698625,0.788375,0.871833333333333,0.943166666666667,1.04883333333333,214,272,0,61,52.751125,0,0,,,0,0,0,0,61,61,0,0.209,219,0.669958333333333,0.863607575757576,1.065625,0.762693939393939,0.970299242424242,0.765285714285714,1.0168630952381,0.231291666666667,213,266,Chinook,AST,2025
MAR,290,290,0,0,0,0,0,1.31651203228173,0.581727616344514,0.33840701961787,3.10391666666667,0.603614583333333,0.983083333333333,1.176875,1.43590625,2.56151875,151,64,0,255,381.788489361702,0,0,,,0,0,0,0,123,36,0,0.579375,233,0.366666666666667,1.29493322880546,3.47058333333333,1.02052186032864,1.56246552230047,0.547422619047619,3.2026369047619,0.454145833333333,145,58,Chinook,EIT,1994
STH,290,290,39,0.13448275862069,39,0.13448275862069,0.268965517241379,2.64339549057156,0.761683904606296,0.580162370536292,3.23329166666667,1.24952083333333,2.46022916666667,2.820375,3.1265625,3.87264583333333,151,278,0,54,663.492268133462,0,8,,,5,4,0,0,54,54,0,0.383166666666666,233,1.10404166666667,2.61983042202181,4.33733333333333,,,1.21450595238095,4.09783333333333,0.353875,145,272,Chinook,EIT,1994
VAL,290,290,48,0.16551724137931,48,0.16551724137931,0.331034482758621,2.14566351733596,0.453472566393214,0.205637368471248,2.46258333333333,1.57977291666667,1.89088541666667,2.0433125,2.29011458333333,3.348575,151,64,0,102,519.250571195302,0,0,,,0,0,0,0,31,5,0,0.404291666666667,233,1.36604166666667,2.12165281341064,3.828625,,,1.52949404761905,3.51734523809524,0.333166666666667,145,58,Chinook,EIT,1994
MAR,291,291,0,0,0,0,0,2.0742677806062,0.6995898268937,0.489425925893157,3.69958333333333,1.19758333333333,1.683125,1.90775,2.2060625,3.57983333333333,360,55,0,171,603.611924156403,0,7,,,5,3,0,0,62,12,0,0.804041666666667,263,0.970375,2.05900892352289,4.66995833333333,1.76598699745296,2.34614881133994,1.07722619047619,4.25773214285714,0.483375,354,49,Chinook,EIT,1995
STH,291,291,0,0,0,0,0,2.80002880444055,0.574256897039772,0.329770983797747,2.17954166666667,1.99108333333333,2.303875,2.67054166666667,3.37252083333333,3.641125,292,16,0,16,814.808382092199,0,0,,,0,0,0,0,4,1,0,0.562791666666667,,1.712,2.79264355036528,3.89154166666667,2.55586142839368,3.02475921052632,1.98986904761905,3.70474404761905,0.412583333333334,286,10,Chinook,EIT,1995
VAL,291,291,0,0,0,0,0,1.85815644010742,0.713280970850978,0.508769743378113,3.312,0.649604166666667,1.30672473404255,1.94920833333333,2.32258333333333,3.04335416666667,136,55,0,153,540.72352407126,0,0,,,0,0,0,0,99,15,0,0.800125,271,0.408333333333333,1.83933588228846,3.72033333333333,1.61514841406116,2.07641218323587,0.548053571428572,3.5061130952381,0.433541666666667,130,49,Chinook,EIT,1995
MAR,290,290,0,0,0,0,0,1.76122666703399,0.71251193975968,0.507673264300101,3.66683333333333,1.05287708333333,1.31339583333333,1.6095625,1.85444791666667,3.72922916666667,136,58,0,242,510.755733439857,0,6,,,5,3,0,0,96,26,0,0.880708333333333,235,0.624541666666667,1.73680933974463,4.291375,1.45831524290672,2.04287668053777,0.947809523809524,4.11926785714286,0.442291666666667,130,52,Chinook,EIT,1996
SEC,290,290,0,0,0,0,0,1.40794674683935,0.745224860211494,0.555360092277241,3.13470833333333,0.512416666666667,0.784364583333333,1.21679166666667,1.94579166666667,2.76703958333333,129,101,0,224,408.30455658341,0,0,,,0,0,0,0,180,37,0,0.542208333333333,233,0.216791666666667,1.39460115916358,3.3515,1.15221794775747,1.63942540080911,0.372261904761905,3.11485714285714,0.4225625,123,95,Chinook,EIT,1997
VAL,290,290,5,0.0172413793103448,5,0.0172413793103448,0.0344827586206897,1.445209587722,0.541880536039769,0.293634515338747,2.39870833333333,0.735233333333333,1.05154166666667,1.38058333333333,1.594375,2.61124166666667,147,45,0,241,411.884732500771,0,0,,,0,0,0,0,127,120,0,0.496458333333333,238,0.537958333333333,1.43170232247924,2.93666666666667,1.2311426056338,1.61561660542968,0.749880952380952,2.73220833333333,0.348541666666667,141,39,Chinook,EIT,1997
MAR,290,290,0,0,0,0,0,1.35944030325263,0.586432700021177,0.343903311654128,3.12233333333333,0.87801875,1.02196875,1.15729166666667,1.45360416666667,2.57789583333333,147,38,0,262,394.237687943262,0,0,,,0,0,0,0,128,87,0,0.6535,233,0.751541666666667,1.33654178350243,3.873875,1.10710988849765,1.55919072769953,0.857241134751773,3.753125,0.35675,141,32,Chinook,EIT,1998
SFS,290,290,0,0,0,0,0,0.906189263826954,0.591483845830347,0.349853139878258,3.27868055555556,0.302641666666667,0.534317708333333,0.727541666666667,1.21457291666667,1.77643125,146,38,0,279,262.794886509817,0,0,,,0,0,0,0,279,279,0,0.7165,233,0.0632777777777778,0.884753980836041,3.34195833333333,0.641949208261264,1.13925227406103,0.271184068124858,3.15633928571429,0.401208333333333,140,32,Chinook,EIT,1998
STH,290,290,0,0,0,0,0,2.60661504858064,0.24688472382786,0.0609520668595586,1.48620833333333,2.2690625,2.42607291666667,2.58072916666667,2.74585416666667,3.057875,358,268,0,0,755.918364088386,0,0,,,0,0,0,0,0,0,0,0.531791666666666,,2.0555,2.60306881218245,3.54170833333333,2.40255515098165,2.80319219483568,2.22252976190476,3.28714880952381,0.3600625,352,262,Chinook,EIT,1998
MAR,291,291,0,0,0,0,0,1.34604213277766,0.49287202956378,0.242922837526319,2.31579166666667,0.7640625,1.03041666666667,1.22091666666667,1.51395833333333,2.4338125,149,65,0,254,391.698260638298,0,0,,,0,0,0,0,131,42,0,0.491041666666667,233,0.464333333333333,1.3317441267175,2.780125,1.09338052296174,1.55558846936181,0.694727743271222,2.67220238095238,0.358875,143,59,Chinook,EIT,1999
SEC,291,291,0,0,0,0,0,1.41598221201785,0.530327124765526,0.28124685926207,2.29308333333333,0.634958333333333,0.930166666666667,1.465,1.84,2.22616666666667,143,321,0,251,412.050823697194,0,0,,,0,0,0,0,171,19,0,0.648291666666667,233,0.282,1.40945161614721,2.57508333333333,1.19894068141368,1.61912543859649,0.486345238095238,2.43863095238095,0.3545,137,315,Chinook,EIT,1999
SFS,291,291,0,0,0,0,0,1.12983894759318,0.546651046553199,0.298827366697708,2.393875,0.561791666666667,0.740645833333333,0.916791666666667,1.50502083333333,2.21989583333333,361,45,0,263,328.783133749615,0,0,,,0,0,0,0,130,52,0,0.68425,233,0.246916666666667,1.1200340114857,2.64079166666667,0.866313500062212,1.3658098461734,0.461226190476191,2.46367857142857,0.383166666666667,355,39,Chinook,EIT,1999
STH,291,291,0,0,0,0,0,2.02317161134491,0.285069023233503,0.0812643480073032,1.61225,1.65316666666667,1.8390625,1.96658333333333,2.14377083333333,2.6013125,358,321,0,165,588.74293890137,0,0,,,0,0,0,0,31,5,0,0.429083333333334,247,1.39533333333333,2.01774993181767,3.00758333333333,1.81526184210526,2.20791587846428,1.53014285714286,2.81192857142857,0.342208333333333,352,315,Chinook,EIT,1999
VAL,291,291,0,0,0,0,0,1.37739726531947,0.297655675629743,0.0885989012345988,1.53620833333333,0.992458333333333,1.1835,1.32045833333333,1.49127083333333,1.97245833333333,149,65,0,277,400.822604207964,0,0,,,0,0,0,0,134,92,0,0.4555,233,0.743166666666667,1.36797275494858,2.279375,1.17320846708971,1.54449956775998,0.987815476190476,2.24326785714286,0.340916666666667,143,59,Chinook,EIT,1999
MAR,290,290,0,0,0,0,0,1.24042174218742,0.458684334298264,0.210391318530642,2.325,0.684454166666667,0.925208333333333,1.08502083333333,1.569375,2.1437875,353,97,0,266,359.722305234351,0,0,,,0,0,0,0,130,44,0,0.663583333333333,234,0.304166666666667,1.23536324780707,2.62916666666667,0.982984017716382,1.46967060879771,0.487404761904762,2.2327619047619,0.421708333333334,347,91,Chinook,EIT,2000
STH,290,290,0,0,0,0,0,1.53214883342903,0.47675559310276,0.227295895554764,2.10629166666667,0.989239583333333,1.20991666666667,1.39433333333333,1.69801041666667,2.60580208333333,136,265,0,240,444.323161694419,0,0,,,0,0,0,0,140,40,0,0.513875,234,0.788625,1.52286158963494,2.89491666666667,1.31543838028169,1.72136515105124,1.00316666666667,2.78783333333333,0.391916666666667,130,259,Chinook,EIT,2000
VAL,290,290,0,0,0,0,0,1.29928995568705,0.325916815862746,0.106221770862111,1.88304166666667,0.8799875,1.06714583333333,1.24710416666667,1.44160416666667,1.98758541666667,136,54,0,275,376.794087149245,0,0,,,0,0,0,0,273,137,0,0.411958333333333,234,0.721416666666667,1.29260210515328,2.60445833333333,1.09787250586854,1.46818714916309,0.899488095238095,2.28822023809524,0.342041666666667,130,48,Chinook,EIT,2000
MAR,290,290,0,0,0,0,0,1.39673785367954,0.653020875912333,0.426436264377311,3.01929166666667,0.553235416666667,0.945875,1.1461875,1.88597916666667,2.66884375,24,66,0,232,405.053977567068,0,0,,,0,0,0,0,111,19,0,0.697461956521739,233,0.120958333333333,1.38796152396184,3.14025,1.11737906088629,1.65655355684834,0.450761904761905,2.72940476190476,0.426541666666667,18,60,Chinook,EIT,2001
STH,290,290,0,0,0,0,0,1.933261130472,0.420532070964623,0.176847222709795,2.064,1.34431666666667,1.58640625,1.891125,2.27098958333333,2.61603958333333,151,66,0,171,560.645727836879,0,0,,,0,0,0,0,80,17,0,0.698875,233,0.959833333333333,1.92875857806413,3.02383333333333,1.72023613088103,2.13321273474178,1.2900119047619,2.65016666666667,0.3493125,145,60,Chinook,EIT,2001
VAL,290,290,0,0,0,0,0,1.21845262856794,0.404154051938185,0.163340497698053,2.37497619047619,0.4822875,0.9953125,1.21466666666667,1.51264583333333,1.85270833333333,151,66,0,285,353.351262284701,0,0,,,0,0,0,0,178,142,0,0.60925,233,0.0625238095238095,1.21030638128416,2.4375,1.00370917303466,1.42352362089202,0.372952380952381,1.90704166666667,0.394416666666667,145,60,Chinook,EIT,2001
MAR,290,290,0,0,0,0,0,1.40545699555807,0.543165160024437,0.295028391064373,3.3405,0.8773625,1.09346875,1.28354166666667,1.50579166666667,2.55063541666667,150,350,0,262,407.582528711841,0,2,,,2,2,0,0,118,52,0,0.45425,233,0.663583333333333,1.3825393113596,4.00408333333333,1.14271116235456,1.62104543656869,0.867380952380952,3.71756785714286,0.400354166666667,144,344,Chinook,EIT,2002
SEC,290,290,0,0,0,0,0,2.4049183388359,0.797073207421238,0.63532569798878,4.07625,1.40627708333333,1.74286458333333,2.2370625,3.00788541666667,3.54312708333333,150,312,0,111,697.426318262411,0,8,,,8,8,0,0,82,13,0,0.447541666666667,233,1.16158333333333,2.38550520766443,5.23783333333333,2.17372212441315,2.59570892018779,1.38352976190476,5.0122380952381,0.359979166666667,144,306,Chinook,EIT,2002
STH,290,290,0,0,0,0,0,2.14321487833211,0.378103951046555,0.142962597797016,2.31995833333333,1.58522291666667,1.84483333333333,2.13164583333333,2.43319791666667,2.64515208333333,151,128,0,112,621.532314716312,0,0,,,0,0,0,0,39,7,0,0.417875,50,1.46108333333333,2.12655499397092,3.78104166666667,1.93178359741784,2.31382218309859,1.57432738095238,3.22410119047619,0.345333333333334,145,122,Chinook,EIT,2002
MAR,291,291,0,0,0,0,0,1.19316476089659,0.534521493794087,0.285713227327862,2.3095,0.563145833333333,0.8595,1.06725,1.32870833333333,2.35541666666667,150,57,0,256,347.210945420907,0,0,,,0,0,0,0,143,85,0,0.562791666666667,233,0.374708333333333,1.1787879037325,2.68420833333333,0.956574566948515,1.40212400122261,0.524357142857143,2.51041666666667,0.414083333333333,144,51,Chinook,EIT,2003
SEC,291,291,0,0,0,0,0,2.23199231983135,0.694149415118113,0.481843410508818,2.65133333333333,1.18989583333333,1.58420833333333,2.2075,2.827875,3.360875,149,307,0,118,649.509765070922,0,0,,,0,0,0,0,89,11,0,0.505958333333334,233,0.967125,2.22870943049112,3.61845833333333,2.01358952656464,2.45393397100908,1.05334523809524,3.46084523809524,0.392125,143,301,Chinook,EIT,2003
SFS,291,291,0,0,0,0,0,1.22371538592771,0.44386422430589,0.19701544961867,1.97045833333333,0.631625,0.904916666666667,1.10716666666667,1.5156875,2.09029166666667,150,34,0,269,356.101177304965,0,0,,,0,0,0,0,142,53,0,0.566,233,0.420833333333333,1.21558172070247,2.39129166666667,0.964281031479408,1.47347649931567,0.596994047619048,2.22429761904762,0.402666666666667,144,28,Chinook,EIT,2003
STH,291,291,0,0,0,0,0,1.5523210223871,0.388516328636753,0.150944937617381,1.81575,0.95625,1.263125,1.54016666666667,1.81016666666667,2.21579166666667,129,1,0,248,451.725417514647,0,0,,,0,0,0,0,164,31,0,0.519875,233,0.730666666666667,1.54346092611656,2.54641666666667,1.35035742733337,1.73172287058225,0.915,2.36941666666667,0.358958333333334,123,360,Chinook,EIT,2003
VAL,291,291,0,0,0,0,0,1.21254526673843,0.38607414142059,0.149053242673646,1.85091666666667,0.694645833333333,0.947020833333333,1.17516666666667,1.3615,1.958625,150,1,0,279,352.850672620883,0,0,,,0,0,0,0,265,69,0,0.546166666666667,233,0.466958333333333,1.20200611947177,2.317875,1.01037657912898,1.3901641882484,0.662821428571429,2.11126785714286,0.361708333333333,144,360,Chinook,EIT,2003
SFS,290,290,0,0,0,0,0,1.09015249755441,0.482054080204763,0.23237613624206,2.90541666666667,0.5446375,0.779979166666667,0.959291666666667,1.32808333333333,2.05135625,139,82,0,274,316.14422429078,0,0,,,0,0,0,0,141,91,0,1.15516666666667,234,0.238791666666667,1.08065062627538,3.14420833333333,0.83046620904505,1.34330017605634,0.432821428571429,2.69533333333333,0.406479166666667,133,76,Chinook,EIT,2004
STH,290,290,0,0,0,0,0,1.53886173269748,0.316241375633957,0.100008607662857,1.87145833333333,1.08405,1.35134375,1.53320833333333,1.69638541666667,1.92890625,141,8,0,277,446.26990248227,0,0,,,0,0,0,0,277,277,0,0.515583333333333,234,0.852416666666667,1.52812222537352,2.723875,1.32034594758266,1.72952714201878,1.0712380952381,2.60073214285714,0.361,135,2,Chinook,EIT,2004
VAL,290,290,0,0,0,0,0,1.22038701393984,0.312125782938255,0.0974225043748183,1.939625,0.7588625,1.04219791666667,1.20347916666667,1.36633333333333,1.72391041666667,141,82,0,281,353.912234042553,0,0,,,0,0,0,0,277,140,0,0.685541666666667,234,0.536041666666667,1.21135459253749,2.47566666666667,1.01309737413845,1.40272417840376,0.727345238095238,2.32698214285714,0.385125,135,76,Chinook,EIT,2004
MAR,290,290,51,0.175862068965517,51,0.175862068965517,0.351724137931035,0.850770098597577,0.456541664548343,0.208430291468571,2.31345238095238,0.2906375,0.55775,0.795458333333333,0.9754375,1.9670875,343,68,0,227,203.334053564821,0,0,,,0,0,0,0,111,75,0,0.498,233,0.056047619047619,0.84509204701966,2.3695,,,0.255221088435374,2.22356547619048,0.408833333333333,337,62,Chinook,EIT,2005
SFS,290,290,0,0,0,0,0,1.16906139642945,0.842303014015451,0.709474367419513,3.843125,0.374764583333333,0.569666666666667,0.784875,1.6305625,2.87233541666667,139,68,0,246,339.027804964539,0,2,,,2,2,0,0,130,49,0,1.22466666666667,233,0.217083333333333,1.16114156258473,4.06020833333333,0.848297828638498,1.5016271476376,0.430261904761905,3.77764285714286,0.5235,133,62,Chinook,EIT,2005
STH,290,290,0,0,0,0,0,1.72299046926005,0.522231913277049,0.272726171245007,2.91575,1.09495833333333,1.40427083333333,1.56725,1.90552083333333,2.79165416666667,141,335,0,227,499.667236085415,0,0,,,0,0,0,0,115,25,0,0.471552536231884,233,0.776333333333333,1.71930012706132,3.69208333333333,1.48721835451112,1.9522431848065,0.951928571428572,3.44184523809524,0.425666666666667,135,329,Chinook,EIT,2005
VAL,290,290,0,0,0,0,0,1.28682244464083,0.771846872896288,0.595747595199779,3.52391666666667,0.559991666666667,0.775104166666667,1.02697916666667,1.43803125,3.01032291666667,140,252,0,246,373.178508945841,0,0,,,0,0,0,0,246,246,0,0.390791666666667,233,0.360166666666667,1.27522364400783,3.88408333333333,1.04158861502347,1.49745639682713,0.597839285714286,3.66932738095238,0.421208333333333,134,246,Chinook,EIT,2005
BIL,290,290,0,0,0,0,0,2.47719341805161,0.499313725519557,0.24931419649222,3.66208333333333,1.6472375,2.26588541666667,2.47983333333333,2.63859375,3.29993541666667,16,112,0,36,718.386091234968,0,4,,,4,4,0,0,17,4,0,0.872458333333333,108,1.18520833333333,2.47948070354365,4.84729166666667,2.16163202949582,2.79315837239363,1.28019642857143,4.04627380952381,0.498666666666667,10,106,Chinook,EIT,2006
STH,290,290,0,0,0,0,0,1.65794603399461,0.311680915473915,0.0971449930706577,1.76066666666667,1.14370208333333,1.47503125,1.63229166666667,1.80395833333333,2.29404166666667,134,58,0,257,480.804349858436,0,0,,,0,0,0,0,110,42,0,0.61,233,0.885166666666667,1.65387912425003,2.64583333333333,1.41242561619718,1.87926408762861,1.00882738095238,2.49516666666667,0.407479166666667,128,52,Chinook,EIT,2006
VAL,290,290,57,0.196551724137931,57,0.196551724137931,0.393103448275862,1.35330992603415,0.245267790889363,0.0601562892477485,1.262125,0.868758333333333,1.22783333333333,1.38958333333333,1.52741666666667,1.71334166666667,312,58,0,233,315.321212765958,0,0,,,0,0,0,0,233,233,0,0.462458333333333,233,0.615708333333333,1.35384068681486,1.87783333333333,,,0.715541666666667,1.64754761904762,0.361333333333333,306,52,Chinook,EIT,2006
BIL,291,291,37,0.127147766323024,37,0.127147766323024,0.254295532646048,1.43299399026337,0.800179584467383,0.640287367398395,5.28929166666667,0.645814583333333,1.03119791666667,1.27985416666667,1.56255208333333,3.07783541666666,140,247,0,227,363.980473526897,0,6,,,4,3,0,0,97,45,0,1.05079166666667,233,0.470208333333333,1.46010733000216,5.7595,,,0.647577380952381,5.7595,0.410666666666667,134,241,Chinook,EIT,2007
MAR,291,291,17,0.0584192439862543,17,0.0584192439862543,0.116838487972509,1.2069556200497,0.73139656351133,0.534940933116183,3.371,0.453391666666667,0.69171875,0.920583333333333,1.60011458333333,2.88127291666667,140,289,0,239,330.705839893617,0,0,,,0,0,0,0,87,26,0,0.919375,233,0.338541666666667,1.18722544893685,3.70954166666667,,,0.50989880952381,3.50697619047619,0.423083333333333,134,283,Chinook,EIT,2007
SFS,291,291,0,0,0,0,0,1.96649079447353,0.630870066944833,0.397997041366978,2.88045833333333,1.31445833333333,1.479,1.80491666666667,2.25929166666667,3.23077083333333,140,271,0,185,572.248821191798,0,0,,,0,0,0,0,65,12,0,0.855166666666667,233,1.11729166666667,1.95937048789102,3.99775,1.65620075006356,2.2661399122807,1.35038276397516,3.68989285714286,0.463375,134,265,Chinook,EIT,2007
VAL,291,291,0,0,0,0,0,1.35462737479509,0.677130117528845,0.458505196064627,3.29720833333333,0.587354166666667,0.913145833333333,1.21958333333333,1.54364583333333,2.94845833333333,140,34,0,254,394.196566065372,0,0,,,0,0,0,0,185,84,0,0.631541666666667,233,0.362291666666667,1.33515664367131,3.6595,1.08955891812865,1.55893274853801,0.621994047619048,3.4638630952381,0.424166666666667,134,28,Chinook,EIT,2007
BIL,290,290,0,0,0,0,0,3.06439436930471,0.751932591599761,0.565402622309932,4.63625,2.28731041666667,2.667625,2.94066666666667,3.144125,4.83087291666667,140,229,0,4,888.674367098366,0,21,,,16,10,0,0,2,1,0,0.879208333333333,,1.63025,3.04457743696608,6.2665,2.72639598004695,3.36547791641151,2.25442857142857,5.82755952380952,0.547104166666667,134,228,Chinook,EIT,2008
BIU,290,290,0,0,0,0,0,2.04811649853265,0.490500659115955,0.240590896593186,3.00545833333333,1.52398541666667,1.74597916666667,1.98170833333333,2.15073958333333,2.93548333333334,150,348,0,153,593.953784574468,0,4,,,3,2,0,0,22,5,0,0.676875,253,1.213875,2.02778629712673,4.21933333333333,1.77102386437419,2.27427508802817,1.51227976190476,3.94102380952381,0.492375,144,342,Chinook,EIT,2008
BVC,290,290,0,0,0,0,0,3.54097017913915,0.718966329093431,0.516912582370084,3.65275,2.83922291666667,3.12248958333333,3.2849375,3.72873958333333,5.34937083333334,140,348,0,0,1026.88135195035,0,55,,,26,11,0,0,0,0,0,0.606416666666667,,2.59941666666667,3.52110756471453,6.25216666666667,3.2713381592748,3.76582438380282,2.81344642857143,5.99502380952381,0.488708333333333,134,342,Chinook,EIT,2008
MAR,290,290,0,0,0,0,0,1.20655209395302,0.722434607188656,0.521911761663828,3.31155833333333,0.349735416666667,0.756489583333333,1.01264583333333,1.39817708333333,2.90405208333333,150,348,0,252,349.900107246377,0,0,,,0,0,0,0,127,63,0,0.531333333333333,234,0.0504,1.18532645911702,3.36195833333333,0.899920481220657,1.44703653169014,0.336053571428571,3.24092857142857,0.479770833333333,144,342,Chinook,EIT,2008
SEC,290,290,56,0.193103448275862,53,0.182758620689655,0.375862068965517,2.01246015689721,0.831763979430548,0.691831317478141,3.98275,0.779966666666667,1.35938541666667,2.00091666666667,2.54008333333333,3.68607708333333,144,309,0,116,470.915676713948,0,9,,,8,4,0,0,67,14,0,0.767208333333333,237,0.430833333333333,1.95912082284478,4.41358333333333,,,0.674238095238095,4.19994047619048,0.450020833333333,138,303,Chinook,EIT,2008
SFS,290,290,50,0.172413793103448,50,0.172413793103448,0.344827586206897,1.83549274896572,0.848709504563601,0.720307823136592,2.82454166666667,0.822004166666667,1.11659375,1.5025,2.83994791666667,3.12415416666667,296,40,0,152,440.518259751773,0,0,,,0,0,0,0,67,15,0,1.88454166666667,304,0.508833333333333,1.84509336569853,3.333375,,,0.841857142857143,3.192,0.465416666666667,290,34,Chinook,EIT,2008
STH,290,290,0,0,0,0,0,1.39459804778462,0.465319309426503,0.216522059725158,2.72354166666667,0.731467154255319,1.09689583333333,1.37825,1.61875,2.26302916666667,149,348,0,271,404.433433857539,0,0,,,0,0,0,0,248,90,0,0.530458333333333,234,0.359625,1.37576909138302,3.08316666666667,1.13280547959744,1.59293177816901,0.751208333333333,2.97021428571429,0.45425,143,342,Chinook,EIT,2008
SUL,290,290,0,0,0,0,0,1.60300915566153,0.690276531767561,0.476481690309052,3.570125,0.943722916666667,1.21835416666667,1.42133333333333,1.64745833333333,3.27878541666667,144,360,0,244,464.872655141844,0,5,,,2,1,0,0,153,122,0,0.496208333333333,234,0.585791666666667,1.57994232192802,4.15591666666667,1.33515948706423,1.80910123239437,0.916327380952381,4.0143630952381,0.459136524822695,138,354,Chinook,EIT,2008
VAL,290,290,37,0.127586206896552,37,0.127586206896552,0.255172413793103,1.37092678879092,0.557073027298614,0.310330357743642,2.97379166666667,0.7014,1.05275,1.28420833333333,1.45979166666667,2.62984166666667,149,348,0,220,346.844477564103,0,0,,,0,0,0,0,184,73,0,0.482083333333333,234,0.213791666666667,1.33903284185621,3.18758333333333,,,0.556416666666667,3.085375,0.408416666666667,143,342,Chinook,EIT,2008
,290,290,0,0,0,0,0,1.34092764242879,0.385771958592856,0.148820004036568,2.59795833333333,0.90815625,1.112875,1.29175,1.46296875,2.14374583333333,139,22,0,268,388.869016304348,0,0,,,0,0,0,0,249,134,0,0.539958333333333,233,0.31125,1.32546354667862,2.90920833333333,1.10291050469484,1.54343315600122,0.617958333333333,2.60530952380952,0.411770833333333,133,16,Chinook,EIT,2009
BIU,290,290,0,0,0,0,0,1.92805638430785,0.273159342252463,0.0746160262597981,2.178,1.57460208333333,1.75378125,1.92714583333333,2.06442708333333,2.40039166666667,140,22,0,189,559.136351449275,0,0,,,0,0,0,0,32,6,0,0.493333333333333,237,0.971125,1.92136552740355,3.149125,1.69422667253521,2.14403894289651,1.27999404761905,2.729125,0.413083333333333,134,16,Chinook,EIT,2009
BVC,290,290,0,0,0,0,0,3.39560152237711,0.425532937857753,0.18107828120185,2.79145833333333,2.86449583333333,3.13083333333333,3.30708333333333,3.568125,4.16311041666667,140,22,0,0,984.724441489362,0,29,,,19,4,0,0,0,0,0,0.713458333333333,,2.53166666666667,3.38569121332606,5.323125,3.14482115610329,3.63259970594846,2.78702976190476,4.76533928571429,0.428625,134,16,Chinook,EIT,2009
CAM,290,290,47,0.162068965517241,47,0.162068965517241,0.324137931034483,0.824640268086122,0.427629912293397,0.182867341888059,2.42058333333333,0.3250375,0.5291875,0.729333333333333,1.00439583333333,1.75625833333333,140,89,0,236,200.387585144928,0,0,,,0,0,0,0,115,78,0,0.483208333333333,233,0.117666666666667,0.801098325438006,2.53825,,,0.277386904761905,2.06369642857143,0.355541666666667,134,83,Chinook,EIT,2009
CHA,290,290,0,0,0,0,0,1.02417193236715,0.376266126709611,0.141576198109053,2.29179166666667,0.518704166666667,0.7619375,0.987666666666667,1.21873958333333,1.74502291666667,139,20,0,287,297.009860386473,0,0,,,0,0,0,0,276,143,0,0.570583333333333,233,0.142375,1.01544464024485,2.43416666666667,0.786266040688576,1.24214105302102,0.341142063492064,2.01306547619048,0.430229166666667,133,14,Chinook,EIT,2009
HER,290,290,0,0,0,0,0,1.46641897176412,0.229868298843777,0.052839434813332,1.51966666666667,1.10314375,1.31316666666667,1.4941875,1.63309375,1.79195416666667,358,22,0,289,425.261501811594,0,0,,,0,0,0,0,158,144,0,0.548041666666667,233,0.535958333333333,1.4602758279751,2.055625,1.24529944248826,1.66655135614411,0.872660714285714,1.75568452380952,0.383979166666667,352,16,Chinook,EIT,2009
LAK,290,290,0,0,0,0,0,1.28583943653173,0.40442756772324,0.163561657534536,1.89775,0.730910416666667,1.00729166666667,1.21954166666667,1.52511458333333,2.04954791666667,140,89,0,271,372.893436594203,0,0,,,0,0,0,0,121,45,0,1.2295,233,0.464708333333333,1.27800671875456,2.36245833333333,1.01774046361502,1.54380008037355,0.678511904761905,2.23807142857143,0.479416666666667,134,83,Chinook,EIT,2009
LOO,290,290,0,0,0,0,0,1.90422371939031,0.353430112036537,0.124912844094159,2.108,1.35824583333333,1.6735,1.9113125,2.114125,2.54042708333333,140,22,0,179,552.224878623188,0,0,,,0,0,0,0,57,8,0,0.801458333333333,273,0.789125,1.89451181272417,2.897125,1.65250058685446,2.13737369233517,1.12219642857143,2.57713690476191,0.472458333333333,134,16,Chinook,EIT,2009
MAR,290,290,0,0,0,0,0,1.1038036543641,0.424116363865338,0.179874690098356,2.39782954545455,0.550579166666667,0.828333333333333,1.0528125,1.29369791666667,1.9859375,140,21,0,276,320.103059765589,0,0,,,0,0,0,0,136,69,0,0.580583333333333,233,0.0940454545454545,1.0916663321726,2.491875,0.851642468447046,1.32785488774848,0.317711425479283,2.14291666666667,0.435583333333333,134,15,Chinook,EIT,2009
SFS,290,290,0,0,0,0,0,1.37005377949323,0.501286636791049,0.251288292225281,2.928125,0.777272916666667,1.01932291666667,1.29527083333333,1.63791666666667,2.21555625,358,21,0,255,397.315596053037,0,0,,,0,0,0,0,109,31,0,1.38504166666667,233,0.214583333333333,1.36189053355362,3.14270833333333,1.05983655478973,1.6735430446346,0.462154761904762,2.91529761904762,0.480645833333333,352,15,Chinook,EIT,2009
SUL,290,290,0,0,0,0,0,1.21691786529328,0.507614194735036,0.257672170696499,2.96740789473684,0.6957125,0.919770833333333,1.11077083333333,1.28097916666667,2.39955416666667,140,22,0,261,352.90618093505,0,0,,,0,0,0,0,247,87,0,0.806875,233,0.194842105263158,1.2027303486982,3.16225,0.975291237336299,1.42088593484667,0.431528634085213,2.8361130952381,0.398520833333333,134,16,Chinook,EIT,2009
,290,290,0,0,0,0,0,0.784086029420355,0.610022226033941,0.372127116255405,3.14675,0.189220833333333,0.473729166666667,0.668041666666667,0.82278125,2.56431041666667,144,363,0,270,227.384948531903,0,0,,,0,0,0,0,270,270,0,0.4305,233,0.012,0.760439645233058,3.15875,0.525628431756547,0.994390111502348,0.176503519668737,2.96298214285714,0.440645833333333,138,357,Chinook,EIT,2010
BIL,290,290,19,0.0655172413793104,19,0.0655172413793104,0.131034482758621,2.98452530788186,0.672625800658424,0.452425467711386,3.9265,2.26239583333333,2.60083820921986,2.846375,3.09535416666667,4.754375,136,363,0,1,808.806358435984,0,21,,,21,21,0,0,1,1,0,0.459125,,1.85208333333333,2.96368626194676,5.77858333333333,,,2.27252976190476,5.14905357142857,0.483833333333333,130,357,Chinook,EIT,2010
BIU,290,290,0,0,0,0,0,1.87293971325507,0.338392849422297,0.114509720540142,2.208875,1.41050625,1.68251041666667,1.84760416666667,1.99033333333333,2.49625625,144,363,0,219,543.152516843972,0,0,,,0,0,0,0,84,9,0,0.466333333333333,243,1.0005,1.86571782423263,3.209375,1.62564627347418,2.08982951877934,1.41735119047619,2.9268630952381,0.4465625,138,357,Chinook,EIT,2010
BVC,290,290,0,0,0,0,0,3.30721206590854,0.530639556565028,0.28157833899153,3.201875,2.74378333333333,2.993875,3.17645833333333,3.46207291666667,4.45642083333333,146,80,0,0,959.091499113475,0,21,,,21,21,0,0,0,0,0,0.634333333333333,,2.45170833333333,3.29423781964839,5.65358333333333,3.04348562206573,3.52668294875637,2.62689880952381,5.34989880952381,0.433791666666667,140,74,Chinook,EIT,2010
CAM,290,290,0,0,0,0,0,1.46681212518741,0.778854176510091,0.606613828267212,4.83420833333333,0.775372916666667,1.0938125,1.30627083333333,1.52135416666667,3.65766875,136,325,0,264,425.375516304348,0,10,,,7,5,0,0,171,132,0,1.09020833333333,233,0.513458333333333,1.44150883926749,5.34766666666667,1.16935592723005,1.71847667253521,0.722720238095238,4.37660714285714,0.477604166666667,130,319,Chinook,EIT,2010
CHA,290,290,0,0,0,0,0,0.931417352573713,0.496837873761445,0.246847872803794,2.806975,0.337247916666667,0.624260416666667,0.8264375,1.04933333333333,2.09611458333333,34,47,0,272,270.111032246377,0,0,,,0,0,0,0,159,54,0,0.857083333333333,233,0.0749,0.920172187654915,2.881875,0.652982060114309,1.20380508139416,0.283333333333333,2.32191071428571,0.468604166666667,28,41,Chinook,EIT,2010
HER,290,290,0,0,0,0,0,1.26983203105894,0.279750284029653,0.0782602214146714,1.48054166666667,0.8045125,1.089125,1.27139583333333,1.476625,1.71728958333333,151,363,0,290,368.251289007092,0,0,,,0,0,0,0,290,290,0,0.439833333333333,233,0.429291666666667,1.26078811521612,1.90983333333333,1.03099207746479,1.47402035573369,0.821458333333333,1.80017857142857,0.436958333333333,145,357,Chinook,EIT,2010
LAK,290,290,0,0,0,0,0,1.44940438065542,0.489570021341047,0.239678805795873,2.408625,0.837858333333333,1.09377083333333,1.34647916666667,1.74039583333333,2.47757083333333,19,85,0,251,420.327270390071,0,0,,,0,0,0,0,102,27,0,0.941125,233,0.591166666666667,1.44589204865719,2.99979166666667,1.18337323943662,1.71685680751174,0.703970238095238,2.77915476190476,0.469833333333333,13,79,Chinook,EIT,2010
LOO,290,290,0,0,0,0,0,2.19145995353387,0.466965278758133,0.21805657156566,2.717375,1.55926666666667,1.87607291666667,2.1456875,2.37521875,3.08763125,5,47,0,103,635.523386524823,0,0,,,0,0,0,0,21,3,0,0.694541666666667,328,1.27045833333333,2.1832273628473,3.98783333333333,1.88169072769953,2.47610666079812,1.50120833333333,3.51257738095238,0.475875,364,41,Chinook,EIT,2010
MAR,290,290,0,0,0,0,0,1.09755143226259,0.57730967320763,0.3332864587791,2.83075,0.489402083333333,0.770072916666667,0.928458333333333,1.13594791666667,2.48662083333333,146,47,0,256,318.289915356152,0,0,,,0,0,0,0,130,64,0,0.683125,233,0.276666666666667,1.08395855926881,3.10741666666667,0.810277142018779,1.34677135002041,0.468285714285714,2.973875,0.448270833333333,140,41,Chinook,EIT,2010
SEC,290,290,4,0.0137931034482759,4,0.0137931034482759,0.0275862068965517,2.06477657006114,0.974072429170859,0.948817097270818,3.79883333333333,0.801989583333333,1.19390625,1.90322916666667,2.69966666666667,3.85929166666667,144,240,0,152,590.526099037487,0,10,,,5,5,0,0,126,38,0,0.558583333333333,237,0.616125,2.04536131332065,4.41495833333333,1.7612275528169,2.31144047619048,0.760452380952381,4.11257738095238,0.477583333333333,138,234,Chinook,EIT,2010
SFS,290,290,0,0,0,0,0,1.50723750539244,0.554659316025787,0.307646956854194,2.56041666666667,0.867697916666667,1.12440625,1.34591666666667,1.7593125,2.75306041666667,133,230,0,235,437.098876563808,0,0,,,0,0,0,0,102,21,0,0.988083333333334,233,0.475583333333333,1.51102563847082,3.036,1.19367287784679,1.81506770514391,0.708767857142857,2.82001785714286,0.486770833333333,127,227,Chinook,EIT,2010
STH,290,290,0,0,0,0,0,1.43810743196031,0.309727170927149,0.0959309204105354,1.66875,0.9912,1.23484375,1.41591666666667,1.59691666666667,2.07971041666667,306,363,0,272,417.05115526849,0,0,,,0,0,0,0,98,38,0,0.59677380952381,233,0.661708333333333,1.43306459769254,2.33045833333333,1.19240792672703,1.66280046948357,0.996785714285714,2.16297023809524,0.432770833333333,300,357,Chinook,EIT,2010
SUL,290,290,0,0,0,0,0,1.36629142210809,0.592270993179842,0.350784929362237,3.14133333333333,0.76678125,1.05722916666667,1.2506875,1.444875,2.95811041666667,146,363,0,262,396.224512411348,0,0,,,0,0,0,0,262,262,0,0.473583333333333,233,0.477166666666667,1.35197118303794,3.6185,1.1125790786385,1.57345437206573,0.749505952380952,3.44716666666667,0.437041666666667,140,357,Chinook,EIT,2010
VAL,290,290,0,0,0,0,0,1.4499366144677,0.444632537510125,0.197698093412693,2.31329166666667,0.9001875,1.13871875,1.37952083333333,1.65567708333333,2.44992708333333,146,240,0,264,420.481618195634,0,0,,,0,0,0,0,185,132,0,0.57227380952381,233,0.646958333333333,1.44261460129247,2.96025,1.19664662977867,1.66726850877995,0.929035714285714,2.74294642857143,0.438833333333333,140,234,Chinook,EIT,2010
,291,291,0,0,0,0,0,1.07443980651427,0.614927239139232,0.378135509435398,2.93029528985507,0.409,0.694270833333333,0.951208333333333,1.1229375,2.53916666666667,118,78,0,252,312.661983695652,0,0,,,0,0,0,0,250,84,0,0.505666666666667,233,0.0899130434782609,1.06489361447096,3.02020833333333,0.830367365878464,1.30348230994152,0.331785196687371,2.72375595238095,0.440291666666667,112,72,Chinook,EIT,2011
BIU,291,291,0,0,0,0,0,1.90949790826236,0.426834693988465,0.182187855992226,2.51766666666667,1.405,1.65039583333333,1.84208333333333,2.01433333333333,2.92885416666667,143,21,0,213,555.663891304348,0,0,,,0,0,0,0,39,11,0,0.632166666666667,235,1.14229166666667,1.90332062947223,3.65995833333333,1.65191502669718,2.17522660818713,1.40666666666667,3.231625,0.478583333333333,137,15,Chinook,EIT,2011
CAM,291,291,0,0,0,0,0,2.2469531413417,0.668914620168183,0.447446769074745,4.14608333333333,1.48168206521739,1.8305625,2.10316666666667,2.39397916666667,3.80975,118,78,0,109,653.863364130435,0,7,,,4,3,0,0,30,6,0,0.733000000000001,279,1.12270833333333,2.23602452326468,5.26879166666667,1.97618464912281,2.50744736842105,1.42091666666667,4.238625,0.467166666666667,112,72,Chinook,EIT,2011
CHA,291,291,22,0.0756013745704467,3,0.0103092783505155,0.0859106529209622,0.74431225487944,1.48370886597428,2.2013919989707,15.3552333333333,0.0587269230769231,0.259708333333333,0.398458333333333,0.718958333333333,1.83125,360,76,2,259,200.219996562569,4.6364,4,,,3,2,1,1,50,18,0,10.3824583333333,233,0.0126666666666667,0.748568009034475,15.3679,0.365548840814042,1.33748669417351,0.028949494949495,9.56153833333333,0.4105,354,70,Chinook,EIT,2011
CHC,291,291,6,0.0206185567010309,3,0.0103092783505155,0.0309278350515464,0.00165580787465393,0.000926911041032982,8.59164077988847e-07,0.003625,0.001,0.001,0.001125,0.001875,0.003625,237,301,0,285,0.471905244276371,0,0,,,0,0,0,0,127,57,0,0.000761904761904762,233,0.001,0.00161178114115352,0.004625,0.00145918477630871,0.00178256970755947,0.001,0.00414285714285714,0.00025,231,295,Chinook,EIT,2011
HER,291,291,0,0,0,0,0,1.29907203421485,0.289765100139287,0.0839638132587311,1.49995833333333,0.8270625,1.07845833333333,1.320625,1.48045833333333,1.7889375,118,78,0,291,378.029961956522,0,0,,,0,0,0,0,291,291,0,0.433583333333333,233,0.462416666666667,1.2905055682685,1.962375,1.0818966374269,1.48829312865497,0.753291666666667,1.83446428571429,0.38925,112,72,Chinook,EIT,2011
LAK,291,291,0,0,0,0,0,1.39357872709615,0.501964611910202,0.25196847161016,2.40291666666667,0.735458333333333,1.06085416666667,1.25825,1.69222916666667,2.4704375,77,278,0,252,405.53140958498,0,0,,,0,0,0,0,130,36,0,1.56095833333333,233,0.501125,1.38464406264343,2.90404166666667,1.11932711670481,1.67729021796917,0.768964285714286,2.61282142857143,0.459708333333333,71,272,Chinook,EIT,2011
MAR,291,291,8,0.0274914089347079,8,0.0274914089347079,0.0549828178694158,1.45783838997068,0.667374333575541,0.445388501115398,2.92929166666667,0.675625,1.01766666666667,1.23141666666667,1.8145625,2.86059583333333,138,78,0,220,412.568264361702,0,0,,,0,0,0,0,115,36,0,0.588916666666667,233,0.316875,1.47722341051305,3.24616666666667,,,0.620321428571429,3.18183333333333,0.459041666666667,132,72,Chinook,EIT,2011
SEC,291,291,0,0,0,0,0,2.11054405510468,0.920147024534369,0.846670546759452,3.87966666666667,0.910395833333333,1.22679166666667,1.950375,2.81983333333333,3.64475,93,278,0,149,614.168320035461,0,3,,,3,3,0,0,130,37,0,0.924916666666667,233,0.538583333333333,2.10935841198742,4.41825,1.83495356165236,2.39284254385965,0.793053571428572,3.96185714285714,0.495291666666667,87,272,Chinook,EIT,2011
SFS,291,291,0,0,0,0,0,1.40184030287113,0.585621650876748,0.342952717975608,3.13991666666667,0.514104166666667,0.969708333333333,1.314125,1.7784375,2.43922916666667,117,322,0,245,407.935528135498,0,0,,,0,0,0,0,131,35,0,0.7375,233,0.253333333333333,1.39683706613959,3.39325,1.10398581871345,1.7142777085257,0.549660714285714,3.01804761904762,0.530208333333333,111,316,Chinook,EIT,2011
STH,291,291,0,0,0,0,0,1.62277980024118,0.430815226883046,0.18560175971429,2.377125,1.08052083333333,1.35970833333333,1.53454166666667,1.74041666666667,2.674375,118,78,0,248,472.228921870182,0,0,,,0,0,0,0,131,124,0,0.493625,233,0.778541666666667,1.61653411709199,3.15566666666667,1.39482907449784,1.84263728070175,1.06554761904762,2.7816130952381,0.424291666666667,112,72,Chinook,EIT,2011
SUL,291,291,18,0.0618556701030928,16,0.0549828178694158,0.116838487972509,1.19354862416525,1.80165914420236,3.24597567188797,19.04925,0.248925,0.565666666666667,0.754666666666667,1.00283333333333,3.14354166666667,362,78,2,228,325.838774397113,9.37066666666667,2,,,1,1,1,1,114,76,0,5.32883333333333,233,0.0664166666666667,1.48700796747252,19.1156666666667,,,0.270460714285714,19.1156666666667,0.458708333333333,356,72,Chinook,EIT,2011
VAL,291,291,0,0,0,0,0,1.5261823956277,0.543999617593319,0.295935583941677,2.653125,0.931375,1.18610416666667,1.35220833333333,1.63516666666667,2.82641666666667,118,78,0,246,444.11907712766,0,0,,,0,0,0,0,246,246,0,0.450458333333333,233,0.699375,1.51832420546046,3.3525,1.30106271929825,1.73663523391813,0.949970238095238,2.9391130952381,0.427625,112,72,Chinook,EIT,2011
BIU,290,290,0,0,0,0,0,1.71367919790105,0.427842303835652,0.183049036951398,2.80766666666667,1.27809375,1.47282291666667,1.63960416666667,1.81066666666667,2.47405208333333,133,50,0,252,496.966967391304,0,0,,,0,0,0,0,140,42,0,0.542708333333333,234,1.067,1.70839657783658,3.87466666666667,1.4900058685446,1.92517041105328,1.27719642857143,3.57760714285714,0.407645833333333,127,44,Chinook,EIT,2012
BVC,290,290,0,0,0,0,0,3.29692118315842,0.513537304933717,0.263720563558586,2.84266666666667,2.78489583333333,2.99948958333333,3.13608333333333,3.38776041666667,4.27724791666667,130,314,0,0,956.107143115942,0,23,,,22,11,0,0,0,0,0,0.477041666666667,,2.56954166666667,3.29235829651824,5.41220833333333,3.06814333920188,3.50834727750561,2.76810714285714,5.29921428571429,0.425895833333333,124,308,Chinook,EIT,2012
CAM,290,290,0,0,0,0,0,2.3048257183908,0.507508784517253,0.257565166362179,3.13758333333333,1.80822083333333,2.02139583333333,2.2004375,2.375125,3.32482083333333,134,352,0,64,668.399458333333,0,8,,,7,4,0,0,8,3,0,0.620416666666667,352,1.54183333333333,2.29699174211938,4.67941666666667,2.07299178403756,2.52232937206573,1.77282142857143,4.31591071428571,0.414125,128,346,Chinook,EIT,2012
CHA,290,290,0,0,0,0,0,1.0818176173277,0.454951843461443,0.206981179868966,3.07333333333333,0.5821875,0.816979166666667,0.986541666666667,1.23867708333333,1.93817083333333,133,228,0,276,313.727109025033,0,0,,,0,0,0,0,265,138,0,0.570458333333333,234,0.0574583333333333,1.08623579255507,3.13079166666667,0.861470537238583,1.31519836318636,0.27987012987013,2.86566071428571,0.4079375,127,228,Chinook,EIT,2012
HER,290,290,0,0,0,0,0,1.22003453273363,0.207491071606803,0.0430525447965393,1.265375,0.886422916666667,1.08984375,1.21704166666667,1.33429166666667,1.58593125,16,10,0,290,353.810014492754,0,0,,,0,0,0,0,290,290,0,0.441125,234,0.665166666666667,1.21600422188931,1.93054166666667,1.02593852699531,1.39802119054909,0.873059523809524,1.7818630952381,0.379833333333333,10,4,Chinook,EIT,2012
LAK,290,290,0,0,0,0,0,1.2672853948026,0.511308610777025,0.261436495454731,3.15345833333333,0.770120833333333,0.950291666666667,1.10983333333333,1.44251041666667,2.3116375,134,296,0,264,367.512764492754,0,0,,,0,0,0,0,153,132,0,0.452166666666667,234,0.467958333333333,1.26028255857609,3.62141666666667,1.02379856220657,1.49679608083282,0.705315476190476,3.19926190476191,0.443270833333333,128,290,Chinook,EIT,2012
BIU,290,290,0,0,0,0,0,1.68995053497188,0.480944458138253,0.231307571813898,2.64625,1.15810833333333,1.37939583333333,1.59339583333333,1.8205625,2.78514375,144,60,0,244,490.085655141844,0,0,,,0,0,0,0,109,34,0,1.06429166666667,233,0.930666666666667,1.67633343946659,3.57691666666667,1.44424577027769,1.91675058685446,1.13376785714286,3.46099404761905,0.454666666666667,138,54,Chinook,EIT,2013
BVC,290,290,0,0,0,0,0,3.4532497063968,0.685633029120022,0.470092650620297,3.50925,2.77065833333333,3.03767708333333,3.26097916666667,3.66692708333333,5.31044166666667,145,320,0,0,1001.44241485507,0,35,,,30,11,0,0,0,0,0,0.897,,2.448375,3.43594097282973,5.957625,3.18650161384977,3.67070055751174,2.77167857142857,5.82675595238095,0.43325,139,314,Chinook,EIT,2013
CAM,290,290,0,0,0,0,0,2.16435801235021,0.756027677926487,0.571577849790916,4.16570833333333,1.52440208333333,1.7464375,1.939,2.2150625,4.02121666666667,146,320,0,166,627.66382358156,0,15,,,15,15,0,0,37,8,0,0.472208333333334,233,1.20554166666667,2.1389494961792,5.37125,1.89404284037559,2.37250014671362,1.51259523809524,5.20777976190476,0.457833333333333,140,314,Chinook,EIT,2013
CHA,290,290,3,0.0103448275862069,2,0.00689655172413793,0.0172413793103448,0.865603221130363,0.666361041361589,0.444037037444502,4.56365,0.2225625,0.412979166666667,0.678875,1.0398125,2.28969583333333,27,59,0,264,248.428124464414,0,1,,,1,1,0,0,102,52,0,2.06741666666667,233,0.06375,0.865551281089766,4.6274,0.562490547200616,1.20489055802205,0.213363095238095,3.03059930555556,0.444958333333333,21,53,Chinook,EIT,2013
HER,290,290,0,0,0,0,0,1.33417634932534,0.24083473367369,0.0580013689436773,1.335375,0.996645833333334,1.15745833333333,1.305625,1.50594791666667,1.74269583333333,149,60,0,288,386.911141304348,0,0,,,0,0,0,0,287,144,0,0.367416666666667,233,0.766208333333333,1.32859875375441,2.10158333333333,1.12842268192488,1.52068324530516,0.974333333333333,1.97440476190476,0.384833333333333,143,54,Chinook,EIT,2013
LAK,290,290,0,0,0,0,0,1.15756861702128,0.525459977036606,0.276108187467311,2.83533333333333,0.551822916666667,0.815822916666667,1.01829166666667,1.42379166666667,2.24252083333333,144,320,0,266,335.69489893617,0,0,,,0,0,0,0,137,88,0,0.868916666666667,233,0.241125,1.14351966007035,3.07645833333333,0.888179870892019,1.38830941901408,0.504553571428571,2.88149404761905,0.443604166666667,138,314,Chinook,EIT,2013
LOO,290,290,0,0,0,0,0,1.79940143678161,0.595452867934092,0.354564117930935,3.08483333333333,1.08180208333333,1.39484375,1.67175,2.05073958333333,3.05385,149,320,0,199,521.826416666667,0,0,,,0,0,0,0,61,13,0,0.756916666666667,233,0.809333333333333,1.78419730885312,3.89416666666667,1.51705941901408,2.05170657276995,1.0437380952381,3.68555357142857,0.4716875,143,314,Chinook,EIT,2013
MAR,290,290,0,0,0,0,0,0.950277461647964,0.61283412904789,0.375565669725886,2.73566666666667,0.274922916666667,0.540510416666667,0.736145833333333,1.25554166666667,2.36280208333333,145,85,0,268,275.58046387791,0,0,,,0,0,0,0,262,134,0,0.7355,233,0.098375,0.935832703124765,2.83404166666667,0.656154093754446,1.21183714788732,0.256116522366522,2.75967261904762,0.527272727272727,139,79,Chinook,EIT,2013
SEC,290,290,9,0.0310344827586207,9,0.0310344827586207,0.0620689655172414,2.1397429686048,0.829555037446422,0.688161560152735,3.64716666666667,1.05416666666667,1.383375,2.105125,2.73733333333333,3.64041666666667,144,320,0,127,601.26777417795,0,5,,,5,5,0,0,65,11,0,0.622875,242,0.600708333333333,2.11051034130229,4.247875,,,0.985041666666667,4.09294047619048,0.4181875,138,314,Chinook,EIT,2013
SFS,290,290,0,0,0,0,0,1.77679666483248,0.72513348520488,0.525818571365376,3.4535,1.00029166666667,1.18739583333333,1.54041666666667,2.28782291666667,3.24949375,145,320,0,193,515.271032801419,0,1,,,1,1,0,0,52,17,0,0.871125,233,0.666458333333333,1.76312993608816,4.11995833333333,1.4564324180901,2.06832042253521,0.952440476190476,3.85748214285714,0.495041666666667,139,314,Chinook,EIT,2013
STH,290,290,0,0,0,0,0,1.55950049350325,0.349460622047959,0.122122726362147,1.92208333333333,1.06031041666667,1.30935416666667,1.55466666666667,1.70958333333333,2.21601041666667,149,60,0,261,452.255143115942,0,0,,,0,0,0,0,138,43,0,0.459208333333333,233,0.846625,1.54805143451287,2.76870833333333,1.329873092723,1.76170892018779,1.05095238095238,2.61717857142857,0.386916666666667,143,54,Chinook,EIT,2013
VAL,290,290,0,0,0,0,0,1.312375,0.561626171654537,0.315423956687332,2.59870833333333,0.75444375,0.93225,1.1489375,1.43540625,2.56862083333333,149,320,0,249,380.58875,0,0,,,0,0,0,0,198,83,0,1.173625,233,0.479416666666667,1.29955606556003,3.078125,1.08267326877934,1.51667341549296,0.739315476190476,2.9777380952381,0.393208333333333,143,314,Chinook,EIT,2013
BIU,290,290,0,0,0,0,0,1.70741091954023,0.357826650611371,0.128039911887752,1.69070833333333,1.28473541666667,1.45188541666667,1.6220625,1.85453125,2.49647083333333,151,358,0,234,495.149166666667,0,0,,,0,0,0,0,179,33,0,0.478916666666667,233,1.10508333333333,1.6975157193159,2.79579166666667,1.49345569248826,1.89323782276995,1.31852976190476,2.67583333333333,0.3628125,145,352,Chinook,EIT,2014
BVC,290,290,0,0,0,0,0,3.33743916791604,0.372355013023165,0.138648255723482,1.62154166666667,2.84824791666667,3.02995833333333,3.2735,3.61422916666667,3.99533958333333,120,333,0,0,967.857358695652,0,13,,,8,2,0,0,0,0,0,0.593708333333333,,2.59404166666667,3.33505705610474,4.21558333333333,3.12142062793427,3.52900938967136,2.89909523809524,4.09679761904762,0.34925,114,327,Chinook,EIT,2014
CAM,290,290,0,0,0,0,0,3.33743916791604,0.372355013023165,0.138648255723482,1.62154166666667,2.84824791666667,3.02995833333333,3.2735,3.61422916666667,3.99533958333333,120,333,0,0,967.857358695652,0,13,,,8,2,0,0,0,0,0,0.593708333333333,,2.59404166666667,3.33505705610474,4.21558333333333,3.12142062793427,3.52900938967136,2.89909523809524,4.09679761904762,0.34925,114,327,Chinook,EIT,2014
CHA,290,290,0,0,0,0,0,0.977816715977118,0.37076333598355,0.137465451309651,1.72404166666667,0.47803125,0.686260416666667,0.892833333333334,1.241,1.62935416666667,321,333,0,289,283.566847633364,0,0,,,0,0,0,0,195,144,0,0.552458333333333,233,0.321541666666667,0.973268659288447,2.04558333333333,0.745174168197591,1.20497535211268,0.526958333333333,1.71894047619048,0.382541666666667,315,327,Chinook,EIT,2014
HER,290,290,0,0,0,0,0,1.2496897113943,0.215579559420468,0.0464745464399232,1.35195833333333,0.917985416666667,1.11528125,1.24058333333333,1.35832291666667,1.66669583333333,149,333,0,289,362.410016304348,0,0,,,0,0,0,0,287,144,0,0.476375,233,0.682041666666667,1.24268755740968,2.034,1.05695921361502,1.40823268779343,0.979107142857143,1.93091071428571,0.322708333333333,143,327,Chinook,EIT,2014
LAK,290,290,0,0,0,0,0,1.20782942956713,0.389418243965429,0.151646568733118,1.64395833333333,0.672977083333333,0.869979166666667,1.175625,1.50264583333333,1.89224583333333,330,305,0,289,350.270534574468,0,0,,,0,0,0,0,186,144,0,0.553666666666667,233,0.409541666666667,1.20260554595302,2.0535,0.97102948943662,1.42324618544601,0.711559523809524,1.93807738095238,0.38475,324,299,Chinook,EIT,2014
LOO,290,290,0,0,0,0,0,1.42164596451774,0.388126764173276,0.150642385067618,1.728625,0.925289583333333,1.12692708333333,1.3365625,1.64726041666667,2.22927708333333,147,333,0,256,412.277329710145,0,0,,,0,0,0,0,138,42,0,0.477083333333334,233,0.680708333333333,1.41350744867757,2.40933333333333,1.20508641431925,1.61849325117371,0.978910714285714,2.35711904761905,0.340729166666667,141,327,Chinook,EIT,2014
MAR,290,290,0,0,0,0,0,0.669181713234084,0.377487605362859,0.142496892202586,1.55879166666667,0.215167613636364,0.39528125,0.558770833333333,0.861708333333333,1.39748541666667,5,333,0,290,194.062696837884,0,0,,,0,0,0,0,290,290,0,0.567083333333333,233,0.034,0.662635921126018,1.59279166666667,0.465548932068518,0.853727552816901,0.195324438061938,1.47372023809524,0.322916666666667,364,327,Chinook,EIT,2014
SEC,290,290,0,0,0,0,0,1.19770689017194,0.583101581967593,0.34000745489311,2.63133695652174,0.355622916666667,0.634197916666667,1.22241666666667,1.68663541666667,2.0953625,41,305,0,263,347.334998149861,0,0,,,0,0,0,0,144,37,0,0.6815,233,0.0989130434782609,1.19127814154042,2.73025,0.974454429475403,1.40446552230047,0.354446428571429,2.38804166666667,0.394625,35,299,Chinook,EIT,2014
SFS,290,290,0,0,0,0,0,1.77436628760088,0.572929390576296,0.328248086586125,2.75245833333333,1.0798,1.28944791666667,1.61995833333333,2.20614583333333,2.70902708333333,22,305,0,189,514.566223404255,0,0,,,0,0,0,0,92,17,0,1.04866666666667,233,0.868041666666667,1.77214502707736,3.6205,1.48619806338028,2.06483626760563,1.09116071428571,3.10606547619048,0.378229166666667,16,299,Chinook,EIT,2014
STH,290,290,0,0,0,0,0,1.34767087081459,0.244789070106733,0.0599216888437191,1.37658333333333,0.966860416666667,1.18827083333333,1.35291666666667,1.49525,1.74875416666667,149,58,0,288,390.824552536232,0,0,,,0,0,0,0,286,144,0,0.396416666666667,233,0.652166666666667,1.33896662948707,2.02875,1.1542607100939,1.51010299295775,0.822970238095238,1.94289285714286,0.305625,143,52,Chinook,EIT,2014
SUL,290,290,0,0,0,0,0,1.05759066716642,0.358366764212199,0.128426737691922,1.62275,0.584185416666667,0.772614583333333,0.96975,1.33410416666667,1.71808541666667,21,333,0,290,306.701293478261,0,0,,,0,0,0,0,290,290,0,0.614875,233,0.34475,1.05497081036946,1.9675,0.827036531690141,1.28947681924883,0.660559523809524,1.7996369047619,0.361958333333333,15,327,Chinook,EIT,2014
VAL,290,290,0,0,0,0,0,1.37713911169415,0.329740198706622,0.108728598643082,1.43841666666667,0.965970833333333,1.13030208333333,1.30495833333333,1.57839583333333,2.02271666666667,148,61,0,273,399.370342391304,0,0,,,0,0,0,0,226,91,0,0.394791666666667,233,0.770625,1.36973791754148,2.20904166666667,1.19095481220657,1.5328378814554,0.91225,2.128,0.3129375,142,55,Chinook,EIT,2014
,291,291,5,0.0171821305841924,5,0.0171821305841924,0.0343642611683849,1.51494259493462,0.497906267185006,0.247910650902106,2.482,0.990104166666667,1.17508333333333,1.33697916666667,1.82888541666667,2.52129166666667,129,356,0,225,433.2735821513,0,0,,,0,0,0,0,117,75,0,0.874708333333333,238,0.625958333333333,1.50658031366093,3.10795833333333,1.27280430819958,1.74342431773879,0.845505952380952,2.76721428571429,0.425,123,350,Chinook,EIT,2015
BIU,291,291,0,0,0,0,0,1.50795967073676,0.472752225233169,0.223494666462913,2.42816666666667,0.997041666666667,1.195,1.3715,1.63416666666667,2.5174375,129,356,0,238,438.816264184397,0,0,,,0,0,0,0,139,59,0,0.542916666666667,233,0.691875,1.50068887600206,3.12004166666667,1.27643280452905,1.7299100877193,0.902476190476191,2.88008928571429,0.4,123,350,Chinook,EIT,2015
BVC,291,291,0,0,0,0,0,3.43307849552777,0.690592139955606,0.476917503768463,3.14958333333333,2.73345833333333,2.92979166666667,3.1955,3.71672916666667,5.07920833333333,130,319,0,0,999.025842198582,0,51,,,45,12,0,0,0,0,0,0.428,,2.556375,3.42946517312786,5.70595833333333,3.20931220604703,3.63638713450292,2.74513690476191,5.44510119047619,0.406166666666667,124,313,Chinook,EIT,2015
CAM,291,291,0,0,0,0,0,2.2071054568497,0.617426778121961,0.381215826342065,2.988375,1.59166666666667,1.8325,2.001625,2.27147916666667,3.58064583333333,131,356,0,145,642.267687943263,0,3,,,3,3,0,0,18,5,0,0.430208333333333,246,1.20891666666667,2.19786191675999,4.19729166666667,1.97120973310937,2.41603099415205,1.44214880952381,3.97079166666667,0.424208333333334,125,350,Chinook,EIT,2015
CHA,291,291,0,0,0,0,0,0.891411243142778,0.488302667030394,0.238439494628995,2.24291666666667,0.350791666666667,0.543645833333333,0.702083333333333,1.153875,1.95272916666667,129,319,0,283,259.400671754548,0,0,,,0,0,0,0,265,70,0,0.633375,233,0.171666666666667,0.886401417183879,2.41458333333333,0.668664744848554,1.10486038011696,0.383940476190476,2.21024404761905,0.396708333333333,123,313,Chinook,EIT,2015
HER,291,291,0,0,0,0,0,1.46341640162316,0.268808916231372,0.072258233445485,1.48575,1.09372916666667,1.29795833333333,1.44125,1.57627083333333,2.068125,138,356,0,273,425.85417287234,0,0,,,0,0,0,0,269,91,0,0.451916666666667,233,0.773375,1.45598233171581,2.259125,1.26064486748787,1.64115307017544,0.985196428571428,2.17541071428571,0.373125,132,350,Chinook,EIT,2015
LAK,291,291,0,0,0,0,0,1.18941988679291,0.641970417793989,0.412126017322589,2.46866666666667,0.404770833333333,0.625083333333333,1.01254166666667,1.710125,2.31075,129,319,0,246,346.121187056738,0,0,,,0,0,0,0,115,30,0,1.012375,233,0.172875,1.18616404397519,2.64154166666667,0.953996845837999,1.42172792397661,0.393053571428571,2.46305952380952,0.421875,123,313,Chinook,EIT,2015
LOO,291,291,0,0,0,0,0,1.46805786173869,0.566229260875765,0.320615575871915,2.67754166666667,0.8909375,1.06947916666667,1.24229166666667,1.82129166666667,2.62470833333333,335,49,0,231,427.204837765957,0,0,,,0,0,0,0,105,46,0,0.689458333333333,233,0.60675,1.46115350343945,3.28429166666667,1.21315447928331,1.70582076023392,0.93425,2.90345238095238,0.400958333333333,329,43,Chinook,EIT,2015
MAR,291,291,1,0.00343642611683849,1,0.00343642611683849,0.00687285223367698,0.693561803115587,0.605453068622549,0.36657341830446,2.26220833333333,0.0993020833333333,0.283333333333333,0.447604166666667,0.882604166666667,2.05260416666667,125,347,0,273,201.13292290352,0,0,,,0,0,0,0,130,68,0,0.590041666666667,233,0.016,0.686519135640311,2.27820833333333,0.464269275826635,0.90041432748538,0.112413095238095,2.24213095238095,0.370041666666667,119,341,Chinook,EIT,2015
SEC,291,291,0,0,0,0,0,1.47987714915783,1.32104740159847,1.74516623727008,13.3140714285714,0.221346014492754,0.430416666666667,1.51833333333333,2.13233333333333,2.74397916666667,336,257,1,194,430.64425040493,0.346571428571428,5,,,4,2,1,1,105,17,0,3.86690476190476,233,0.0325,1.48398436631856,13.3465714285714,1.11833910656941,1.96871775271512,0.194279761904762,6.83642942176871,0.453208333333333,330,251,Chinook,EIT,2015
SFS,291,291,0,0,0,0,0,1.81572515597963,0.738042583950306,0.544706855724044,2.84204166666667,0.9998125,1.21470833333333,1.516125,2.4721875,3.145125,127,356,0,201,528.376020390071,0,0,,,0,0,0,0,98,15,0,1.46941666666667,233,0.734916666666667,1.81373605734194,3.57695833333333,1.51420263157895,2.1538350877193,1.01975,3.42147619047619,0.434166666666667,121,350,Chinook,EIT,2015
STH,291,291,0,0,0,0,0,1.11534601886379,0.412890126357145,0.170478256443219,1.90625,0.487375,0.794729166666667,1.09420833333333,1.39479166666667,1.80575,132,356,0,285,324.565691489362,0,0,,,0,0,0,0,269,95,0,0.579375,233,0.231041666666667,1.10603001608632,2.13729166666667,0.899552423167849,1.30923435672515,0.46364880952381,1.99039285714286,0.373916666666667,126,350,Chinook,EIT,2015
SUL,291,291,0,0,0,0,0,0.845877587219909,0.53043547012149,0.281361787963006,2.24741666666667,0.259104166666667,0.4933125,0.64525,0.9945625,1.9958125,128,356,0,276,246.150377880994,0,0,,,0,0,0,0,261,92,0,0.765875,233,0.101833333333333,0.840677725229886,2.34925,0.626065412928721,1.06544195906433,0.315444235588972,2.18853571428571,0.364625,122,350,Chinook,EIT,2015
VAL,291,291,0,0,0,0,0,1.07928133910945,0.532518976252491,0.283576460069001,2.25,0.54925,0.7586875,0.878791666666667,1.15304166666667,2.26527083333333,131,356,0,253,314.070869680851,0,0,,,0,0,0,0,241,84,0,0.455916666666667,233,0.236,1.07367362377575,2.486,0.872851661067563,1.26285614035088,0.484196428571429,2.35079761904762,0.356416666666667,125,350,Chinook,EIT,2015
,290,290,0,0,0,0,0,1.36279427136432,0.595837077650729,0.35502182310336,2.735375,0.739814583333333,0.998895833333333,1.17304166666667,1.51791666666667,2.86804791666667,127,20,0,253,395.210338695652,0,0,,,0,0,0,0,181,63,0,0.567,234,0.453625,1.34765811328114,3.189,1.09927019366197,1.59618267120841,0.699279761904762,3.06092857142857,0.411145833333333,121,14,Chinook,EIT,2016
BIU,290,290,0,0,0,0,0,1.76132897101981,0.561158424512254,0.314898777401075,3.23233333333333,1.08015833333333,1.38819791666667,1.66716666666667,1.96138541666667,3.05629583333333,151,20,0,225,510.785401595745,0,0,,,0,0,0,0,79,16,0,0.840208333333333,234,0.737208333333333,1.74267350913995,3.96954166666667,1.4502783157277,2.06008390770153,0.992785714285714,3.53172619047619,0.477520833333333,145,14,Chinook,EIT,2016
BVC,290,290,0,0,0,0,0,3.81013027940817,0.930374063609598,0.865595898237437,4.11604166666667,2.88106666666667,3.08189583333333,3.64560416666667,4.12714583333333,6.05500625,149,332,0,0,1104.93778102837,0,85,,,33,7,0,0,0,0,0,0.503,,2.5695,3.78901989463376,6.68554166666667,3.51869454225352,4.05366193125062,2.86964285714286,6.53375,0.435619680851064,143,326,Chinook,EIT,2016
CHA,290,290,4,0.0137931034482759,1,0.00344827586206897,0.0172413793103448,0.61450297541847,0.493766944872413,0.243805795848637,2.40204166666667,0.0739434782608696,0.249006944444444,0.5163125,0.787291666666667,1.78134375,149,19,0,278,175.747850969683,0,0,,,0,0,0,0,158,46,0,0.777751811594203,234,0.01,0.592022581668981,2.41204166666667,0.364080708134614,0.836247797777,0.0889730158730159,2.1373630952381,0.417208333333333,143,13,Chinook,EIT,2016
LOO,290,290,0,0,0,0,0,1.60498070014993,0.765566896864544,0.586092673574807,3.72991666666667,0.8499875,1.09045833333333,1.37564583333333,1.793125,3.58021875,127,64,0,237,465.444403043478,0,4,,,2,1,0,0,135,39,0,0.830708333333334,234,0.498416666666667,1.58426271611553,4.22833333333333,1.27501346830986,1.90433448152684,0.822726190476191,3.94195833333333,0.463416666666667,121,58,Chinook,EIT,2016
MAR,290,290,2,0.00689655172413793,1,0.00344827586206897,0.0103448275862069,1.1666069633249,0.925075422348934,0.855764537034059,3.562125,0.21433125,0.492833333333333,0.806791666666667,1.80128125,3.05923958333333,131,37,0,224,335.982805437571,0,0,,,0,0,0,0,120,28,0,0.830291666666667,234,0.007,1.14506509657882,3.569125,0.857724297097149,1.43715302230047,0.158271428571429,3.32495833333333,0.414375,125,31,Chinook,EIT,2016
SEC,290,290,0,0,0,0,0,1.39101337636135,0.949568106946644,0.901679589730233,3.56907575757576,0.231958333333333,0.539395833333333,1.30454166666667,1.99994791666667,3.174225,75,277,0,217,403.393879144791,0,0,,,0,0,0,0,164,54,0,0.679875,234,0.0695909090909091,1.37829287592901,3.63866666666667,1.11161961160905,1.64547127392822,0.203167748917749,3.44051785714286,0.454038690476191,69,271,Chinook,EIT,2016
SFS,290,290,0,0,0,0,0,2.00993787906579,0.944175380522786,0.891467149185348,3.67779166666667,0.899039583333333,1.15513541666667,1.79935416666667,2.77397916666667,3.82264583333333,151,37,0,156,582.881984929078,0,7,,,5,3,0,0,114,19,0,1.70666666666667,234,0.665041666666667,1.99607906749005,4.34283333333333,1.6870878814554,2.31782203638498,0.880744047619048,4.14665476190476,0.495416666666667,145,31,Chinook,EIT,2016
STH,290,290,0,0,0,0,0,1.63062412570311,0.506157139295193,0.256195049659493,2.58295833333333,1.01208958333333,1.30547916666667,1.50441666666667,1.871375,2.8388875,128,114,0,249,472.880996453901,0,0,,,0,0,0,0,126,24,0,1.03,234,0.653666666666667,1.61707764093426,3.236625,1.34697183098592,1.86960563380282,0.811208333333333,3.14146428571429,0.404958333333333,122,108,Chinook,EIT,2016
SUL,290,290,0,0,0,0,0,1.07739793653705,0.581604167667705,0.338263407848444,2.85679166666667,0.465885416666667,0.693802083333333,0.913229166666667,1.32086458333333,2.58201875,150,64,0,264,312.445401595745,0,0,,,0,0,0,0,261,132,0,0.48675,234,0.223458333333333,1.06113035437804,3.08025,0.810708480046948,1.30512397300469,0.536922619047619,2.876375,0.4240625,144,58,Chinook,EIT,2016
VAL,290,290,0,0,0,0,0,1.49193581560284,0.69710832198523,0.485960012581063,2.983625,0.814508333333333,1.00811458333333,1.24179166666667,1.83798958333333,3.1276125,131,64,0,234,432.661386524823,0,0,,,0,0,0,0,216,46,0,0.495791666666667,234,0.591958333333333,1.47705386351799,3.57558333333333,1.23595789319249,1.70314012711018,0.854208333333333,3.50717857142857,0.4100625,125,58,Chinook,EIT,2016
,290,290,0,0,0,0,0,1.55734530984508,0.691175916730166,0.477724147867786,2.777125,0.9068375,1.12329166666667,1.30602083333333,1.68764583333333,3.18606458333333,127,320,0,238,451.630139855072,0,0,,,0,0,0,0,127,79,0,0.562375,233,0.744333333333333,1.55058296645817,3.52145833333333,1.28781822183099,1.81160021943254,0.949172619047619,3.37106547619048,0.469125,121,314,Chinook,EIT,2017
BIU,290,290,0,0,0,0,0,1.45563188605697,0.612111531338582,0.374680526797664,2.899875,0.83233125,1.10910416666667,1.26608333333333,1.60241666666667,3.01879583333333,148,49,0,247,422.133246956522,0,0,,,0,0,0,0,144,49,0,0.684666666666667,233,0.574791666666667,1.43969549565509,3.47466666666667,1.19529350352113,1.68684536384977,0.842517857142857,3.34667261904762,0.463458333333333,142,43,Chinook,EIT,2017
BVC,290,290,0,0,0,0,0,3.51945370589705,0.705438660590966,0.497643703856376,3.57470833333333,2.85421458333333,3.08675,3.25785416666667,3.69628125,5.24880833333333,128,49,0,0,1020.64157471015,0,47,,,39,7,0,0,0,0,0,0.617333333333333,,2.51208333333333,3.5121016002537,6.08679166666667,3.25240839788732,3.76337744310063,2.87761904761905,5.810875,0.455479166666667,122,43,Chinook,EIT,2017
CHA,290,290,3,0.0103448275862069,1,0.00344827586206897,0.0137931034482759,0.761180901961832,0.782080786087578,0.611650355967364,4.06054166666667,0.0734366666666667,0.265625,0.440916666666667,0.913,2.33671666666667,345,261,0,258,218.458918863046,0,1,,,1,1,0,0,93,36,0,0.803125,233,0.0105,0.745934525497088,4.07104166666667,0.467642187658484,1.04512147887324,0.088922619047619,3.57257142857143,0.448083333333333,339,255,Chinook,EIT,2017
CHC,290,290,0,0,0,0,0,0.979613113693153,0.488391242865358,0.238526006107569,2.62858333333333,0.36048125,0.636791666666667,0.875125,1.19269791666667,2.01489583333333,343,49,0,273,284.087802971014,0,0,,,0,0,0,0,147,54,0,0.724708333333333,233,0.0636666666666667,0.967501926121949,2.69225,0.709801378342519,1.22588923122066,0.388880952380952,2.2500119047619,0.454125,337,43,Chinook,EIT,2017
LAK,290,290,0,0,0,0,0,1.26103911244378,0.597908470154511,0.357494538682508,2.843,0.607245833333333,0.874333333333333,1.05004166666667,1.458125,2.70180208333333,146,320,0,256,365.701342608696,0,0,,,0,0,0,0,143,128,0,0.619708333333333,233,0.439458333333333,1.24681003852827,3.28245833333333,0.978567470657277,1.50247711267606,0.64347619047619,3.12535714285714,0.469645833333334,140,314,Chinook,EIT,2017
LOO,290,290,0,0,0,0,0,1.6688951924038,0.604598041759355,0.365538792099247,3.117625,1.01775208333333,1.29092708333333,1.5054375,1.76047916666667,3.05519583333333,144,49,0,233,483.979605797101,0,0,,,0,0,0,0,109,38,0,0.570166666666666,233,0.687083333333333,1.65201244495961,3.80470833333333,1.39288623826291,1.90452142018779,1.02092261904762,3.60945833333333,0.456645833333333,138,43,Chinook,EIT,2017
MAR,290,290,1,0.00344827586206897,1,0.00344827586206897,0.00689655172413793,0.941821843895374,0.688534294985254,0.474079475370841,2.9451902173913,0.269566666666667,0.51325,0.711041666666667,0.943375,2.57246666666667,346,76,0,250,272.186512885763,0,0,,,0,0,0,0,116,50,0,0.450125,233,0.108434782608696,0.926295789609067,3.053625,0.660525647776257,1.19587470657277,0.267995098039216,2.60646428571429,0.422979166666667,340,70,Chinook,EIT,2017
SEC,290,290,0,0,0,0,0,1.47002025637181,0.801138332718651,0.64182262815122,3.23816666666667,0.42855625,0.712854166666667,1.52777083333333,2.0060625,3.08099375,144,320,0,217,426.305874347826,0,0,,,0,0,0,0,115,18,0,0.54725,233,0.223208333333333,1.46107490548363,3.461375,1.19863884389671,1.70609976525822,0.378886904761905,3.34010714285714,0.433208333333333,138,314,Chinook,EIT,2017
SFS,290,290,0,0,0,0,0,1.68734269165417,0.865673041489746,0.749389814762107,3.61816666666667,0.8768875,1.09661458333333,1.30204166666667,2.1745,3.39103541666667,346,49,0,211,489.32938057971,0,4,,,4,4,0,0,93,26,0,0.818416666666667,233,0.609666666666667,1.67936433051206,4.22783333333333,1.35563569248826,1.98712602699531,0.916815476190476,3.94289880952381,0.468666666666667,340,43,Chinook,EIT,2017
STH,290,290,0,0,0,0,0,1.44422455672164,0.512341051672206,0.262493353228582,2.6345,0.768452083333333,1.10492708333333,1.35066666666667,1.67073958333333,2.54109375,147,49,0,254,418.825121449275,0,0,,,0,0,0,0,181,84,0,0.444375,233,0.461333333333333,1.42670002103199,3.09583333333333,1.22292993544601,1.61575396126761,0.681119047619048,2.98330952380952,0.366520833333333,141,43,Chinook,EIT,2017
SUL,290,290,1,0.00344827586206897,1,0.00344827586206897,0.00689655172413793,0.863833287499559,0.573762310903772,0.329203189413636,2.42627272727273,0.279258333333333,0.497041666666667,0.643375,1.04383333333333,2.16316666666667,128,76,0,262,249.647820087373,0,0,,,0,0,0,0,113,52,0,0.719083333333333,233,0.0992272727272727,0.855452331553899,2.5255,0.59173560426354,1.11009140258216,0.267574134199134,2.32611904761905,0.442,122,70,Chinook,EIT,2017
VAL,290,290,0,0,0,0,0,1.32030115092454,0.491038118804979,0.241118434119532,2.36175,0.740860416666667,1.02308333333333,1.19108333333333,1.45755208333333,2.41089375,148,49,0,253,382.887333768116,0,0,,,0,0,0,0,149,84,0,0.496416666666667,233,0.3855,1.30876706222844,2.74725,1.09579836267606,1.50513688380282,0.685416666666667,2.63614285714286,0.3695625,142,43,Chinook,EIT,2017
,290,290,0,0,0,0,0,1.57277513218391,0.658722577573435,0.43391543420499,2.98616666666667,0.885983333333333,1.17585416666667,1.34802083333333,1.68194791666667,3.26468333333333,115,34,0,241,456.104788333333,0,0,,,0,0,0,0,119,80,0,0.662375,233,0.525833333333333,1.56392009221999,3.512,1.31106036384977,1.82896669600939,0.766845238095238,3.34598214285714,0.475666666666667,109,28,Chinook,EIT,2018
BIU,290,290,0,0,0,0,0,1.37931504447776,0.531710519594247,0.282716076647184,2.82604166666667,0.776310416666667,1.08327083333333,1.24716666666667,1.46326041666667,2.57503541666667,151,34,0,251,400.001362898551,0,0,,,0,0,0,0,236,83,0,0.786458333333333,233,0.402166666666667,1.36389818005861,3.22820833333333,1.12655338615023,1.64375982981221,0.66164880952381,2.86828571428571,0.425791666666667,145,28,Chinook,EIT,2018
BVC,290,290,0,0,0,0,0,3.40161005422289,0.691768911069008,0.478544226321601,3.27279166666667,2.71911041666667,2.91238541666667,3.15827083333333,3.66313541666667,4.95897083333333,134,333,0,0,986.466915724638,0,52,,,29,10,0,0,0,0,0,0.421666666666667,,2.52716666666667,3.38810317827253,5.79995833333333,3.16289447769953,3.61807144953052,2.71453571428571,5.55564880952381,0.41375,128,327,Chinook,EIT,2018
CAM,290,290,0,0,0,0,0,2.07824713818091,0.413438524977184,0.170931413935309,2.32,1.54513125,1.82590625,2.00010416666667,2.22034375,2.90959166666667,135,35,0,145,602.691670072464,0,0,,,0,0,0,0,41,6,0,0.418208333333333,257,1.23891666666667,2.06628260337387,3.55891666666667,1.85161134389671,2.28892004107981,1.53189880952381,3.34950595238095,0.415291666666667,129,29,Chinook,EIT,2018
CHC,290,290,0,0,0,0,0,0.820806054722639,0.398731190936039,0.158986562625272,2.176875,0.28535,0.592604166666667,0.764541666666667,0.946260416666667,1.66615208333333,134,35,0,283,238.033755869565,0,0,,,0,0,0,0,157,94,0,0.842666666666667,233,0.0315,0.806587168554807,2.208375,0.608595730251072,1.02260812793427,0.249470238095238,1.98541666666667,0.361416666666667,128,29,Chinook,EIT,2018
LAK,290,290,0,0,0,0,0,0.946296060469765,0.507090867052492,0.257141147448048,2.56750905797101,0.333652083333333,0.553322916666667,0.826645833333333,1.19169791666667,1.9792964673913,151,45,0,277,274.425857536232,0,0,,,0,0,0,0,201,69,0,0.557458333333333,233,0.118782608695652,0.93286238401423,2.68629166666667,0.684530780261278,1.19499529878547,0.294885610766046,2.20143452380952,0.477104166666667,145,39,Chinook,EIT,2018
LOO,290,290,0,0,0,0,0,0.821051374625287,0.360269820171305,0.129794343326264,1.85202777777778,0.342127083333333,0.58646875,0.740375,0.996708333333333,1.53356458333333,325,35,0,289,238.104898641333,0,0,,,0,0,0,0,191,144,0,0.668708333333333,233,0.149888888888889,0.812522404672703,2.00191666666667,0.592048671805176,1.06668515258216,0.363102130325815,1.61316071428571,0.428770833333333,319,29,Chinook,EIT,2018
MAR,290,290,5,0.0172413793103448,3,0.0103448275862069,0.0275862068965517,0.771720439595047,0.57443969490376,0.329980963081125,2.81458333333333,0.130019047619048,0.435083333333333,0.600875,0.900333333333333,2.03864166666667,134,47,0,269,219.940325284588,0,0,,,0,0,0,0,172,67,0,0.561375,233,0.015,0.747853270586365,2.82958333333333,0.522012648646136,0.9864970657277,0.136704347826087,2.55591071428571,0.397979166666667,128,41,Chinook,EIT,2018
SEC,290,290,0,0,0,0,0,1.58511278385807,0.960817638027577,0.923170533544892,3.52654166666667,0.360270833333333,0.65525,1.44472916666667,2.44741666666667,3.14920833333333,99,272,0,189,459.682707318841,0,0,,,0,0,0,0,160,31,0,0.554041666666667,233,0.216,1.58064235055259,3.74254166666667,1.3296396713615,1.83670344713207,0.290642857142857,3.19402976190476,0.393375,93,266,Chinook,EIT,2018
SFS,290,290,0,0,0,0,0,1.47919336506747,0.845391824623976,0.714687337141056,3.604125,0.683058333333333,0.95371875,1.16389583333333,1.59770833333333,3.44001041666667,134,35,0,235,428.966075869565,0,0,,,0,0,0,0,139,78,0,1.49729166666667,233,0.318791666666667,1.46194791134488,3.92291666666667,1.17196433685446,1.77666828051643,0.62552380952381,3.71294642857143,0.52475,128,29,Chinook,EIT,2018
STH,290,290,0,0,0,0,0,0.886335741247024,0.348213998925832,0.121252989047919,1.75697282608696,0.3099875,0.643229166666667,0.904729166666667,1.12041666666667,1.42555833333333,151,35,0,290,257.037364961637,0,0,,,0,0,0,0,290,290,0,0.396291666666667,233,0.0296521739130435,0.874972864553047,1.786625,0.68559457167129,1.0665088028169,0.23465581232493,1.58140476190476,0.351458333333333,145,29,Chinook,EIT,2018
SUL,290,290,2,0.00689655172413793,2,0.00689655172413793,0.0137931034482759,0.747833880023417,0.509835972058447,0.259932718404781,2.469875,0.193335416666667,0.4419375,0.578958333333333,0.84275,1.98188541666667,151,36,0,276,215.376157446744,0,0,,,0,0,0,0,172,69,0,0.710541666666667,233,0.003,0.731617431845151,2.472875,0.511377372650495,0.974223298122066,0.232389880952381,2.17072619047619,0.418854166666667,145,30,Chinook,EIT,2018
VAL,290,290,0,0,0,0,0,0.994560583458271,0.476874049438464,0.227408859027839,2.216375,0.431595833333333,0.71478125,0.8754375,1.070125,2.12611875,115,35,0,269,288.422569202899,0,0,,,0,0,0,0,250,89,0,0.412875,233,0.143708333333333,0.983329427106115,2.36008333333333,0.787819014084507,1.1766923415493,0.429035714285714,2.22318452380952,0.368458333333333,109,29,Chinook,EIT,2018
,291,291,0,0,0,0,0,1.69059319477956,0.742680152513209,0.551573808937043,2.86091666666667,1.03808333333333,1.2234375,1.418625,1.78310416666667,3.52425,122,12,0,240,491.962619680851,0,0,,,0,0,0,0,124,26,0,1.25970833333333,233,0.858166666666667,1.67707792619848,3.71908333333333,1.41285921052632,2.00353479532164,1.06477976190476,3.63743452380952,0.506833333333334,116,6,Chinook,EIT,2019
BIU,291,291,0,0,0,0,0,1.13244362189564,0.538527157710996,0.290011499592284,3.35720833333333,0.564458333333333,0.828625,0.996708333333333,1.1665,2.29010416666667,152,331,0,259,329.541093971631,0,0,,,0,0,0,0,257,129,0,0.796416666666667,233,0.32,1.10955210499653,3.67720833333333,0.893971929824561,1.33108581871345,0.590303571428571,2.9912380952381,0.434833333333333,146,325,Chinook,EIT,2019
BVC,291,291,0,0,0,0,0,3.24013436288363,0.56790488059754,0.322515953406507,2.54254166666667,2.64395833333333,2.90204166666667,3.06066666666667,3.3570625,4.68208333333333,130,331,0,0,942.879099599137,0,34,,,34,34,0,0,0,0,0,0.39275,,2.351375,3.22799220410725,4.89391666666667,3.00915570175439,3.43346403508772,2.6395,4.83980952380952,0.402916666666667,124,325,Chinook,EIT,2019
CAM,291,291,0,0,0,0,0,2.38459622297775,0.581354298592839,0.337972820492372,3.69295833333333,1.82589583333333,2.060875,2.21354166666667,2.43585416666667,3.74697916666667,150,331,0,58,693.917500886525,0,5,,,3,2,0,0,5,2,0,0.768125,,1.51720833333333,2.37029438489842,5.21016666666667,2.11340891812866,2.62590511695906,1.82929166666667,4.16472023809524,0.470333333333333,144,325,Chinook,EIT,2019
CHC,291,291,1,0.00343642611683849,1,0.00343642611683849,0.00687285223367698,0.619775000305039,0.348866775731262,0.121708027209126,1.72738333333333,0.103625,0.349583333333333,0.589854166666667,0.825666666666667,1.28114583333333,152,333,0,290,179.734750088461,0,0,,,0,0,0,0,186,145,0,0.740541666666667,233,0.0207,0.605816850833162,1.74808333333333,0.400879730732554,0.822988024408848,0.128871258503401,1.57649404761905,0.380541666666667,146,327,Chinook,EIT,2019
HER,291,291,21,0.0721649484536082,3,0.0103092783505155,0.0824742268041237,0.53171877580602,0.626107890517578,0.392011090568372,4.61479166666667,0.04375,0.176302083333333,0.327395833333333,0.55865625,1.97436666666667,51,38,0,257,143.564069467625,0,1,,,1,1,0,0,56,12,0,3.53884429824561,233,0.002,0.539421891954885,4.61679166666667,0.176222551527062,1.04496020558643,0.0741214047022318,2.06761805555556,0.439375,45,32,Chinook,EIT,2019
LAK,291,291,0,0,0,0,0,1.19304774438839,0.552980150951721,0.305787047346588,3.16304166666667,0.533375,0.7618125,1.02704166666667,1.48147916666667,2.14245833333333,152,271,0,256,347.176893617021,0,0,,,0,0,0,0,176,32,0,0.441291666666667,233,0.292625,1.17846326498871,3.45566666666667,0.942710380116959,1.40934824561404,0.559202380952381,2.72046428571429,0.467541666666667,146,265,Chinook,EIT,2019
MAR,291,291,7,0.0240549828178694,3,0.0103092783505155,0.0343642611683849,0.58063702687924,0.495819840215924,0.245837313951745,2.010125,0.0612895833333333,0.2594375,0.426958333333333,0.641854166666667,1.71515,152,96,0,283,164.900915633704,0,0,,,0,0,0,0,104,47,0,0.683708333333333,233,0.015,0.560532269824418,2.025125,0.335611549155631,0.789583040935673,0.0842143849206349,1.88550595238095,0.369625,146,90,Chinook,EIT,2019
SFS,291,291,0,0,0,0,0,1.08277589477801,0.683590220701703,0.467295589839003,3.52647348484849,0.4701875,0.689583333333333,0.844958333333333,1.14829166666667,2.71708333333333,152,331,0,257,315.0877853804,0,0,,,0,0,0,0,257,257,0,0.662583333333334,233,0.145818181818182,1.06141200801811,3.67229166666667,0.807992902711324,1.31467134502924,0.514426406926407,3.18396428571429,0.479875,146,325,Chinook,EIT,2019
STH,291,291,49,0.168384879725086,23,0.0790378006872852,0.247422680412371,0.770316769261591,0.371632150928333,0.138110455603619,2.14575,0.2855125,0.523802083333333,0.706979166666667,0.957333333333333,1.47542291666667,152,248,0,241,186.416658161305,0,0,,,0,0,0,0,220,48,0,0.705666666666667,233,0.015,0.706704886009685,2.16075,,,0.015,1.72745833333333,0.317916666666667,146,242,Chinook,EIT,2019
VAL,291,291,0,0,0,0,0,0.781192818743919,0.421523165898545,0.177681779389132,2.06645833333333,0.317770833333333,0.539291666666667,0.675416666666667,0.863625,1.7670625,152,331,0,290,227.327110254481,0,0,,,0,0,0,0,290,290,0,0.385155303030303,233,0.0225,0.769954041828587,2.08895833333333,0.568838655350498,0.961231871345029,0.23470597353774,1.84400595238095,0.382041666666667,146,325,Chinook,EIT,2019
,290,290,0,0,0,0,0,1.6144497095867,0.526447198617243,0.277146652931943,2.474125,1.02102083333333,1.29795833333333,1.4476875,1.79266666666667,2.81308125,122,312,0,241,468.190415780142,0,0,,,0,0,0,0,112,60,0,0.601083333333333,234,0.766916666666667,1.60498553510781,3.24104166666667,1.38541784037559,1.83940360915493,0.963660714285714,3.15432142857143,0.405291666666667,116,306,Chinook,EIT,2020
BIU,290,290,0,0,0,0,0,1.16526372890682,0.401936588536307,0.161553021204205,2.24541666666667,0.630054166666667,0.920916666666667,1.08985416666667,1.31279166666667,2.06013958333333,138,312,0,271,337.926481382979,0,0,,,0,0,0,0,259,67,0,0.489916666666667,234,0.344583333333333,1.15295931573483,2.59,0.943345950704225,1.36143779342723,0.624369047619048,2.29858333333333,0.404833333333333,132,306,Chinook,EIT,2020
BVC,290,290,0,0,0,0,0,3.33222535766691,0.444220245353204,0.197331626381661,2.681625,2.86039791666667,3.03820833333333,3.21010416666667,3.5565,4.33036666666667,127,312,0,0,966.345353723404,0,26,,,22,8,0,0,0,0,0,0.527708333333333,,2.262875,3.32737626646403,4.9445,3.11899251760563,3.52935299295775,2.62582738095238,4.69727976190476,0.387625,121,306,Chinook,EIT,2020
CAM,290,290,0,0,0,0,0,1.06717670156943,0.35954747169446,0.129274384401879,2.02290833333333,0.604388315217391,0.811114583333333,0.991666666666667,1.277625,1.73722291666667,342,312,0,285,309.481243455134,0,0,,,0,0,0,0,174,71,0,0.741083333333333,234,0.1513,1.06225469274947,2.17420833333333,0.847405607011635,1.27447776196184,0.617910714285714,2.01580952380952,0.39225,336,306,Chinook,EIT,2020
CHC,290,290,0,0,0,0,0,0.732006751027973,0.308731144807123,0.0953149197739169,1.45884722222222,0.273725,0.530770833333333,0.709770833333333,0.883239583333333,1.36024166666667,151,312,0,290,212.281957798112,0,0,,,0,0,0,0,290,290,0,0.512,234,0.0367777777777778,0.722011693286444,1.495625,0.522341560923427,0.921039306762561,0.263696428571429,1.40606547619048,0.350625,145,306,Chinook,EIT,2020
LAK,290,290,0,0,0,0,0,1.07566781303497,0.376132790425767,0.141475876033474,1.88370833333333,0.60908125,0.779833333333333,0.9875625,1.36784375,1.76046458333333,151,312,0,289,311.943665780142,0,0,,,0,0,0,0,289,289,0,0.460291666666667,234,0.13875,1.06830138856187,2.02245833333333,0.857334653755869,1.28054313068125,0.501136904761905,1.83247023809524,0.371666666666667,145,306,Chinook,EIT,2020
MAR,290,290,0,0,0,0,0,0.961995665028915,0.465230633288831,0.216439542150327,2.06859615384615,0.404339583333333,0.63915625,0.8216875,1.20292708333333,1.91267291666667,339,312,0,284,278.978742858385,0,0,,,0,0,0,0,109,71,0,0.835208333333333,234,0.130153846153846,0.957341712781035,2.19875,0.704096123751053,1.22909879567259,0.393416819291819,2.00947023809524,0.377666666666667,333,306,Chinook,EIT,2020
SFS,290,290,0,0,0,0,0,1.35014140682318,0.583837087836686,0.340865745133622,2.6175,0.694808333333333,0.898625,1.12722916666667,1.74107291666667,2.497575,138,312,0,239,391.541007978723,0,0,,,0,0,0,0,108,34,0,0.974166666666667,234,0.185,1.34084711058907,2.8025,1.06108773474178,1.62839333920188,0.571809523809524,2.60038095238095,0.4564375,132,306,Chinook,EIT,2020
VAL,290,290,0,0,0,0,0,0.832134864658613,0.296798724394199,0.088089482802024,1.43400641025641,0.399464583333333,0.6341875,0.795208333333333,0.98809375,1.39815625,125,312,0,290,241.319110750998,0,0,,,0,0,0,0,290,290,0,0.492041666666667,234,0.131076923076923,0.825759150867028,1.56508333333333,0.637399296843816,1.00307071596244,0.346607142857143,1.47492857142857,0.337875,119,306,Chinook,EIT,2020
,290,290,0,0,0,0,0,1.38595026102738,0.535763646672369,0.287042685095675,2.90875,0.8136125,1.06511458333333,1.28520833333333,1.50994791666667,2.81763541666667,137,357,0,262,401.925575697941,0,0,,,0,0,0,0,262,262,0,0.511375,233,0.508083333333333,1.37064079391682,3.41683333333333,1.13925047688304,1.59677428496417,0.774875,3.15629761904762,0.426604166666667,131,351,Chinook,EIT,2021
BIU,290,290,0,0,0,0,0,1.19513577280509,0.427434496862196,0.182700249107839,3.05745833333333,0.661370833333333,0.950572916666667,1.14258333333333,1.34223958333333,2.08038125,148,360,0,274,346.589374113475,0,0,,,0,0,0,0,264,91,0,0.77725,233,0.356333333333333,1.18065419288782,3.41379166666667,0.95304898361802,1.41451217723005,0.445428571428571,2.74559523809524,0.40625,142,354,Chinook,EIT,2021
CAM,290,290,0,0,0,0,0,1.50955584494987,0.420868598336758,0.177130377065947,2.98529166666667,1.0489,1.26266666666667,1.4193125,1.67752083333333,2.23111875,148,358,0,266,437.771195035461,0,0,,,0,0,0,0,147,53,0,0.704708333333333,233,0.645208333333333,1.49192349442399,3.6305,1.25022844558486,1.72881792840376,0.867994047619048,3.091375,0.42525,142,352,Chinook,EIT,2021
CHA,290,290,0,0,0,0,0,1.29904281770405,0.405706048716233,0.164597397964938,2.27825,0.782139583333333,1.00345833333333,1.22452083333333,1.46759375,2.09811875,147,358,0,268,376.722417134175,0,0,,,0,0,0,0,124,53,0,0.636583333333333,234,0.467375,1.28451151156589,2.745625,1.03074057205552,1.540403310995,0.829476190476191,2.44055952380952,0.41854347826087,141,352,Chinook,EIT,2021
LAK,290,290,0,0,0,0,0,0.795838986357885,0.414906846038211,0.172147690889376,2.125375,0.300158333333333,0.500177083333333,0.678520833333333,1.02054166666667,1.68935625,148,101,0,287,230.793306043787,0,0,,,0,0,0,0,147,95,0,0.52475,233,0.094625,0.786943335331911,2.22,0.56193335768155,1.01174354460094,0.358166666666667,1.94671428571429,0.426729166666667,142,95,Chinook,EIT,2021
LOO,290,290,2,0.00689655172413793,1,0.00344827586206897,0.0103448275862069,0.750536450570888,0.406691558261665,0.165398023561301,2.0845,0.27385,0.466875,0.655145833333333,0.973791666666667,1.62198541666666,148,359,0,286,216.154497764416,0,0,,,0,0,0,0,151,71,0,0.928375,233,0.0205,0.738259487992298,2.105,0.487162288194942,1.00701217723005,0.166675,1.84177976190476,0.4208125,142,353,Chinook,EIT,2021
MAR,290,290,6,0.0206896551724138,4,0.0137931034482759,0.0344827586206897,0.635578108753319,0.471169816686157,0.222000996156066,2.31491666666667,0.1185,0.337770833333333,0.52025,0.706760416666667,1.72257708333333,148,346,0,276,180.504182885942,0,0,,,0,0,0,0,141,69,0,0.59925,233,0.007,0.613671817945447,2.32191666666667,0.383475167012117,0.852246899877526,0.107236956521739,2.13664285714286,0.411958333333333,142,340,Chinook,EIT,2021
VAL,290,290,0,0,0,0,0,0.849855846681443,0.382800382894055,0.146536133143835,2.1693446969697,0.328052083333333,0.605885416666667,0.796333333333333,1.02455208333333,1.6849875,151,358,0,286,246.458195537618,0,0,,,0,0,0,0,286,286,0,0.564791666666667,233,0.0313636363636364,0.839416789284035,2.20070833333333,0.617618870095168,1.03893676643192,0.13142649017649,2.03218452380952,0.393854166666667,145,352,Chinook,EIT,2021
,290,290,0,0,0,0,0,1.32064821714143,0.696720173766778,0.485419000533609,3.26645833333333,0.6712,0.935239583333333,1.120875,1.334125,3.07159583333333,134,53,0,255,382.987982971015,0,0,,,0,0,0,0,255,255,0,0.422833333333333,233,0.415625,1.30990683977051,3.68208333333333,1.04493148474178,1.55834533450704,0.700505952380952,3.576375,0.5000625,128,47,Chinook,EIT,2022
BIU,290,290,0,0,0,0,0,1.18209912876009,0.615437045438526,0.378762756898103,3.48383333333333,0.546220833333333,0.821583333333333,1.08758333333333,1.25260416666667,2.592775,141,53,0,260,342.808747340426,0,0,,,0,0,0,0,257,130,0,0.505833333333333,233,0.238333333333333,1.16591007614838,3.72216666666667,0.90121698943662,1.4216698756368,0.531565476190476,3.45444642857143,0.5068125,135,47,Chinook,EIT,2022
BVC,290,290,0,0,0,0,0,3.14681197526237,0.78091233816111,0.609824079892251,4.08970833333333,2.46072916666667,2.74498958333333,2.939125,3.21586458333333,5.36432708333333,142,89,0,0,912.575472826087,0,27,,,21,9,0,0,0,0,0,0.55075,,2.22758333333333,3.12608506109119,6.31729166666667,2.87276848591549,3.36045208205756,2.39326785714286,6.16138095238095,0.46925,136,83,Chinook,EIT,2022
CAM,290,290,0,0,0,0,0,1.03654051529603,0.725800547258628,0.526786434400923,3.64420833333333,0.347197916666667,0.642833333333333,0.901416666666667,1.06321875,2.89168958333333,139,53,0,264,300.596749435848,0,0,,,0,0,0,0,260,132,0,0.84775,233,0.125458333333333,1.01682018999879,3.76966666666667,0.726862115877081,1.28836106220657,0.372428571428571,3.70954761904762,0.533270833333333,133,47,Chinook,EIT,2022
CHA,290,290,0,0,0,0,0,3.43020619365317,1.30192966471864,1.69502085187438,5.39595833333333,0.78219375,2.62115625,3.81947916666667,4.43152083333333,4.92207083333333,320,239,0,51,994.75979615942,0,135,,,70,13,0,0,26,12,0,1.14245833333333,233,0.457083333333333,3.46839804985711,5.85304166666667,3.11765272887324,3.81221527990406,0.637434523809524,5.65675595238095,0.61075,314,233,Chinook,EIT,2022
LAK,290,290,0,0,0,0,0,0.905999005429424,0.601936886248397,0.362328015026416,3.52733578431373,0.27486875,0.571416666666667,0.745104166666667,1.02244791666667,2.54876666666667,142,15,0,271,262.739711574533,0,0,,,0,0,0,0,271,271,0,0.691166666666667,233,0.0327058823529412,0.888950485088061,3.56004166666667,0.618703780817705,1.16139466274598,0.221166666666667,3.06492261904762,0.541133333333333,136,9,Chinook,EIT,2022
LOO,290,290,1,0.00344827586206897,1,0.00344827586206897,0.00689655172413793,0.906478289818559,0.524973502077245,0.275597177883247,2.57285984848485,0.219283333333333,0.586333333333333,0.802083333333333,1.06554166666667,1.97456666666667,141,79,0,276,261.972225757564,0,0,,,0,0,0,0,153,69,0,0.680916666666667,233,0.0556818181818182,0.895061906305489,2.62854166666667,0.606396853949786,1.17941035798122,0.189510281385281,2.48506547619048,0.499194444444445,135,73,Chinook,EIT,2022
SFS,290,290,0,0,0,0,0,1.29579846326837,0.831770489065623,0.691842146480466,3.79475,0.4669125,0.763020833333333,0.983166666666667,1.57559375,3.1109,142,52,0,241,375.781554347826,0,2,,,2,2,0,0,96,60,0,0.914666666666667,233,0.223583333333333,1.28011777184848,4.01833333333333,0.92684169600939,1.62429601066544,0.544815476190476,3.82554166666667,0.6545625,136,46,Chinook,EIT,2022
VAL,290,290,0,0,0,0,0,0.876717897231454,0.513143290190969,0.263316036268013,2.587475,0.269858333333333,0.595645833333333,0.7764375,0.944822916666667,2.14726041666667,140,53,0,271,254.248190197122,0,0,,,0,0,0,0,271,271,0,0.501166666666667,233,0.0599,0.863337817595499,2.647375,0.627478733297219,1.08039917585221,0.302325,2.56626190476191,0.43798731884058,134,47,Chinook,EIT,2022
,291,291,1,0.00343642611683849,1,0.00343642611683849,0.00687285223367698,1.43864103448276,0.626498406144621,0.392500252901751,3.03108333333333,0.77255,1.05621875,1.23279166666667,1.58684375,2.78443958333333,150,62,0,239,417.2059,0,0,,,0,0,0,0,120,47,0,1.08458333333333,233,0.45175,1.42389230437204,3.48283333333333,1.15223168319349,1.7339005021612,0.74972619047619,3.24665476190476,0.547416666666667,144,56,Chinook,EIT,2023
BVC,291,291,0,0,0,0,0,3.01660657378356,0.571052785778277,0.326101284145131,3.10216666666667,2.422125,2.68660416666667,2.868375,3.12716666666667,4.3219375,136,38,0,0,877.832512971015,0,24,,,15,8,0,0,0,0,0,0.5045,,2.15325,3.00476758937198,5.25541666666667,2.76450073099415,3.24164377777778,2.38265476190476,5.08735119047619,0.445375,130,32,Chinook,EIT,2023
CHA,291,291,1,0.00343642611683849,1,0.00343642611683849,0.00687285223367698,1.37724908845577,0.540947133210888,0.292623800929078,2.789375,0.753166666666667,1.01719791666667,1.2228125,1.6715,2.58091041666667,150,62,0,247,399.402235652174,0,0,,,0,0,0,0,102,30,0,0.881291666666667,233,0.398166666666667,1.36501634133038,3.18754166666667,1.07749793567251,1.66621713068904,0.697569444444445,2.58092261904762,0.525541666666667,144,56,Chinook,EIT,2023
CHC,291,291,0,0,0,0,0,0.617230215897206,0.390917172154472,0.152816235485249,2.01716666666667,0.05,0.365729166666667,0.614416666666667,0.805833333333333,1.46714583333333,151,62,0,291,180.596742826087,0,0,,,0,0,0,0,291,291,0,1.01991666666667,233,-0.244041666666667,0.604120860375577,1.773125,0.373971122807018,0.85680365497076,-0.014625,1.68233333333333,0.478291666666667,145,56,Chinook,EIT,2023
VAL,291,291,0,0,0,0,0,0.838523814183973,0.362054676242873,0.131083588589332,1.746,0.32875,0.5991875,0.806791666666667,0.9903125,1.56816666666667,136,62,0,291,244.010429927536,0,0,,,0,0,0,0,291,291,0,0.413375,233,0.02825,0.830253973012241,1.77425,0.632334064327485,1.02064649122807,0.256166666666667,1.71079761904762,0.3805,130,56,Chinook,EIT,2023
BVC,290,290,0,0,0,0,0,3.47129592403798,0.742031590084,0.550610880682589,3.69595833333333,2.74958125,2.98170833333333,3.21420833333333,3.656125,5.23189166666667,129,72,0,0,1006.67581797101,0,45,,,35,15,0,0,0,0,0,0.491,,2.479875,3.45689435402269,6.17583333333333,3.22757309859155,3.68447232853644,2.64152976190476,5.8966130952381,0.4139375,123,66,Chinook,EIT,2024
MAR,290,290,0,0,0,0,0,0.919681706146927,0.629793672433671,0.39664006983749,3.03283333333333,0.24824375,0.510635416666667,0.708958333333333,1.1511875,2.42160416666667,129,72,0,265,266.767444782609,0,0,,,0,0,0,0,257,132,0,0.647208333333333,234,-0.0414166666666667,0.905472202453853,2.99141666666667,0.664214823943662,1.14766951801388,0.10189880952381,2.76044642857143,0.430458333333333,123,66,Chinook,EIT,2024
SFS,290,290,0,0,0,0,0,1.37631024312844,0.786101283349801,0.617955227684204,3.16933333333333,0.58764375,0.787125,1.03760416666667,1.70382291666667,3.05990208333333,129,255,0,231,399.129970507246,0,0,,,0,0,0,0,139,38,0,1.00941666666667,234,0.413333333333333,1.36507620819118,3.58266666666667,1.07526344483568,1.68508489615228,0.587660714285714,3.3152380952381,0.522833333333333,123,249,Chinook,EIT,2024
VAL,290,290,0,0,0,0,0,1.19745646601699,0.504833129469742,0.254856488610214,2.302375,0.67013125,0.877604166666667,1.043875,1.29836458333333,2.363125,129,72,0,251,347.262375144928,0,0,,,0,0,0,0,242,62,0,0.376291666666667,234,0.451666666666667,1.18750731523197,2.75404166666667,1.0001772241784,1.37214848055726,0.589880952380952,2.53551785714286,0.371666666666667,123,66,Chinook,EIT,2024
BVC,290,290,0,0,0,0,0,3.13317011494253,0.597214583662315,0.356665258938953,3.006125,2.54350833333333,2.71907291666667,2.92564583333333,3.41180208333333,4.35871666666667,132,48,0,0,908.619333333333,0,28,,,21,7,0,0,0,0,0,0.557916666666667,,2.11679166666667,3.12815444751844,5.12291666666667,2.91688556338028,3.33897109741784,2.46022619047619,5.06135714285714,0.3739375,126,42,Chinook,EIT,2025
CHC,290,290,0,0,0,0,0,0.848278315092454,0.413602614795869,0.17106712296598,2.32316666666667,0.347310416666667,0.586291666666667,0.7549375,1.04802083333333,1.75524791666667,132,48,0,284,246.169128043478,0,0,,,0,0,0,0,267,142,0,0.818458333333333,233,-0.120583333333333,0.840298992104803,2.20258333333333,0.644870892018779,1.03936949530516,0.188946428571429,2.0817380952381,0.343729166666667,126,42,Chinook,EIT,2025
HER,290,290,0,0,0,0,0,0.583268390804598,0.534315594143069,0.28549315414446,3.48783333333333,0.1235125,0.3254375,0.466458333333333,0.6380625,1.88647083333333,28,48,0,276,170.0125,0,0,,,0,0,0,0,138,92,0,0.731208333333333,233,-0.342791666666667,0.582072162139504,3.14504166666667,0.332776115023474,0.835498386150235,-0.0347083333333333,2.8407380952381,0.339479166666667,22,42,Chinook,EIT,2025
LAK,290,290,0,0,0,0,0,0.980917385057471,0.476144673385595,0.226713749993475,2.20341666666667,0.430354166666667,0.5989375,0.800145833333333,1.33589583333333,1.85235208333333,133,48,0,283,284.466041666667,0,0,,,0,0,0,0,267,141,0,0.678666666666667,233,0.039375,0.97670944416499,2.24279166666667,0.776608421361502,1.1762051056338,0.420220238095238,2.11690476190476,0.330666666666667,127,42,Chinook,EIT,2025
LOO,290,290,0,0,0,0,0,1.00441451149425,0.541172473789412,0.292867646387352,3.26070833333333,0.457122916666667,0.665333333333333,0.8245,1.18896875,2.09653541666667,16,48,0,272,291.3125,0,0,,,0,0,0,0,137,54,0,0.724333333333333,233,-0.0322916666666667,0.999593435613682,3.22841666666667,0.763966842723005,1.2445576584507,0.291779761904762,2.90964880952381,0.349083333333333,10,42,Chinook,EIT,2025
MAR,290,290,0,0,0,0,0,1.26246163793103,0.543335804348785,0.295213796287341,2.59695833333333,0.696397916666667,0.899791666666667,1.03854166666667,1.63222916666667,2.4461625,132,48,0,255,366.113875,0,0,,,0,0,0,0,137,42,0,0.59675,233,0.181583333333333,1.25776335093897,2.77854166666667,1.04235490023474,1.47278506455399,0.470130952380952,2.66835119047619,0.326020833333333,126,42,Chinook,EIT,2025
SFS,290,290,0,0,0,0,0,1.27777643678161,0.716816187349595,0.51382544644641,2.72275,0.41140625,0.682302083333333,1.0584375,1.9639375,2.65743958333333,132,48,0,225,370.555166666667,0,0,,,0,0,0,0,136,25,0,0.516875,233,0.253666666666667,1.27676481807512,2.97641666666667,1.05040096830986,1.52203125,0.373922619047619,2.87451190476191,0.373708333333333,126,42,Chinook,EIT,2025
VAL,290,290,0,0,0,0,0,1.1713968908046,0.404761740566366,0.163832066626314,2.13479166666667,0.704977083333333,0.876270833333333,1.0535,1.45055208333333,1.94131458333333,134,48,0,278,339.705098333333,0,0,,,0,0,0,0,232,92,0,0.495041666666667,233,0.213958333333333,1.16712859490275,2.34875,0.990013644366197,1.3418378814554,0.482255952380952,2.24226785714286,0.330916666666667,128,42,Chinook,EIT,2025
MAR,139,139,0,0,0,0,0,1.57243830390233,0.255617622314827,0.0653403688378857,1.19970833333333,1.2233875,1.40770833333333,1.53304166666667,1.73708333333333,2.03714166666667,132,233,0,139,218.568924242424,0,0,,,0,0,0,0,139,139,0,0.274833333333333,111,1.14583333333333,1.58135634947759,2.34554166666667,1.43597023809524,1.71535876623377,1.25718452380952,2.21856547619048,0.242166666666667,126,227,Chinook,PRFT,1993
STH,139,139,0,0,0,0,0,2.29568441247002,0.650715937230691,0.423431230966017,2.30416666666667,1.244925,1.57708333333333,2.43695833333333,2.8683125,3.22655416666667,133,211,0,139,319.100133333333,0,0,,,0,0,0,0,139,139,0,0.287666666666667,111,1.17479166666667,2.3022839867526,3.47895833333333,2.12947681704261,2.46298007518797,1.2431369047619,3.26736904761905,0.278833333333334,127,205,Chinook,PRFT,1993
VAL,139,139,0,0,0,0,0,2.4271969229811,0.402526524465437,0.162027602898224,1.51241666666667,1.87124166666667,2.06608333333333,2.46645833333333,2.7433125,3.09687916666667,133,233,0,139,337.380372294372,0,0,,,0,0,0,0,139,139,0,0.337416666666667,111,1.72470833333333,2.42945889480194,3.237125,2.29345109933926,2.56594705513784,1.84094642857143,3.08648214285714,0.25425,127,227,Chinook,PRFT,1993
MAR,139,139,0,0,0,0,0,2.47102505995204,0.783711659079274,0.614203964576788,3.04170833333333,1.13119583333333,2.026625,2.51216666666667,3.1601875,3.489475,155,110,0,139,343.472483333333,0,0,,,0,0,0,0,139,139,0,0.362458333333333,111,0.7495,2.51577457930541,3.79120833333333,2.32327380952381,2.71199172932331,0.895309523809524,3.5817380952381,0.358,149,105,Chinook,PRFT,1994
STH,139,139,0,0,0,0,0,3.94342530521038,0.60758540783307,0.369160027811678,2.34154166666667,3.04020416666667,3.45616666666667,4.01641666666667,4.47477083333333,4.89710568181818,180,110,0,69,548.136117424243,0,0,,,0,0,0,0,37,23,0,0.362333333333333,111,2.70791666666667,3.97734826921199,5.04945833333333,3.80206923558897,4.146164160401,2.84470238095238,4.89741558441559,0.321041666666666,174,105,Chinook,PRFT,1994
VAL,139,139,0,0,0,0,0,3.07925115621788,0.626508373850276,0.392512742504518,2.31658333333333,2.2125125,2.47864583333333,3.033,3.69533333333333,3.93495833333333,179,110,0,134,428.015910714286,0,0,,,0,0,0,0,65,33,0,0.404291666666667,111,1.92029166666667,3.11822337092732,4.236875,2.92831986215539,3.31174306301468,2.06672619047619,3.97624404761905,0.354541666666667,173,105,Chinook,PRFT,1994
MAR,139,139,0,0,0,0,0,2.82724460431655,0.857023872213102,0.734489917543139,3.23804166666667,1.78192916666667,2.09604166666667,2.52058333333333,3.36933333333333,4.4314875,162,107,0,121,392.987,0,0,,,0,0,0,0,74,40,0,0.429625,112,1.62229166666667,2.87323532044397,4.86033333333333,2.64680294486216,3.10241196741855,1.74067261904762,4.6687380952381,0.389916666666667,156,106,Chinook,PRFT,1995
STH,139,139,3,0.0215827338129496,3,0.0215827338129496,0.0431654676258993,2.63449019607843,0.415039644414956,0.172257906436093,1.933875,2.055625,2.32047916666667,2.60577083333333,2.84842708333333,3.36204166666667,160,240,0,136,358.290666666667,0,0,,,0,0,0,0,136,136,0,0.508458333333333,112,1.90754166666667,2.63685409132951,3.84141666666667,2.44464003759399,2.83367731829574,1.98590625,3.62231547619048,0.357875,154,234,Chinook,PRFT,1995
VAL,139,139,25,0.179856115107914,25,0.179856115107914,0.359712230215827,2.73204183375104,0.592306291116331,0.350826742495984,2.75366666666667,1.6214025,2.44239583333333,2.74133333333333,3.13916666666667,3.62171041666667,158,218,0,112,311.452769047619,0,0,,,0,0,0,0,60,56,0,0.549916666666666,112,1.37883333333333,2.72536595257986,4.1325,,,1.41055952380952,3.76257142857143,0.374625,152,212,Chinook,PRFT,1995
MAR,139,139,11,0.079136690647482,11,0.079136690647482,0.158273381294964,2.818453125,0.879296467604539,0.77316227794182,2.97933333333333,1.69734375,2.09434375,2.51195833333333,3.755,4.16916458333333,161,108,0,109,360.762,0,0,,,0,0,0,0,65,21,0,0.29875,111,1.38695833333333,2.82676189468626,4.36629166666667,,,1.5468869047619,4.16277380952381,0.381458333333333,155,105,Chinook,PRFT,1996
STH,139,139,11,0.079136690647482,11,0.079136690647482,0.158273381294964,1.75599988511029,0.600294255808574,0.360353193556769,2.33758333333333,0.945433333333333,1.24432291666667,1.74120833333333,2.21417708333333,2.78523333333333,135,227,0,128,224.767985294118,0,0,,,0,0,0,0,128,128,0,0.279208333333334,111,0.732833333333333,1.73523350124555,3.07041666666667,,,0.852990604575163,2.90682142857143,0.325041666666667,129,221,Chinook,PRFT,1996
MAR,139,139,10,0.0719424460431655,10,0.0719424460431655,0.143884892086331,0.99186215393134,0.367538980495366,0.135084902183573,1.70581547619048,0.417166666666667,0.716666666666667,0.950833333333333,1.27166666666667,1.56199166666667,197,115,0,129,127.950217857143,0,0,,,0,0,0,0,129,129,0,0.864466666666667,121,0.0441428571428571,0.964665307550669,1.74995833333333,,,0.0441428571428571,1.59616071428571,0.283458333333333,191,109,Chinook,PRFT,1997
SEC,139,139,0,0,0,0,0,2.05220473621103,0.807913141298556,0.652723643882901,2.970375,0.89055,1.31633333333333,2.10566666666667,2.74735416666667,3.17750833333333,129,105,0,139,285.256458333333,0,0,,,0,0,0,0,139,139,0,0.397416666666667,111,0.381125,2.10839061940566,3.3515,1.8963280075188,2.33575595238095,0.721952380952381,3.21058333333333,0.381541666666667,123,105,Chinook,PRFT,1997
STH,139,139,0,0,0,0,0,3.37687130295763,0.568154773379342,0.322799846513731,1.984125,2.4668375,2.8238125,3.475,3.90210416666667,4.1595125,165,229,0,115,469.385111111111,0,0,,,0,0,0,0,58,23,0,0.465083333333333,111,2.374125,3.41020169471297,4.35825,3.24873203842941,3.57256599832916,2.48614285714286,4.17064285714286,0.288708333333333,159,223,Chinook,PRFT,1997
VAL,139,139,0,0,0,0,0,2.24834349362615,0.615317708143111,0.378615881954491,2.37395833333333,1.21181666666667,1.6753125,2.49958333333333,2.72845833333333,3.00775833333333,177,237,0,139,312.519745614035,0,0,,,0,0,0,0,139,139,0,0.496083333333333,111,1.128125,2.28210997418358,3.50208333333333,2.11132108231104,2.45824777404036,1.20740476190476,3.11982142857143,0.297458333333333,171,231,Chinook,PRFT,1997
MAR,139,139,0,0,0,0,0,2.25102196424678,0.852905797542371,0.727448299481388,2.82241666666667,1.31273333333333,1.49645833333333,1.96204166666667,3.02208333333333,3.71925,147,242,0,139,312.892053030303,0,0,,,0,0,0,0,139,139,0,0.378083333333334,111,1.05145833333333,2.28998178075058,3.873875,2.08695779220779,2.48190547391205,1.25682142857143,3.753125,0.352708333333333,141,236,Chinook,PRFT,1998
SEC,139,139,10,0.0719424460431655,10,0.0719424460431655,0.143884892086331,2.37088902166253,1.05939549180471,1.12231880805613,3.67970833333333,1.0058,1.43483333333333,2.06616666666667,3.440125,4.14175,146,242,0,119,305.844683794466,0,0,,,0,0,0,0,73,39,0,0.444416666666667,121,0.709666666666667,2.40107182288908,4.389375,,,0.930130952380952,4.2015,0.362333333333333,140,236,Chinook,PRFT,1998
SFS,139,139,0,0,0,0,0,1.61558497549786,0.67655186204659,0.457722422038708,2.76645833333333,0.839208333333333,1.01804166666667,1.509625,2.03608333333333,2.82750416666667,146,242,0,139,224.566311594203,0,0,,,0,0,0,0,139,139,0,0.307916666666667,111,0.5755,1.63693203311073,3.34195833333333,1.43160196687371,1.84092293233083,0.783011904761905,3.15633928571429,0.3485,140,236,Chinook,PRFT,1998
STH,139,139,0,0,0,0,0,2.52164988009592,0.455603964719427,0.207574972668061,1.77341666666667,1.89218333333333,2.10016666666667,2.586375,2.84758333333333,3.27018333333333,168,242,0,139,350.509333333333,0,0,,,0,0,0,0,139,139,0,0.302875,111,1.7075,2.52645502148228,3.48091666666667,2.34211497493734,2.69776723057644,1.90459523809524,3.32951785714286,0.316583333333333,162,236,Chinook,PRFT,1998
VAL,139,139,0,0,0,0,0,2.25367386091127,0.65883358028937,0.43406168651691,2.375125,1.37424583333333,1.69072916666667,2.14841666666667,2.82358333333333,3.36924583333333,170,242,0,139,313.260666666667,0,0,,,0,0,0,0,139,139,0,0.249291666666667,111,1.163125,2.28698939312567,3.53825,2.10902694235589,2.46365977443609,1.34588095238095,3.41725595238095,0.312,164,236,Chinook,PRFT,1998
MAR,139,139,0,0,0,0,0,1.61435131894484,0.578734467752625,0.334933584164914,2.067,0.902504166666667,1.08727083333333,1.65095833333333,2.11641666666667,2.57203333333333,149,244,0,139,224.394833333333,0,0,,,0,0,0,0,139,139,0,0.338458333333333,112,0.713125,1.64052846401719,2.780125,1.48534273182957,1.79118577694236,0.828440476190476,2.67220238095238,0.258708333333333,143,238,Chinook,PRFT,1999
SEC,139,139,0,0,0,0,0,1.55727248201439,0.522313812189993,0.272811718404443,2.06683333333333,0.6577625,1.166,1.715875,1.87372916666667,2.31267916666667,143,208,0,139,216.460875,0,0,,,0,0,0,0,139,139,0,1.02283333333333,112,0.50825,1.56101024883638,2.57508333333333,1.38549028822055,1.74401347117795,0.601077380952381,2.43863095238095,0.296041666666667,137,202,Chinook,PRFT,1999
SFS,139,139,0,0,0,0,0,1.38591447711396,0.624732252525416,0.39029038734548,2.290625,0.4663125,0.8678125,1.47245833333333,1.9355,2.28200416666667,144,244,0,139,192.642112318841,0,0,,,0,0,0,0,139,139,0,0.353875,112,0.190166666666667,1.40867619358956,2.48079166666667,1.25886832570557,1.55854479949875,0.326910714285714,2.34166071428571,0.261416666666667,138,238,Chinook,PRFT,1999
STH,139,139,0,0,0,0,0,1.91073261390887,0.481521898061431,0.231863338312683,1.80329166666667,1.17540833333333,1.50210416666667,1.923875,2.35175,2.61254583333333,121,244,0,139,265.591833333333,0,0,,,0,0,0,0,139,139,0,0.363625,112,0.952708333333333,1.92873182957393,2.756,1.77196553884712,2.07445927318296,1.07403571428571,2.62982738095238,0.310333333333333,115,238,Chinook,PRFT,1999
VAL,139,139,0,0,0,0,0,1.55013213429257,0.405098712932746,0.164104967219768,1.6635,1.02164583333333,1.1948125,1.524375,1.87620833333333,2.20902083333333,165,244,0,139,215.468366666667,0,0,,,0,0,0,0,139,139,0,0.49475,112,0.924541666666667,1.56281693519513,2.58804166666667,1.41374561403509,1.71505883458647,1.03300595238095,2.24326785714286,0.23375,159,238,Chinook,PRFT,1999
MAR,139,139,0,0,0,0,0,1.43530418491294,0.358426616804241,0.128469639633734,1.67159420289855,0.931708333333333,1.16322916666667,1.38883333333333,1.63510416666667,2.13385,136,110,0,139,199.507281702899,0,0,,,0,0,0,0,139,139,0,0.373375,111,0.796666666666667,1.45470494656673,2.46826086956522,1.3121876566416,1.59809847308489,0.95339880952381,2.22340036231884,0.254291666666667,130,105,Chinook,PRFT,2000
STH,139,139,0,0,0,0,0,2.09490707434053,0.368908944166531,0.136093809086064,1.50920833333333,1.48072916666667,1.84441666666667,2.12583333333333,2.31541666666667,2.7084875,136,241,0,139,291.192083333333,0,0,,,0,0,0,0,139,139,0,0.243,111,1.38570833333333,2.11153320802005,2.89491666666667,1.97177600250627,2.24589724310777,1.47620833333333,2.78783333333333,0.23825,130,235,Chinook,PRFT,2000
VAL,139,139,0,0,0,0,0,1.4899559352518,0.365379973458141,0.133502525004272,1.738125,0.948233333333333,1.1928125,1.4605,1.70197916666667,2.1342,136,241,0,139,207.103875,0,0,,,0,0,0,0,139,139,0,0.407791666666667,111,0.866333333333333,1.50599955245256,2.60445833333333,1.37328446115288,1.6387615914787,0.948404761904762,2.28822023809524,0.234708333333334,130,235,Chinook,PRFT,2000
MAR,139,139,0,0,0,0,0,1.4905852100928,0.45644720301006,0.208344049135707,2.053625,0.9803,1.15816666666667,1.31045833333333,1.83970833333333,2.44357916666667,151,116,0,139,207.191344202899,0,0,,,0,0,0,0,139,139,0,0.363208333333333,111,0.933791666666667,1.50683068502,2.98741666666667,1.34345277596164,1.67931203007519,1.00242857142857,2.70102380952381,0.275708333333333,145,110,Chinook,PRFT,2001
SEC,139,139,0,0,0,0,0,2.63067805755396,0.843281754469787,0.711124117421642,3.122375,1.58069583333333,1.86445833333333,2.441875,3.3601875,4.17809583333333,150,232,0,129,365.66425,0,0,,,0,0,0,0,86,64,0,0.3805,111,1.420125,2.65889921231651,4.5425,2.4711212406015,2.86061027568922,1.4881130952381,4.37205952380952,0.367041666666667,144,226,Chinook,PRFT,2001
SFS,139,139,0,0,0,0,0,1.68758063549161,0.565168064720618,0.319414941380048,2.41591666666667,0.725304166666667,1.20704166666667,1.764875,2.12477083333333,2.62556666666667,151,241,0,139,234.573708333333,0,0,,,0,0,0,0,139,139,0,0.34925,111,0.431666666666667,1.70888681525242,2.84758333333333,1.55104949874687,1.87800971177945,0.585190476190476,2.73177976190476,0.29375,145,235,Chinook,PRFT,2001
STH,139,139,0,0,0,0,0,2.29505125899281,0.333504571705915,0.111225299348746,1.57629166666667,1.87108333333333,2.01452083333333,2.26920833333333,2.54545833333333,2.82880833333333,154,116,0,139,319.012125,0,0,,,0,0,0,0,139,139,0,0.403333333333333,111,1.62416666666667,2.29803428213391,3.20045833333333,2.15092136591479,2.44157738095238,1.82717857142857,3.10968452380952,0.265291666666667,148,110,Chinook,PRFT,2001
VAL,139,139,0,0,0,0,0,1.36753806954436,0.423004152961832,0.178932513422957,1.79158333333333,0.763595833333333,1.0755625,1.28779166666667,1.695,2.144225,151,226,0,139,190.087791666667,0,0,,,0,0,0,0,139,139,0,0.325458333333333,111,0.645916666666667,1.37536895810956,2.4375,1.22490100250627,1.52414724310777,0.756666666666667,2.32697619047619,0.292166666666666,145,220,Chinook,PRFT,2001
SEC,139,139,0,0,0,0,0,2.58939358513189,1.02145495995157,1.04337023520966,3.825125,1.48364166666667,1.79852083333333,2.23879166666667,3.21235416666667,4.80558333333333,150,234,0,122,359.925708333333,0,0,,,0,0,0,0,83,61,0,0.447541666666667,111,1.41270833333333,2.62545435016112,5.23783333333333,2.41172086466165,2.8491052631579,1.47301785714286,5.08358333333333,0.332583333333333,144,228,Chinook,PRFT,2002
SFS,139,139,0,0,0,0,0,1.65072571942446,0.728651669840007,0.53093325596063,3.05266666666667,0.862083333333333,1.04127083333333,1.54416666666667,2.07054166666667,3.14889583333333,150,218,0,139,229.450875,0,0,,,0,0,0,0,139,139,0,0.337666666666667,111,0.77475,1.66704878267096,3.82741666666667,1.49093890977444,1.85212938596491,0.845690476190476,3.50558333333333,0.299375,144,212,Chinook,PRFT,2002
STH,139,139,0,0,0,0,0,2.22507218770438,0.55389660446319,0.306801448435851,2.33433333333333,1.59940416666667,1.74925,2.16041666666667,2.4994375,3.30728333333333,152,128,0,139,309.285034090909,0,0,,,0,0,0,0,139,139,0,0.417875,111,1.46108333333333,2.24913277511962,3.79541666666667,2.102835156072,2.40643922305764,1.57432738095238,3.50977380952381,0.257791666666667,146,122,Chinook,PRFT,2002
VAL,139,139,0,0,0,0,0,1.90517086330935,0.60331722102903,0.363991669190191,2.40754166666667,1.2225375,1.4176875,1.70783333333333,2.19016666666667,3.13610416666667,151,231,0,139,264.81875,0,0,,,0,0,0,0,139,139,0,0.32375,111,1.16741666666667,1.92957805227354,3.57495833333333,1.77731672932331,2.08725187969925,1.21513095238095,3.32032738095238,0.2565,145,225,Chinook,PRFT,2002
MAR,139,139,4,0.0287769784172662,4,0.0287769784172662,0.0575539568345324,1.85505648148148,0.526354679113007,0.277049248224157,1.91020833333333,1.09654166666667,1.28010416666667,1.929375,2.3154375,2.603575,156,235,0,135,250.432625,0,0,,,0,0,0,0,83,67,0,0.327416666666667,112,0.834083333333333,1.87975153359589,2.74429166666667,1.73143233082707,2.02498402255639,1.0201130952381,2.61851190476191,0.222625,150,229,Chinook,PRFT,2003
SFS,139,139,2,0.0143884892086331,2,0.0143884892086331,0.0287769784172662,1.56072080291971,0.450914016017259,0.203323449840813,1.82370833333333,0.886458333333333,1.17091666666667,1.59675,1.95775,2.23901666666667,156,235,0,137,213.81875,0,0,,,0,0,0,0,73,68,0,0.352541666666667,112,0.612666666666667,1.57854197994987,2.436375,1.43275344611529,1.72673276942356,0.82764880952381,2.29969047619048,0.274375,150,229,Chinook,PRFT,2003
STH,139,139,0,0,0,0,0,2.05283902877698,0.308033327380348,0.0948845307770088,1.20779166666667,1.5343625,1.76670833333333,2.09604166666667,2.28664583333333,2.45117916666667,129,235,0,139,285.344625,0,0,,,0,0,0,0,139,139,0,0.259125,112,1.338625,2.06356789294665,2.54641666666667,1.93187468671679,2.18337280701754,1.49085714285714,2.4447380952381,0.247416666666667,123,229,Chinook,PRFT,2003
VAL,139,139,0,0,0,0,0,1.71608663069544,0.352179696209936,0.124030538422523,1.40533333333333,1.20225833333333,1.3868125,1.75875,2.06477083333333,2.20608333333333,150,235,0,139,238.536041666667,0,0,,,0,0,0,0,139,139,0,0.237125,112,0.912541666666667,1.72965418009309,2.317875,1.58575156641604,1.86902788220551,1.12434523809524,2.177,0.258083333333333,144,229,Chinook,PRFT,2003
MAR,139,139,0,0,0,0,0,1.44231864508393,0.471194255739703,0.222024026642092,2.015125,0.8501,1.06679166666667,1.396,1.7078125,2.4534625,141,241,0,139,200.482291666667,0,0,,,0,0,0,0,139,139,0,0.603583333333333,111,0.671833333333333,1.46761273720014,2.68695833333333,1.32149968671679,1.61480639097744,0.828791666666667,2.57357142857143,0.2445,135,235,Chinook,PRFT,2004
SEC,139,139,11,0.079136690647482,11,0.079136690647482,0.158273381294964,2.2557125,0.730800022657159,0.534068673115704,2.95729166666667,1.29988541666667,1.5826875,2.24322916666667,2.63302083333333,3.56324791666667,139,229,0,127,288.7312,0,0,,,0,0,0,0,93,63,0,0.900375,111,1.16779166666667,2.25059496775794,4.12508333333333,,,1.25190416666667,3.76722619047619,0.32675,133,223,Chinook,PRFT,2004
SFS,139,139,0,0,0,0,0,1.2776801558753,0.56077865832577,0.314472703633651,2.75483333333333,0.526166666666667,0.836541666666667,1.23029166666667,1.57566666666667,2.37558333333333,139,241,0,139,177.597541666667,0,0,,,0,0,0,0,139,139,0,1.15516666666667,111,0.389375,1.29777653956319,3.14420833333333,1.12725,1.47202161654135,0.557535714285714,2.69533333333333,0.289875,133,235,Chinook,PRFT,2004
STH,139,139,0,0,0,0,0,1.79375329736211,0.306650411570051,0.0940344749160816,1.47658333333333,1.40177916666667,1.5955625,1.73095833333333,1.90566666666667,2.45969583333333,141,241,0,139,249.331708333333,0,0,,,0,0,0,0,139,139,0,0.463041666666667,111,1.24729166666667,1.80692060508414,2.723875,1.66267857142857,1.93589943609023,1.43109523809524,2.60073214285714,0.240208333333333,135,235,Chinook,PRFT,2004
VAL,139,139,13,0.0935251798561151,13,0.0935251798561151,0.18705035971223,1.37502437770563,0.452135916520557,0.204426887007884,1.96229166666667,0.708385416666667,0.987479166666667,1.44295833333333,1.6433125,2.20971875,141,241,0,126,173.253071590909,0,0,,,0,0,0,0,93,63,0,0.685541666666667,111,0.513375,1.38161713207042,2.47566666666667,,,0.67389880952381,2.32698214285714,0.249875,135,235,Chinook,PRFT,2004
SFS,139,139,0,0,0,0,0,1.95096402877698,0.801690225224336,0.642707217220246,3.23883333333333,1.022025,1.17479166666667,1.87379166666667,2.54375,3.41865,139,241,0,137,271.184,0,0,,,0,0,0,0,103,68,0,0.327166666666666,111,0.821375,1.97366671142141,4.06020833333333,1.78047994987469,2.18452568922306,0.984541666666667,3.77764285714286,0.317958333333333,133,235,Chinook,PRFT,2005
STH,139,139,15,0.107913669064748,15,0.107913669064748,0.215827338129496,2.21733752067825,0.605549424861419,0.366690105949996,2.44470833333333,1.34778958333333,1.68971875,2.15102083333333,2.69138541666667,3.2830625,141,199,0,124,274.949852564103,0,0,,,0,0,0,0,96,62,0,0.344916666666667,111,1.247375,2.20448814533361,3.69208333333333,,,1.25210416666667,3.44184523809524,0.241083333333333,135,193,Chinook,PRFT,2005
VAL,139,139,0,0,0,0,0,2.39029376498801,0.693261365784468,0.480611321289345,2.61733333333333,1.42286666666667,1.71489583333333,2.52758333333333,2.90785416666667,3.49227916666667,140,241,0,139,332.250833333333,0,0,,,0,0,0,0,139,139,0,0.479208333333333,111,1.26675,2.42343984962406,3.88408333333333,2.24964724310777,2.5979884085213,1.38701785714286,3.66932738095238,0.275916666666667,134,235,Chinook,PRFT,2005
BIL,139,139,0,0,0,0,0,1.56898261390887,0.674595302689629,0.455078822410912,2.65208333333333,0.666091666666667,0.988020833333333,1.45604166666667,2.14372916666667,2.75614583333333,134,230,0,139,218.088583333333,0,0,,,0,0,0,0,139,139,0,0.418875,111,0.523166666666667,1.59146428571429,3.17525,1.42294956140351,1.76913345864662,0.641345238095238,2.88276785714286,0.316541666666667,128,224,Chinook,PRFT,2006
MAR,139,139,0,0,0,0,0,1.43554196642686,0.504565543231876,0.254586387416878,1.957125,0.7424875,1.04204166666667,1.31045833333333,1.868625,2.34730833333333,134,231,0,139,199.540333333333,0,0,,,0,0,0,0,139,139,0,0.290583333333333,111,0.658083333333333,1.4521906999642,2.61520833333333,1.31761810776942,1.58767512531328,0.743476190476191,2.45764285714286,0.232208333333333,128,225,Chinook,PRFT,2006
SFS,139,139,0,0,0,0,0,1.87817026378897,0.445790683360052,0.198729333370622,1.64929166666667,1.3704625,1.47985416666667,1.73116666666667,2.23945833333333,2.69897083333333,134,230,0,139,261.065666666667,0,0,,,0,0,0,0,139,139,0,0.303166666666667,111,1.30475,1.88563377192982,2.95404166666667,1.76243013784461,2.01743264411028,1.35025595238095,2.79865476190476,0.243875,128,224,Chinook,PRFT,2006
STH,139,139,25,0.179856115107914,25,0.179856115107914,0.359712230215827,1.86004246411483,0.293368960028322,0.0860653467080991,1.28645833333333,1.44473825757576,1.63914583333333,1.85847916666667,2.03571875,2.4058125,134,108,0,114,212.044840909091,0,0,,,0,0,0,0,114,114,0,0.263083333333334,111,1.359375,1.8567722970621,2.64583333333333,,,1.44458712121212,2.49516666666667,0.237375,128,105,Chinook,PRFT,2006
MAR,139,139,0,0,0,0,0,2.01718045563549,0.773152205350667,0.597764332638599,3.01054166666667,0.96295,1.3035625,1.853,2.67602083333333,3.25909166666667,140,244,0,139,280.388083333333,0,0,,,0,0,0,0,139,139,0,0.628125,112,0.699,2.06294025241676,3.70954166666667,1.8580820802005,2.2563984962406,0.933386904761905,3.50697619047619,0.35475,134,238,Chinook,PRFT,2007
SFS,139,139,0,0,0,0,0,2.11476258992806,0.754361268759015,0.569060923803711,2.91616666666667,1.18349583333333,1.4176875,2.05891666666667,2.69404166666667,3.28361666666667,140,230,0,139,293.952,0,0,,,0,0,0,0,139,139,0,0.982416666666667,112,1.08158333333333,2.11259067311135,3.99775,1.87647243107769,2.34130231829574,1.18181547619048,3.68989285714286,0.2935,134,224,Chinook,PRFT,2007
STH,139,139,0,0,0,0,0,2.32599730215827,0.594141556780008,0.353004189492971,2.280875,1.3864125,1.86029166666667,2.288125,2.81247916666667,3.229625,140,244,0,139,323.313625,0,0,,,0,0,0,0,139,139,0,0.27775,112,1.0785,2.3660552273541,3.359375,2.18799091478697,2.5382030075188,1.33369047619048,3.25302380952381,0.29775,134,238,Chinook,PRFT,2007
VAL,139,139,0,0,0,0,0,2.38277068345324,0.700736435539602,0.491031552092746,2.73325,1.27944583333333,1.85510416666667,2.42883333333333,2.96333333333333,3.35304166666667,140,244,0,139,331.205125,0,0,,,0,0,0,0,139,139,0,0.290833333333334,112,0.92625,2.42748447010383,3.6595,2.23698652882206,2.60597775689223,1.19180952380952,3.4638630952381,0.311875,134,238,Chinook,PRFT,2007
,139,139,0,0,0,0,0,2.52560701438849,0.843128991243249,0.710866495874858,2.99254166666667,1.4202875,1.85997916666667,2.28116666666667,3.06091666666667,4.14013333333333,144,235,0,124,351.059375,0,0,,,0,0,0,0,92,62,0,0.496416666666667,111,1.29266666666667,2.56363726279986,4.28520833333333,2.36547994987469,2.77463784461153,1.36325,4.17640476190476,0.348125,138,229,Chinook,PRFT,2008
BIL,139,139,0,0,0,0,0,3.78439189083516,0.914545743715957,0.836393917348974,3.60920833333333,2.84320833333333,3.09666666666667,3.43833333333333,4.19427083333333,5.702775,140,218,0,98,526.030472826087,0,0,,,0,0,0,0,65,32,0,0.879208333333333,111,2.65729166666667,3.81652928906116,6.2665,3.56784649122807,4.08846972049689,2.77878571428571,5.86400595238095,0.370333333333333,134,212,Chinook,PRFT,2008
BIU,139,139,0,0,0,0,0,2.59569574340528,0.615413851486474,0.378734208601416,2.41079166666667,1.91134166666667,2.09535416666667,2.39091666666667,2.95077083333333,3.86564166666667,150,235,0,135,360.801708333333,0,0,,,0,0,0,0,92,45,0,0.486625,111,1.80854166666667,2.62031256713212,4.21933333333333,2.42042857142857,2.83056046365915,1.92861904761905,3.95632738095238,0.338291666666667,144,229,Chinook,PRFT,2008
BVC,139,139,0,0,0,0,0,4.04832093416176,0.842179184454379,0.709265778728242,3.327375,3.26335,3.43089583333333,3.70683333333333,4.39725,5.84312083333333,140,105,0,88,562.716609848485,0,0,,,0,0,0,0,65,29,0,0.405125,111,2.92479166666667,4.08135147934772,6.25216666666667,3.8970194235589,4.26472744360902,3.25852976190476,5.99502380952381,0.286791666666667,134,105,Chinook,PRFT,2008
CAM,139,139,0,0,0,0,0,2.24538502834096,1.02812870651067,1.05704863715129,4.56833333333333,0.9783875,1.496375,1.97445833333333,2.76935416666667,4.40019583333333,140,235,0,124,312.108518939394,0,0,,,0,0,0,0,90,62,0,0.8085,111,0.792708333333333,2.28895144923998,5.36104166666667,2.03509335839599,2.59128554340396,0.932577380952381,4.46145833333333,0.35375,134,229,Chinook,PRFT,2008
CHA,139,139,0,0,0,0,0,1.7754212282348,0.659953013869465,0.435537980515391,2.53666666666667,0.986520833333333,1.19977083333333,1.65666666666667,2.14004166666667,3.1636625,150,235,0,139,246.783550724638,0,0,,,0,0,0,0,139,139,0,0.893916666666667,111,0.849833333333333,1.7978220337334,3.3865,1.60911842105263,1.97783844121173,0.962863095238095,3.27904761904762,0.285083333333333,144,229,Chinook,PRFT,2008
CHC,139,139,0,0,0,0,0,1.23420331629433,0.529110622118488,0.279958050438614,1.97775,0.34735,0.9863125,1.25779166666667,1.6235625,2.08667916666667,151,235,0,139,171.554260964912,0,0,,,0,0,0,0,139,139,0,0.307458333333333,111,0.237,1.25886666855108,2.21475,1.11625070900937,1.38904394209207,0.356005952380952,2.16314285714286,0.237958333333333,145,229,Chinook,PRFT,2008
HER,139,139,0,0,0,0,0,1.61481728253761,0.647554494318949,0.41932682311267,2.74695833333333,0.585854166666667,1.08885416666667,1.65258333333333,2.0780625,2.53942916666667,174,105,0,139,224.459602272727,0,0,,,0,0,0,0,139,139,0,0.705833333333334,111,0.262625,1.63485030351854,3.00958333333333,1.4693048245614,1.79021773182957,0.600982142857143,2.84420238095238,0.270666666666667,168,105,Chinook,PRFT,2008
LAK,139,139,0,0,0,0,0,2.06526592638932,0.831411696008521,0.691245408259766,3.257125,1.1808,1.4488125,1.77158333333333,2.56764583333333,3.7628625,157,105,0,136,287.071963768116,0,0,,,0,0,0,0,86,34,0,0.889291666666667,111,0.97725,2.10254009635891,4.234375,1.89515977443609,2.339,1.18681547619048,3.83875,0.333125,151,105,Chinook,PRFT,2008
LOO,139,139,0,0,0,0,0,2.18200787551777,0.472731482713323,0.223475054748337,2.31120833333333,1.58566666666667,1.83627083333333,2.07491666666667,2.51514583333333,3.07105416666667,150,105,0,139,303.29909469697,0,0,,,0,0,0,0,139,139,0,0.337541666666667,111,1.01016666666667,2.20286617924682,3.321375,2.03110127591707,2.3779073536113,1.60988095238095,3.21375595238095,0.29275,144,105,Chinook,PRFT,2008
MAR,139,139,0,0,0,0,0,1.82979376498801,0.675626522402611,0.456471197773846,2.76470833333333,1.1250125,1.32314583333333,1.62491666666667,2.28985416666667,3.15945416666667,150,105,0,139,254.341333333333,0,0,,,0,0,0,0,139,139,0,0.372916666666667,111,0.59725,1.86267449874687,3.36195833333333,1.70543201754386,2.00991760651629,1.13406547619048,3.27547023809524,0.265541666666667,144,105,Chinook,PRFT,2008
SEC,139,139,0,0,0,0,0,2.1259810108435,1.02788894977058,1.05655569306046,3.58195833333333,0.903679166666667,1.19545833333333,1.978875,2.8175625,4.12792916666667,144,242,0,128,295.511360507246,0,0,,,0,0,0,0,86,32,0,0.65725,111,0.831625,2.14378471022276,4.41358333333333,1.91364348370927,2.39283458646617,0.922497929606625,4.19994047619048,0.411375,138,236,Chinook,PRFT,2008
STH,139,139,0,0,0,0,0,2.09862589928058,0.539838338229878,0.291425431422797,2.02204166666667,1.34602916666667,1.669,1.99979166666667,2.583125,2.99383333333333,154,105,0,139,291.709,0,0,,,0,0,0,0,139,139,0,0.386958333333333,111,1.19895833333333,2.12480052810598,3.221,1.9796757518797,2.2616130952381,1.33884523809524,3.11844642857143,0.249916666666666,148,105,Chinook,PRFT,2008
SUL,139,139,0,0,0,0,0,2.24924430455635,0.849110539469248,0.720988708237758,3.11975,1.15007083333333,1.55089583333333,2.20754166666667,2.68727083333333,3.9589125,144,235,0,134,312.644958333333,0,0,,,0,0,0,0,93,33,0,0.371791666666667,111,1.03616666666667,2.28133852488364,4.15591666666667,2.08943013784461,2.47826441102757,1.1372619047619,4.0143630952381,0.3155,138,229,Chinook,PRFT,2008
VAL,139,139,0,0,0,0,0,2.09722023250964,0.574647326930167,0.330219550347986,2.143875,1.28452083333333,1.61664583333333,2.03270833333333,2.54127083333333,3.09572916666667,153,105,0,139,291.513612318841,0,0,,,0,0,0,0,139,139,0,0.409583333333333,111,1.06820833333333,2.12623902925014,3.21208333333333,1.96507133322437,2.28226754385965,1.26039285714286,3.17016071428571,0.298958333333333,147,105,Chinook,PRFT,2008
,139,139,0,0,0,0,0,1.86506414868106,0.672051080646885,0.451652654998646,3.50458333333333,1.1249,1.42108333333333,1.71733333333333,2.27910416666667,3.17743333333333,156,240,0,139,259.243916666667,0,0,,,0,0,0,0,139,139,0,0.826875,111,0.299916666666667,1.89950434121017,3.8045,1.67296522556391,2.14917919799499,0.623107142857143,3.51053571428571,0.389708333333333,150,234,Chinook,PRFT,2009
BIU,139,139,0,0,0,0,0,2.474875,0.612944203922003,0.375700597121578,3.231375,1.81300416666667,2.06864583333333,2.2695,2.74425,3.53619583333333,156,240,0,134,344.007625,0,0,,,0,0,0,0,85,67,0,1.25,111,1.50504166666667,2.49982720193341,4.73641666666667,2.27056547619048,2.75965382205514,1.74722023809524,4.2407380952381,0.369666666666667,150,234,Chinook,PRFT,2009
BVC,139,139,0,0,0,0,0,3.84550179856115,0.768337510580355,0.590342530164817,3.899625,3.05141666666667,3.2505625,3.59983333333333,4.30714583333333,5.37117083333333,156,240,0,91,534.52475,0,0,,,0,0,0,0,64,30,0,1.117375,111,2.7005,3.87759071786609,6.600125,3.6343555764411,4.15832832080201,2.98207142857143,5.99551785714286,0.366166666666667,150,234,Chinook,PRFT,2009
CAM,139,139,0,0,0,0,0,1.87689832679311,0.757995560411822,0.574557269604032,3.193625,1.09770833333333,1.32704166666667,1.582625,2.18822916666667,3.29049583333333,158,105,0,135,260.888867424242,0,0,,,0,0,0,0,84,67,0,0.728041666666667,111,0.901458333333333,1.91077863083032,4.09508333333333,1.66701033834586,2.17383045682388,1.10447023809524,3.81300595238095,0.403791666666667,152,105,Chinook,PRFT,2009
CHA,139,139,0,0,0,0,0,1.53045244239391,0.57573530835233,0.331471145283553,3.11125,0.824020833333333,1.15050724637681,1.42145833333333,1.8116875,2.6910625,156,240,0,139,212.732889492754,0,0,,,0,0,0,0,139,139,0,0.666625,111,0.360083333333333,1.55994617950155,3.47133333333333,1.35770551378446,1.79134537430533,0.597363095238095,3.01717857142857,0.343833333333333,150,234,Chinook,PRFT,2009
CHC,139,139,5,0.0359712230215827,4,0.0287769784172662,0.0647482014388489,0.689797034506018,0.400858101423021,0.160687217476469,1.98770833333333,0.0989122377622378,0.381479166666667,0.650645833333333,1.02009375,1.26456875,156,130,0,134,92.4328026238064,0,0,,,0,0,0,0,121,67,0,0.563,111,0.0245,0.702398543880041,2.01220833333333,0.537477990395243,0.884041721150703,0.108840587670475,1.52607738095238,0.295083333333333,150,124,Chinook,PRFT,2009
HER,139,139,0,0,0,0,0,1.74172818267125,0.354319148411803,0.125542058931266,1.48608333333333,1.2082,1.50077083333333,1.67895833333333,2.06245833333333,2.3382375,174,240,0,139,242.100217391304,0,0,,,0,0,0,0,139,139,0,0.30375,111,0.979583333333333,1.75794148414515,2.46566666666667,1.59793107769424,1.91449630870655,1.25027976190476,2.34901785714286,0.311666666666667,168,234,Chinook,PRFT,2009
LAK,139,139,0,0,0,0,0,1.78330455635492,0.648129327097566,0.420071624643944,3.05320833333333,1.0931375,1.2956875,1.57754166666667,2.07645833333333,3.09053333333333,158,240,0,139,247.879333333333,0,0,,,0,0,0,0,139,139,0,0.750041666666667,111,0.77475,1.8110847207304,3.82795833333333,1.60398370927318,2.04148182957394,1.01997619047619,3.3763869047619,0.381416666666667,152,234,Chinook,PRFT,2009
LOO,139,139,0,0,0,0,0,2.69543880982171,0.625350375213367,0.391063091779499,2.94125,1.88699166666667,2.23429166666667,2.54183333333333,3.10854166666667,3.77000416666667,156,130,0,135,374.665994565217,0,0,,,0,0,0,0,84,67,0,0.853875,111,1.79166666666667,2.72791389576426,4.73291666666667,2.5348709273183,2.94834868421053,1.88682142857143,4.17755952380952,0.322291666666667,150,124,Chinook,PRFT,2009
MAR,139,139,0,0,0,0,0,1.79325839328537,0.709588954380095,0.503516484178237,3.67695833333333,0.8784125,1.22154166666667,1.71279166666667,2.13402083333333,3.11779583333333,156,240,0,138,249.262916666667,0,0,,,0,0,0,0,87,69,0,0.65825,111,0.510125,1.82885687432868,4.18708333333333,1.62898684210526,2.06501879699248,0.791690476190476,3.58658928571429,0.34825,150,234,Chinook,PRFT,2009
SFS,139,139,0,0,0,0,0,1.48130905275779,0.785749747619521,0.617402665884141,3.93408333333333,0.502629166666667,0.772333333333333,1.43845833333333,1.9545625,2.75939166666667,156,222,0,138,205.901958333333,0,0,,,0,0,0,0,87,69,0,1.08158333333333,111,0.42925,1.4900107858933,4.36333333333333,1.24877474937343,1.76604417293233,0.463166666666667,3.58908333333333,0.406,150,216,Chinook,PRFT,2009
STH,139,139,0,0,0,0,0,1.94590098790533,0.585520642193601,0.342834422434807,2.69045833333333,1.28139166666667,1.48889583333333,1.81170833333333,2.33670833333333,2.99216666666667,158,240,0,139,270.480237318841,0,0,,,0,0,0,0,139,139,0,0.84775,111,0.885541666666667,1.97165587493579,3.576,1.79585830064291,2.16426086956522,1.15343452380952,3.35970833333333,0.299583333333333,152,234,Chinook,PRFT,2009
SUL,139,139,0,0,0,0,0,1.9175293764988,0.755984700797913,0.57151286784051,3.64454166666667,1.06450833333333,1.26566666666667,1.78625,2.41039583333333,3.17065416666667,155,240,0,137,266.536583333333,0,0,,,0,0,0,0,87,68,0,0.6695,111,0.733583333333333,1.94590735767991,4.378125,1.71214505012531,2.19735714285714,0.990035714285714,3.83035119047619,0.385,149,234,Chinook,PRFT,2009
VAL,139,139,0,0,0,0,0,1.94821999791471,0.663181293307984,0.43980942779365,3.62858333333333,1.0514125,1.56870833333333,1.879625,2.27797916666667,3.18595,156,240,0,138,270.802579710145,0,0,,,0,0,0,0,87,69,0,0.850166666666667,111,0.646958333333333,1.9776412634848,4.27554166666667,1.76857080200501,2.22016726599106,0.953416666666667,3.64424404761905,0.372333333333333,150,234,Chinook,PRFT,2009
,139,139,0,0,0,0,0,1.67584052757794,0.907548580406752,0.823644425798311,2.72841666666667,0.655775,0.8920625,1.21508333333333,2.70183333333333,2.99939166666667,160,111,0,139,232.941833333333,0,0,,,0,0,0,0,139,139,0,0.4305,111,0.501333333333333,1.71785284640172,3.22975,1.51619172932331,1.91570864661654,0.598279761904762,3.08567261904762,0.346916666666667,154,105,Chinook,PRFT,2010
BIL,139,139,0,0,0,0,0,4.40624730215827,1.06897036093315,1.14269763255356,3.88720833333333,3.10774166666667,3.44725,4.14808333333333,5.31247916666667,6.207725,175,115,0,65,612.468375,0,0,,,0,0,0,0,38,21,0,0.768708333333334,111,2.9945,4.46292749731472,6.88170833333333,4.17714191729323,4.79046522556391,3.13742857142857,6.28327380952381,0.451,169,109,Chinook,PRFT,2010
BIU,139,139,0,0,0,0,0,2.5958345323741,0.663838855305841,0.440682025813769,2.497875,1.70959166666667,2.04979166666667,2.45333333333333,3.05145833333333,3.86252083333333,174,243,0,138,360.821,0,0,,,0,0,0,0,69,69,0,0.349583333333333,111,1.54270833333333,2.63459456677408,4.04058333333333,2.40401347117795,2.86911121553885,1.75818452380952,3.81188095238095,0.36975,168,237,Chinook,PRFT,2010
CAM,139,139,0,0,0,0,0,3.16444334532374,1.3407714529404,1.79766808901991,4.65220833333333,1.34512916666667,2.19616666666667,2.71508333333333,4.1900625,5.6189875,160,115,0,98,439.857625,0,0,,,0,0,0,0,57,24,0,1.09020833333333,111,1.16875,3.2331015037594,5.82095833333333,2.90098120300752,3.6031093358396,1.28994047619048,5.50549404761905,0.463416666666667,154,109,Chinook,PRFT,2010
CHA,139,139,0,0,0,0,0,1.30792507298509,0.801661866178714,0.642661747685138,2.85991666666667,0.30575,0.601395833333333,1.099625,2.0485625,2.59233333333333,158,243,0,139,181.801585144928,0,0,,,0,0,0,0,139,139,0,0.340375,111,0.0685,1.34451491695076,2.92841666666667,1.14090162907268,1.5639295112782,0.246636904761905,2.70792261904762,0.338791666666667,152,237,Chinook,PRFT,2010
HER,139,139,0,0,0,0,0,1.81618437858409,0.477405416405312,0.22791593161313,1.82583333333333,1.06234166666667,1.44829166666667,1.84945833333333,2.07097916666667,2.6149625,177,108,0,139,252.449628623188,0,0,,,0,0,0,0,139,139,0,0.236958333333333,111,0.933833333333333,1.84527701435265,2.75966666666667,1.68477118066906,1.99201033834586,1.07592261904762,2.66068452380952,0.280833333333333,171,105,Chinook,PRFT,2010
LAK,139,139,0,0,0,0,0,2.10833126226292,0.909857822118475,0.827841256470174,3.19525,0.961791666666667,1.35433333333333,1.95658333333333,2.76539583333333,3.74507916666667,174,115,0,138,293.058045454545,0,0,,,0,0,0,0,69,69,0,0.971291666666667,111,0.863416666666667,2.15747339940761,4.05866666666667,1.91701882547277,2.4068129984051,0.977005952380952,3.75416666666667,0.391833333333333,168,109,Chinook,PRFT,2010
LOO,139,139,20,0.143884892086331,20,0.143884892086331,0.287769784172662,2.9477293417367,0.625331241975215,0.391039162190265,2.51095833333333,1.90012083333333,2.58908333333333,2.944125,3.41266666666667,3.92739166666667,175,108,0,116,350.779791666667,0,0,,,0,0,0,0,69,58,0,0.428166666666667,111,1.75241666666667,2.96371401977458,4.263375,,,1.88360119047619,3.9948869047619,0.295083333333333,169,105,Chinook,PRFT,2010
MAR,139,139,0,0,0,0,0,2.10707208350966,0.904320759386328,0.817796035857064,3.028125,0.814725,1.28239583333333,2.128875,2.95133333333333,3.45919166666667,175,108,0,139,292.883019607843,0,0,,,0,0,0,0,139,139,0,0.36925,111,0.677958333333333,2.15807103894189,3.70608333333333,1.94965114993366,2.36366148827952,0.783357142857143,3.51417857142857,0.367875,169,105,Chinook,PRFT,2010
SEC,139,139,0,0,0,0,0,2.89832643884892,1.23140460697279,1.5163573060738,3.89758333333333,1.24432083333333,1.63377083333333,2.88095833333333,4.08652083333333,4.69725,175,243,0,101,402.867375,0,0,,,0,0,0,0,54,33,0,0.6135,111,0.929916666666667,2.95494061045471,4.8275,2.68229385964912,3.23920050125313,1.13425595238095,4.63166666666667,0.467791666666667,169,237,Chinook,PRFT,2010
SFS,139,139,0,0,0,0,0,1.8971473017859,0.637073920273236,0.405863179892309,2.22939880952381,1.02870833333333,1.34308333333333,1.78779166666667,2.41633333333333,2.97550706521739,174,207,0,139,263.70347494824,0,0,,,0,0,0,0,139,139,0,0.655416666666667,111,0.895791666666667,1.92082678980059,3.12519047619048,1.68910939032364,2.14637510896807,0.989880952380952,2.91528756285123,0.3715,168,201,Chinook,PRFT,2010
STH,139,139,0,0,0,0,0,2.00368821413457,0.519708718385058,0.27009715196544,1.96683333333333,1.28195416666667,1.58533333333333,1.95404166666667,2.350125,2.98650416666667,186,115,0,139,278.512661764706,0,0,,,0,0,0,0,139,139,0,0.266083333333333,111,1.14658333333333,2.03316622701712,3.11341666666667,1.86940256892231,2.18958141677724,1.25459523809524,3.03185714285714,0.299208333333333,180,109,Chinook,PRFT,2010
SUL,139,139,0,0,0,0,0,2.36589868105516,1.18618100645888,1.4070253800838,3.91383333333333,0.688970833333333,1.3609375,2.34579166666667,3.40258333333333,4.07487916666667,174,243,0,127,328.859916666667,0,0,,,0,0,0,0,66,31,0,0.372458333333333,111,0.50075,2.42585584496957,4.41458333333333,2.17818201754386,2.66654010025063,0.699910714285714,4.22997023809524,0.427416666666667,168,237,Chinook,PRFT,2010
VAL,139,139,0,0,0,0,0,2.20805005995204,0.682989947563448,0.466475268472722,2.38170833333333,1.27272083333333,1.472125,2.33529166666667,2.774125,3.20732916666667,186,243,0,139,306.918958333333,0,0,,,0,0,0,0,139,139,0,0.373208333333333,111,0.93175,2.25059707303974,3.31345833333333,2.06009617794486,2.44156923558897,1.16982142857143,3.21833928571429,0.350208333333333,180,237,Chinook,PRFT,2010
,139,139,0,0,0,0,0,1.60021043165468,0.673471145289637,0.453563383537735,2.337375,0.767541666666667,0.984375,1.32270833333333,2.23204166666667,2.7123375,118,244,0,139,222.42925,0,0,,,0,0,0,0,139,139,0,0.38025,112,0.682833333333333,1.62494226638024,3.02020833333333,1.44345488721805,1.81302819548872,0.753202380952381,2.72375595238095,0.300791666666667,112,238,Chinook,PRFT,2011
BIU,139,139,0,0,0,0,0,2.33579676258993,0.591587886107586,0.349976226989242,2.180625,1.569325,1.73297916666667,2.299375,2.732375,3.45885416666667,155,244,0,139,324.67575,0,0,,,0,0,0,0,139,139,0,0.632166666666667,112,1.48958333333333,2.36125483351235,3.67020833333333,2.10556296992481,2.65666071428571,1.55545238095238,3.29833928571429,0.42675,149,238,Chinook,PRFT,2011
CAM,139,139,0,0,0,0,0,2.82900779376499,0.675797468039191,0.456702217808181,3.211125,2.12078333333333,2.268,2.53370833333333,3.315125,4.00779583333333,118,244,0,132,393.232083333333,0,0,,,0,0,0,0,106,44,0,0.733000000000001,112,2.05766666666667,2.85415435911207,5.26879166666667,2.63782299498747,3.10882644110276,2.12977976190476,4.238625,0.313666666666667,112,238,Chinook,PRFT,2011
CHA,139,139,0,0,0,0,0,0.95750261035191,0.556817293780058,0.310045498652548,2.09645833333333,0.170025,0.519958333333333,0.824041666666667,1.38464583333333,1.84719166666667,137,228,0,139,133.092862838915,0,0,,,0,0,0,0,139,139,0,0.491424242424242,112,0.0574583333333333,0.966744358975018,2.15391666666667,0.779603605305129,1.16862286397813,0.113098370927318,1.94826785714286,0.334083333333333,131,222,Chinook,PRFT,2011
HER,139,139,0,0,0,0,0,1.57597973360442,0.23482581017475,0.0551431611242276,1.01645833333333,1.1904,1.40266666666667,1.571875,1.76554166666667,1.92712916666667,158,244,0,139,219.061182971015,0,0,,,0,0,0,0,139,139,0,0.302916666666667,112,1.07583333333333,1.59207047704665,2.09229166666667,1.46108709273183,1.72679542606516,1.14705357142857,1.9542380952381,0.254208333333333,152,238,Chinook,PRFT,2011
LAK,139,139,0,0,0,0,0,1.78931894484412,0.548287752079986,0.300619459080924,2.11675,0.913495833333333,1.26941666666667,1.86220833333333,2.23922916666667,2.55225416666667,157,244,0,139,248.715333333333,0,0,,,0,0,0,0,139,139,0,0.396875,112,0.770625,1.82226186000716,2.887375,1.64875125313283,2.01212593984962,0.858458333333333,2.61282142857143,0.279875,151,238,Chinook,PRFT,2011
MAR,139,139,8,0.0575539568345324,8,0.0575539568345324,0.115107913669065,2.16183746819338,0.593088155571535,0.351753560279246,1.97816666666667,1.3778125,1.61491666666667,2.1265,2.67397916666667,3.14929166666667,157,244,0,131,283.200708333333,0,0,,,0,0,0,0,95,65,0,0.244375,112,1.309375,2.23303877983764,3.28754166666667,,,1.37860714285714,3.18183333333333,0.207833333333333,151,238,Chinook,PRFT,2011
SEC,139,139,0,0,0,0,0,2.14401378896883,0.932343922635955,0.8692651900762,3.21083333333333,0.775491666666667,1.16060416666667,2.38066666666667,2.91352083333333,3.44260833333333,118,244,0,139,298.017916666667,0,0,,,0,0,0,0,139,139,0,0.48175,112,0.649791666666667,2.18651150196921,3.860625,1.96986372180451,2.41934617794486,0.739238095238095,3.47438690476191,0.344958333333333,112,238,Chinook,PRFT,2011
STH,139,139,0,0,0,0,0,2.04739984099677,0.450775511224048,0.203198561519302,1.87045833333333,1.3770875,1.6183125,2.12183333333333,2.334,2.75852083333333,118,244,0,139,284.588577898551,0,0,,,0,0,0,0,139,139,0,0.464708333333333,112,1.28520833333333,2.06850640382011,3.15566666666667,1.91320265337256,2.23806735588972,1.35341666666667,2.7816130952381,0.250416666666667,112,238,Chinook,PRFT,2011
VAL,139,139,0,0,0,0,0,2.24486360911271,0.509209255875487,0.259294066269267,2.05975,1.41892083333333,1.73758333333333,2.37804166666667,2.59747916666667,2.9287125,118,244,0,139,312.036041666667,0,0,,,0,0,0,0,139,139,0,0.296958333333333,112,1.29275,2.26962262799857,3.3525,2.10807393483709,2.4370936716792,1.37714285714286,2.9391130952381,0.239875,112,238,Chinook,PRFT,2011
BIU,139,139,0,0,0,0,0,2.06996612709832,0.584055370956216,0.341120676342803,2.51141666666667,1.45805833333333,1.57125,1.90029166666667,2.4281875,3.2210875,133,236,0,139,287.725291666667,0,0,,,0,0,0,0,139,139,0,0.482416666666667,111,1.36325,2.09162061403509,3.87466666666667,1.88153007518797,2.31076785714286,1.42667857142857,3.57760714285714,0.34675,127,230,Chinook,PRFT,2012
BVC,139,139,0,0,0,0,0,3.51665322959024,0.629690190436824,0.396509735932363,2.58083333333333,2.97815833333333,3.055625,3.26691666666667,3.84272916666667,5.01094166666667,130,105,0,116,488.814798913044,0,0,,,0,0,0,0,92,38,0,0.523458333333334,111,2.831375,3.5374133645449,5.41220833333333,3.36041202190258,3.7245066334314,2.97957738095238,5.29921428571429,0.2695,124,105,Chinook,PRFT,2012
CAM,139,139,0,0,0,0,0,2.62300809352518,0.647852758798846,0.419713197083275,2.91604166666667,1.86757083333333,2.0868125,2.47425,2.991125,4.0027875,134,235,0,131,364.598125,0,0,,,0,0,0,0,104,43,0,0.380708333333333,111,1.763375,2.64813824740423,4.67941666666667,2.46522149122807,2.8375977443609,1.8331369047619,4.31591071428571,0.288083333333333,128,229,Chinook,PRFT,2012
CHA,139,139,0,0,0,0,0,1.17057705140236,0.652286935411861,0.425478246108997,2.8565,0.425766666666667,0.622354166666667,1.082125,1.60991666666667,2.44275416666667,133,236,0,139,162.710210144928,0,0,,,0,0,0,0,139,139,0,0.40375,111,0.274291666666667,1.18799611995828,3.13079166666667,1.01010872289419,1.36701191838291,0.346547619047619,2.86566071428571,0.271291666666667,127,230,Chinook,PRFT,2012
HER,139,139,0,0,0,0,0,1.39101798561151,0.209579620435747,0.0439236173019917,0.984416666666667,1.10218333333333,1.23314583333333,1.34595833333333,1.56625,1.75451666666667,165,105,0,139,193.3515,0,0,,,0,0,0,0,139,139,0,0.428833333333333,111,0.884166666666667,1.40091084854995,1.86858333333333,1.26125,1.53518201754386,1.13364285714286,1.78383333333333,0.233,159,105,Chinook,PRFT,2012
LAK,139,139,0,0,0,0,0,1.72713339328537,0.677945917773699,0.459610667426023,2.875375,0.8556125,1.1235625,1.54141666666667,2.25816666666667,2.85206666666667,134,239,0,139,240.071541666667,0,0,,,0,0,0,0,139,139,0,0.3425,111,0.746041666666667,1.76218676154672,3.62141666666667,1.56820520050125,1.97190413533835,0.817136904761905,3.19926190476191,0.306416666666667,128,233,Chinook,PRFT,2012
LOO,139,139,0,0,0,0,0,1.09945263788969,0.449438465906859,0.201994934636711,2.14954166666667,0.474504166666667,0.695041666666667,1.12858333333333,1.440125,1.79197083333333,134,105,0,139,152.823916666667,0,0,,,0,0,0,0,139,139,0,0.93375,111,0.230875,1.10639921231651,2.38041666666667,0.915290100250627,1.29784711779449,0.478583333333333,2.1373869047619,0.28975,128,105,Chinook,PRFT,2012
MAR,139,139,0,0,0,0,0,0.659670047005577,0.427717687735123,0.18294242040148,1.85679166666667,0.103333333333333,0.301791666666667,0.66275,0.900270833333333,1.49889583333333,131,209,0,139,91.6941365337752,0,0,,,0,0,0,0,139,139,0,0.445172101449275,111,0.01525,0.669156606846962,1.87204166666667,0.501471403169131,0.832685736079329,0.0804721519708362,1.764875,0.249541666666667,125,203,Chinook,PRFT,2012
SFS,139,139,0,0,0,0,0,1.97427637889688,0.64076508947342,0.41057989988788,2.7145,1.13794583333333,1.4369375,1.94358333333333,2.43560416666667,3.17463333333333,134,236,0,139,274.424416666667,0,0,,,0,0,0,0,139,139,0,0.385125,111,1.04191666666667,1.99370891514501,3.75641666666667,1.82782550125313,2.1735742481203,1.09361904761905,3.513625,0.267958333333333,128,230,Chinook,PRFT,2012
VAL,139,139,10,0.0719424460431655,4,0.0287769784172662,0.100719424460432,0.572165157947135,0.350228477366424,0.122659986358404,1.27158333333333,0.0524833333333333,0.267166666666667,0.553208333333333,0.907291666666667,1.05335833333333,134,205,0,129,73.8093053751804,0,0,,,0,0,0,0,96,32,0,0.483708333333333,112,0.0176666666666667,0.54723540665917,1.28925,0.397410015569226,0.690663757879547,0.0305454545454545,1.21780952380952,0.235375,128,199,Chinook,PRFT,2012
BIU,139,139,0,0,0,0,0,2.23806044729434,0.570026100824256,0.324929755620905,2.18870833333333,1.54580416666667,1.73379166666667,2.198375,2.65020833333333,3.29587083333333,144,242,0,139,311.090402173913,0,0,,,0,0,0,0,139,139,0,0.457208333333333,111,1.38820833333333,2.26348395834306,3.57691666666667,2.07323026315789,2.449995477825,1.51529166666667,3.46099404761905,0.338875,138,236,Chinook,PRFT,2013
BVC,139,139,0,0,0,0,0,3.85788279376499,0.854474601315148,0.730126844292682,3.10116666666667,3.02042916666667,3.21783333333333,3.509375,4.36916666666667,5.6605625,145,242,0,95,536.245708333333,0,0,,,0,0,0,0,78,47,0,0.3215,111,2.85645833333333,3.88943515037594,5.957625,3.68985244360902,4.08355983709273,2.98429761904762,5.82675595238095,0.282583333333334,139,236,Chinook,PRFT,2013
CAM,139,139,9,0.0647482014388489,9,0.0647482014388489,0.129496402877698,3.17825212703963,0.742872880706552,0.551860116889251,3.16704166666667,2.32003333333333,2.68894791666667,3.01572916666667,3.32345833333333,4.77945,146,201,0,109,413.172776515152,0,0,,,0,0,0,0,52,36,0,0.396708333333334,111,2.20420833333333,3.17630183226496,5.37125,,,2.31163095238095,5.20777976190476,0.311916666666667,140,195,Chinook,PRFT,2013
CHA,139,139,0,0,0,0,0,1.41387653790011,0.603486199818159,0.364195593370963,2.18770833333333,0.674208333333333,0.892479166666667,1.33154166666667,1.85377083333333,2.49251666666667,145,242,0,139,196.528838768116,0,0,,,0,0,0,0,139,139,0,0.370791666666667,111,0.524541666666667,1.44088578200159,2.71225,1.28619709600087,1.60581829573935,0.652381728778468,2.62305357142857,0.304125,139,236,Chinook,PRFT,2013
HER,139,139,0,0,0,0,0,1.54945833333333,0.259056260657,0.0671101461855878,1.12966666666667,1.12510416666667,1.3438125,1.53708333333333,1.74335416666667,1.95217083333333,149,231,0,139,215.374708333333,0,0,,,0,0,0,0,139,139,0,0.346666666666667,111,0.971916666666667,1.5641265216613,2.10158333333333,1.42010526315789,1.7144298245614,1.11438095238095,1.97964285714286,0.258166666666667,143,225,Chinook,PRFT,2013
LAK,139,139,0,0,0,0,0,1.60030815347722,0.607537800996913,0.369102179640165,2.351125,0.834841666666667,1.0691875,1.50866666666667,1.95420833333333,2.7427,144,242,0,139,222.442833333333,0,0,,,0,0,0,0,139,139,0,0.34825,111,0.725333333333333,1.63018340494092,3.07645833333333,1.46538972431078,1.79317857142857,0.839583333333333,2.88149404761905,0.29425,138,236,Chinook,PRFT,2013
LOO,139,139,0,0,0,0,0,2.23508992805755,0.703799902542988,0.49533430281952,2.89783333333333,1.20545833333333,1.7304375,2.226125,2.5555,3.48645,149,242,0,139,310.6775,0,0,,,0,0,0,0,139,139,0,0.33875,111,0.996333333333333,2.26796450948801,3.89416666666667,2.08566697994987,2.44992888471178,1.17014285714286,3.68555357142857,0.292708333333333,143,236,Chinook,PRFT,2013
MAR,139,139,0,0,0,0,0,1.436801558753,0.636442319223857,0.405058825699042,2.45816666666667,0.531945833333333,0.958625,1.31833333333333,1.94708333333333,2.601,145,242,0,139,199.715416666667,0,0,,,0,0,0,0,139,139,0,0.310125,111,0.375875,1.4661925349087,2.83404166666667,1.30106077694236,1.6205194235589,0.497285714285714,2.75967261904762,0.240083333333333,139,236,Chinook,PRFT,2013
SEC,139,139,0,0,0,0,0,2.28037889688249,1.00677045059163,1.01358674018448,3.87754166666667,0.553566666666667,1.54704166666667,2.246125,2.98675,3.9677375,144,242,0,134,316.972666666667,0,0,,,0,0,0,0,96,67,0,0.344541666666666,111,0.370333333333333,2.32844857679914,4.247875,2.12795551378446,2.52802380952381,0.509583333333333,4.09294047619048,0.345666666666666,138,236,Chinook,PRFT,2013
SFS,139,139,0,0,0,0,0,2.18075689448441,0.794198740512911,0.630751639432295,3.04491666666667,1.232525,1.4326875,2.09691666666667,2.768625,3.56937083333333,145,231,0,138,303.125208333333,0,0,,,0,0,0,0,98,69,0,0.330666666666666,111,1.07504166666667,2.20131637128536,4.11995833333333,2.03743890977444,2.3699454887218,1.19785119047619,3.85748214285714,0.27975,139,225,Chinook,PRFT,2013
STH,139,139,0,0,0,0,0,2.0016873501199,0.347083833909076,0.120467187761023,1.50766666666667,1.41128333333333,1.7749375,2.0315,2.21439583333333,2.56223333333333,149,105,0,139,278.234541666667,0,0,,,0,0,0,0,139,139,0,0.298458333333334,111,1.26104166666667,2.02847399749373,2.76870833333333,1.89841854636592,2.1576406641604,1.45397023809524,2.61717857142857,0.215375,143,105,Chinook,PRFT,2013
VAL,139,139,0,0,0,0,0,2.01769634292566,0.50123974449104,0.251241281457443,2.02370833333333,1.2687625,1.562,2.08570833333333,2.43379166666667,2.85052083333333,149,242,0,139,280.459791666667,0,0,,,0,0,0,0,139,139,0,0.42975,111,1.05441666666667,2.04082254744003,3.078125,1.88816823308271,2.18856453634085,1.23844047619048,2.9777380952381,0.248333333333333,143,236,Chinook,PRFT,2013
BIU,139,139,0,0,0,0,0,1.88705785371703,0.46624775858554,0.21738697238604,1.6725,1.32471666666667,1.47629166666667,1.846375,2.28385416666667,2.700775,151,233,0,139,262.301041666667,0,0,,,0,0,0,0,139,139,0,0.285166666666667,111,1.12329166666667,1.90242678123881,2.79579166666667,1.76679855889724,2.02652255639098,1.29070238095238,2.69074404761905,0.243208333333333,145,227,Chinook,PRFT,2014
BVC,139,139,0,0,0,0,0,3.35567476019185,0.424500978874918,0.180201081065763,1.503,2.87920833333333,2.98879166666667,3.178,3.80872916666667,4.03254166666667,120,233,0,127,466.438791666667,0,0,,,0,0,0,0,103,25,0,0.300041666666667,111,2.71258333333333,3.361563462227,4.21558333333333,3.24112562656642,3.46972023809524,2.86255952380952,4.09679761904762,0.215083333333333,114,227,Chinook,PRFT,2014
CAM,139,139,0,0,0,0,0,3.21869964028777,0.642422382607417,0.41270651767499,2.47583333333333,1.98541666666667,2.96385416666667,3.178,3.80872916666667,4.03254166666667,120,233,0,127,447.39925,0,0,,,0,0,0,0,103,25,0,0.300041666666667,111,1.73975,3.24037392588614,4.21558333333333,3.09860651629073,3.36869736842105,1.9271369047619,4.09679761904762,0.23075,114,227,Chinook,PRFT,2014
CHA,139,139,0,0,0,0,0,1.00846874674174,0.417860830531583,0.174607673692544,1.60359420289855,0.485454166666667,0.625916666666667,0.907041666666667,1.41270833333333,1.64255,137,233,0,139,140.177155797101,0,0,,,0,0,0,0,139,139,0,0.266344202898551,111,0.330739130434783,1.01560348075157,1.93433333333333,0.888824302604337,1.13566353383459,0.50432582815735,1.71894047619048,0.226708333333334,131,227,Chinook,PRFT,2014
HER,139,139,0,0,0,0,0,1.58908635399373,0.269125420937591,0.0724284921948354,1.18108333333333,1.19394583333333,1.41175,1.561625,1.791625,2.02667916666667,162,114,0,139,220.883003205128,0,0,,,0,0,0,0,139,139,0,0.476375,111,0.970125,1.60071216158528,2.15120833333333,1.47858145363409,1.71916290726817,1.10122619047619,2.06340476190476,0.235791666666667,156,108,Chinook,PRFT,2014
LAK,139,139,0,0,0,0,0,1.22374430455636,0.465160932274724,0.21637469291469,1.666875,0.507770833333333,0.885208333333333,1.28870833333333,1.5865625,1.93910416666667,148,233,0,139,170.100458333333,0,0,,,0,0,0,0,139,139,0,0.331041666666667,111,0.331208333333333,1.23728495345507,1.99808333333333,1.11165570175439,1.34796961152882,0.488821428571429,1.93807738095238,0.222625,142,227,Chinook,PRFT,2014
LOO,139,139,0,0,0,0,0,1.73453926858513,0.391855962541945,0.153551095379675,1.46308333333333,1.193275,1.432125,1.68083333333333,2.0865625,2.32560416666667,153,233,0,139,241.100958333333,0,0,,,0,0,0,0,139,139,0,0.336791666666666,111,0.973,1.75108145363409,2.43608333333333,1.63157393483709,1.85410714285714,1.15618452380952,2.37416071428571,0.211583333333333,147,227,Chinook,PRFT,2014
MAR,139,139,0,0,0,0,0,0.866929244604317,0.3882178719349,0.150713116089663,1.309,0.362325,0.504541666666667,0.829833333333333,1.24302083333333,1.40619583333333,120,233,0,139,120.503165,0,0,,,0,0,0,0,139,139,0,0.253958333333333,111,0.175291666666667,0.875421621911923,1.48429166666667,0.76325626566416,0.974050739348371,0.334083333333333,1.42335119047619,0.19275,114,227,Chinook,PRFT,2014
SEC,139,139,0,0,0,0,0,1.11831882754666,0.644430965538187,0.41529126934448,2.03304166666667,0.322291666666667,0.4725,1.04729166666667,1.74820833333333,2.11023333333333,142,233,0,139,155.446317028986,0,0,,,0,0,0,0,139,139,0,0.4025,111,0.138083333333333,1.13134453369448,2.171125,0.995909338563801,1.24884304511278,0.301777432712215,2.12104761904762,0.242833333333333,136,227,Chinook,PRFT,2014
SFS,139,139,0,0,0,0,0,1.78608213429257,0.553774348820706,0.306666029411797,1.770875,1.14382916666667,1.29304166666667,1.60441666666667,2.31910416666667,2.70686666666667,138,233,0,139,248.265416666667,0,0,,,0,0,0,0,139,139,0,0.285666666666667,111,0.967333333333333,1.79566948621554,2.73820833333333,1.67172211779449,1.90220081453634,1.13476785714286,2.70010714285714,0.220041666666667,132,227,Chinook,PRFT,2014
STH,139,139,0,0,0,0,0,1.55881504796163,0.226234787108048,0.0511821788978238,0.940416666666667,1.24944166666667,1.38947916666667,1.53341666666667,1.7106875,1.9891375,159,233,0,139,216.675291666667,0,0,,,0,0,0,0,139,139,0,0.272083333333333,111,1.12516666666667,1.56928262620838,2.06558333333333,1.45451691729323,1.67687312030075,1.27555357142857,2.00314285714286,0.218875,153,227,Chinook,PRFT,2014
SUL,139,139,0,0,0,0,0,1.0466948441247,0.440964883736795,0.194450028689005,1.52958333333333,0.480354166666667,0.639916666666667,0.95075,1.49741666666667,1.75862916666667,120,233,0,139,145.490583333333,0,0,,,0,0,0,0,139,139,0,0.230458333333333,111,0.326708333333333,1.05415534371643,1.85629166666667,0.940595551378446,1.15576065162907,0.486303571428571,1.7996369047619,0.185333333333333,114,227,Chinook,PRFT,2014
VAL,139,139,0,0,0,0,0,1.4763025059952,0.481900780041164,0.232228361804282,1.67229166666667,0.7271,1.08695833333333,1.56425,1.9364375,2.1199625,153,233,0,139,205.206048333333,0,0,,,0,0,0,0,139,139,0,0.295958333333333,111,0.537833333333333,1.49080621732904,2.210125,1.37294360902256,1.6051244235589,0.699869047619048,2.128,0.211791666666667,147,227,Chinook,PRFT,2014
,139,139,0,0,0,0,0,1.69609577989782,0.56004983499284,0.313655817675507,2.20391666666667,1.0305375,1.24220833333333,1.49354166666667,2.17297916666667,2.58960416666667,129,240,0,139,235.757313405797,0,0,,,0,0,0,0,139,139,0,0.53125,112,0.904041666666667,1.69547474275752,3.10795833333333,1.55799812030075,1.85233993952272,1.01682142857143,2.76721428571429,0.2645,123,234,Chinook,PRFT,2015
BIU,139,139,0,0,0,0,0,2.01686211031175,0.512133815652792,0.262281045135088,1.982625,1.371225,1.5459375,2.04454166666667,2.35808333333333,3.00774583333333,158,219,0,139,280.343833333333,0,0,,,0,0,0,0,139,139,0,0.242541666666667,112,1.24975,2.02424709094164,3.232375,1.83766948621554,2.21430012531328,1.35107738095238,3.06777976190476,0.283,152,213,Chinook,PRFT,2015
BVC,139,139,0,0,0,0,0,3.78477338129496,0.803306076805276,0.645300653032284,2.83904166666667,2.92594583333333,3.089125,3.50854166666667,4.35022916666667,5.2882625,130,221,0,86,526.0835,0,0,,,0,0,0,0,84,43,0,0.294125,167,2.86691666666667,3.79741966523451,5.70595833333333,3.6442578320802,3.95633709273183,2.92831547619048,5.44510119047619,0.245291666666667,124,215,Chinook,PRFT,2015
CHA,139,139,0,0,0,0,0,1.20954024606402,0.534716770560305,0.285922024718442,2.31433333333333,0.479533333333334,0.8099375,1.143,1.63779166666667,2.04932916666667,129,240,0,139,168.126094202899,0,0,,,0,0,0,0,139,139,0,0.252291666666667,112,0.10025,1.22266701692118,2.41458333333333,1.07957518796992,1.38126229977117,0.21077380952381,2.21024404761905,0.276875,123,234,Chinook,PRFT,2015
LAK,139,139,14,0.100719424460432,14,0.100719424460432,0.201438848920863,1.70911718181818,0.514656570986187,0.26487138605926,1.84126893939394,0.869708333333333,1.261,1.76566666666667,2.10295833333333,2.49475,129,230,0,125,213.639647727273,0,0,,,0,0,0,0,125,125,0,0.386375,112,0.800272727272727,1.68723763412698,2.64154166666667,,,0.800272727272727,2.46305952380952,0.29875,123,224,Chinook,PRFT,2015
LOO,139,139,0,0,0,0,0,1.9101912470024,0.578275214649689,0.334402223878144,1.98154166666667,1.06119166666667,1.33247916666667,2.01616666666667,2.34095833333333,2.8020375,158,235,0,139,265.516583333333,0,0,,,0,0,0,0,139,139,0,0.231958333333334,112,0.985458333333333,1.92208964375224,2.967,1.77060213032581,2.0786954887218,1.08865476190476,2.85221428571429,0.279708333333333,152,229,Chinook,PRFT,2015
MAR,139,139,0,0,0,0,0,1.2000551558753,0.61593944841741,0.379381404116743,1.91291666666667,0.429420833333333,0.613020833333333,1.14204166666667,1.76966666666667,2.1993125,125,235,0,139,166.807666666667,0,0,,,0,0,0,0,139,139,0,0.200375,112,0.365291666666667,1.20861430361618,2.27820833333333,1.0752227443609,1.33742763157895,0.445940476190476,2.24213095238095,0.23575,119,229,Chinook,PRFT,2015
SEC,139,139,0,0,0,0,0,1.49772272182254,0.866756152314064,0.751266227574281,2.79491666666667,0.3371875,0.697,1.46395833333333,2.24835416666667,2.7525375,129,235,0,139,208.183458333333,0,0,,,0,0,0,0,139,139,0,0.362333333333333,112,0.228125,1.51330491407089,3.02304166666667,1.3349063283208,1.71345645363409,0.324208333333333,2.85563095238095,0.333166666666667,123,229,Chinook,PRFT,2015
SFS,139,139,0,0,0,0,0,2.030228117506,0.827970722926617,0.685535518023625,2.68083333333333,1.00014166666667,1.268125,1.87375,2.85216666666667,3.33919583333333,127,234,0,139,282.201708333333,0,0,,,0,0,0,0,139,139,0,0.234916666666667,112,0.896125,2.03260745614035,3.57695833333333,1.88714348370927,2.18536873433584,0.990214285714286,3.42147619047619,0.288708333333333,121,228,Chinook,PRFT,2015
STH,139,139,0,0,0,0,0,1.64482643884892,0.306874029862801,0.0941716702042352,1.30379166666667,1.23907916666667,1.3690625,1.64879166666667,1.8293125,2.27806666666667,159,221,0,139,228.630875,0,0,,,0,0,0,0,139,139,0,0.251,112,1.1335,1.64967020229144,2.43729166666667,1.52721240601504,1.77613157894737,1.20825,2.32741071428571,0.227083333333333,153,215,Chinook,PRFT,2015
SUL,139,139,0,0,0,0,0,1.20599846209989,0.546751081068907,0.298936744650019,1.81195833333333,0.5911375,0.725,0.988333333333333,1.6961875,2.10557083333333,128,235,0,139,167.633786231884,0,0,,,0,0,0,0,139,139,0,0.219041666666667,112,0.537291666666667,1.20453258534535,2.34925,1.07517195161818,1.33683865914787,0.60760119047619,2.18853571428571,0.229875,122,229,Chinook,PRFT,2015
VAL,139,139,0,0,0,0,0,1.62828627098321,0.519123386585563,0.269489090500064,1.631875,0.915958333333333,1.1053125,1.68070833333333,2.15154166666667,2.33860416666667,131,235,0,139,226.331791666667,0,0,,,0,0,0,0,139,139,0,0.196666666666667,112,0.854125,1.63011761546724,2.486,1.50302537593985,1.75326629072682,0.929886904761905,2.35079761904762,0.21725,125,229,Chinook,PRFT,2015
,139,139,0,0,0,0,0,1.87822302158273,0.680094307249963,0.462528266753807,2.172375,1.08857916666667,1.2410625,1.70779166666667,2.3865,3.02306666666667,127,227,0,139,261.073,0,0,,,0,0,0,0,139,139,0,0.942833333333333,111,1.016625,1.89861193161475,3.189,1.72295206766917,2.09317481203008,1.0853869047619,3.06092857142857,0.30075,121,221,Chinook,PRFT,2016
BIU,139,139,0,0,0,0,0,2.44025182462726,0.858525752156364,0.737066467115651,3.034125,1.24769583333333,1.81183333333333,2.28,3.149,3.947325,156,226,0,135,339.195003623188,0,0,,,0,0,0,0,87,45,0,0.90875,111,1.17795833333333,2.47781049090117,4.21208333333333,2.21017327285605,2.76176287185355,1.26013095238095,4.04820833333333,0.419791666666667,150,220,Chinook,PRFT,2016
BVC,139,139,0,0,0,0,0,4.45796834271713,1.17393933627814,1.37813356526117,3.632125,3.13977916666667,3.495375,4.03245833333333,5.33695833333333,6.50777083333333,149,226,0,68,619.657599637681,0,0,,,0,0,0,0,55,22,0,0.865833333333333,118,3.05341666666667,4.50383555939538,6.68554166666667,4.26227224310777,4.75143401983219,3.13783928571429,6.62114285714286,0.325599637681159,143,220,Chinook,PRFT,2016
CHA,139,139,0,0,0,0,0,0.972201139088729,0.633322213482346,0.401097026090179,2.23775,0.2337375,0.390125,0.785791666666667,1.487125,2.10772916666667,149,226,0,139,135.135958333333,0,0,,,0,0,0,0,139,139,0,0.67775,111,0.174291666666667,0.990523182957394,2.41204166666667,0.813849310776942,1.17452286967419,0.242833333333333,2.22447023809524,0.322125,143,220,Chinook,PRFT,2016
LOO,139,139,0,0,0,0,0,2.62180425659472,0.919414778152818,0.845323534285796,3.36095833333333,1.58929583333333,1.77772916666667,2.381125,3.37641666666667,4.22882083333333,156,114,0,126,364.430791666667,0,0,,,0,0,0,0,83,31,0,0.830708333333334,111,1.50858333333333,2.66455012531328,4.86954166666667,2.40286027568922,2.95903602756892,1.62007142857143,4.45301785714286,0.412375,150,108,Chinook,PRFT,2016
MAR,139,139,0,0,0,0,0,1.86888006985716,0.899023702238638,0.808243617186867,2.84829166666667,0.7956375,1.09595833333333,1.51875,2.65691666666667,3.3905625,131,226,0,139,259.774329710145,0,0,,,0,0,0,0,139,139,0,0.420375,111,0.720833333333333,1.91009959681813,3.569125,1.68462027350986,2.13685870927318,0.802630952380952,3.45027380952381,0.346708333333333,125,220,Chinook,PRFT,2016
SEC,139,139,7,0.0503597122302158,7,0.0503597122302158,0.100719424460432,1.79482686237374,1.13537486958263,1.28907609447978,3.95575,0.137352083333333,0.673583333333333,1.72329166666667,2.75978125,3.62019166666667,156,205,0,131,236.917145833333,0,0,,,0,0,0,0,59,43,0,0.328333333333333,111,0.0516666666666667,1.76486341352513,4.00741666666667,,,0.066,3.79152380952381,0.358416666666667,150,199,Chinook,PRFT,2016
SFS,139,139,0,0,0,0,0,2.56769790689188,1.09605092482915,1.20132762981883,3.60791666666667,1.0617,1.51447916666667,2.75433333333333,3.47079166666667,4.32294583333333,152,242,0,124,356.910009057971,0,0,,,0,0,0,0,84,41,0,0.60575,111,0.998,2.59548162915052,4.60591666666667,2.38318107769424,2.81789010569903,1.08630357142857,4.45585714285714,0.359416666666667,146,236,Chinook,PRFT,2016
STH,139,139,0,0,0,0,0,2.57543809300386,0.965327869952838,0.931857896507683,3.58533333333333,0.9812625,1.75325,2.61004166666667,3.46052083333333,3.95943333333333,173,114,0,133,357.985894927536,0,0,,,0,0,0,0,67,66,0,1.03,111,0.653666666666667,2.61244684693099,4.239,2.38057596436744,2.85061825760052,0.811208333333333,4.10138690476191,0.391875,167,108,Chinook,PRFT,2016
SUL,139,139,0,0,0,0,0,1.70287853195704,0.834510190498668,0.696407258046123,2.71845833333333,0.57175,1.06620380434783,1.59620833333333,2.56008333333333,3.065975,153,226,0,139,236.700115942029,0,0,,,0,0,0,0,139,139,0,0.373083333333333,111,0.477291666666667,1.73545759390713,3.19575,1.53873903508772,1.92301027024082,0.56689880952381,3.11039880952381,0.35,147,220,Chinook,PRFT,2016
VAL,139,139,0,0,0,0,0,2.42928628401627,0.79997294978725,0.639956720391315,2.65308333333333,1.20465,1.68733333333333,2.49054166666667,3.08575,3.53354166666667,156,236,0,139,337.670793478261,0,0,,,0,0,0,0,139,139,0,0.325083333333334,111,1.14425,2.46443498497797,3.79733333333333,2.26840101612727,2.66115226926011,1.21636904761905,3.6489880952381,0.377333333333334,150,230,Chinook,PRFT,2016
,139,139,0,0,0,0,0,2.0371103117506,0.756799011350106,0.572744743580498,2.37975,1.169225,1.35445833333333,1.79004166666667,2.75933333333333,3.27377916666667,127,215,0,139,283.158333333333,0,0,,,0,0,0,0,139,139,0,0.411875,111,1.14170833333333,2.05736130504834,3.52145833333333,1.88894110275689,2.23608395989975,1.18211904761905,3.37106547619048,0.275625,121,209,Chinook,PRFT,2017
BIU,139,139,0,0,0,0,0,2.00620533573141,0.664767256148367,0.441915504847028,2.38083333333333,1.22447083333333,1.39577083333333,1.88575,2.51570833333333,3.11404583333333,148,238,0,139,278.862541666667,0,0,,,0,0,0,0,139,139,0,0.364916666666667,111,1.09383333333333,2.03631672932331,3.47466666666667,1.8392813283208,2.22953947368421,1.19355952380952,3.34667261904762,0.311375,142,232,Chinook,PRFT,2017
BVC,139,139,0,0,0,0,0,3.76793195443645,0.906242940504237,0.821276267213765,3.328875,2.9033625,3.07885416666667,3.32445833333333,4.4725625,5.4654875,128,238,0,97,523.742541666667,0,0,,,0,0,0,0,89,48,0,0.401416666666667,111,2.75791666666667,3.80068103293949,6.08679166666667,3.59898872180451,4.00094423558897,2.86200595238095,5.810875,0.251958333333334,122,232,Chinook,PRFT,2017
CHA,139,139,8,0.0575539568345324,8,0.0575539568345324,0.115107913669065,1.2528201563068,0.576826242888811,0.332728514485221,2.16666666666667,0.605979166666667,0.767375,1.03366666666667,1.65529166666667,2.3150625,144,106,0,131,164.11944047619,0,0,,,0,0,0,0,131,131,0,0.29025,111,0.424791666666667,1.25403739116512,2.59145833333333,,,0.625178571428572,2.47075,0.321041666666667,138,105,Chinook,PRFT,2017
CHC,139,139,0,0,0,0,0,1.35327465853404,0.426553322669378,0.181947737080287,1.84404166666667,0.785183333333333,1.03783876811594,1.27908333333333,1.737,2.07204166666667,153,106,0,139,188.105177536232,0,0,,,0,0,0,0,139,139,0,0.280375,111,0.350208333333333,1.38298289590436,2.19425,1.24484688623733,1.51963471177945,0.646488095238095,2.09716666666667,0.225416666666667,147,105,Chinook,PRFT,2017
LAK,139,139,0,0,0,0,0,1.59882314148681,0.737279061464297,0.543580414473675,2.873625,0.584220833333333,1.02152083333333,1.47075,2.115,2.99594166666667,146,238,0,139,222.236416666667,0,0,,,0,0,0,0,139,139,0,0.36,111,0.408833333333333,1.6356739169352,3.28245833333333,1.45060745614035,1.814875,0.525291666666667,3.12535714285714,0.326791666666667,140,232,Chinook,PRFT,2017
LOO,139,139,0,0,0,0,0,1.89942146282974,0.888390716035882,0.789238064338746,3.27825,0.678854166666667,0.902791666666667,1.95716666666667,2.56408333333333,3.43975833333333,144,238,0,139,264.019583333333,0,0,,,0,0,0,0,139,139,0,0.3935,111,0.526458333333333,1.9364738632295,3.80470833333333,1.73177443609023,2.14124530075188,0.628232142857143,3.60945833333333,0.36025,138,232,Chinook,PRFT,2017
MAR,139,139,0,0,0,0,0,1.42524670263789,0.679761724422132,0.462076001989351,2.26891666666667,0.61535,0.851458333333333,1.20141666666667,1.98054166666667,2.60202083333333,128,238,0,139,198.109291666667,0,0,,,0,0,0,0,139,139,0,0.295625,111,0.490541666666667,1.45840588077336,2.75945833333333,1.28930419799499,1.62097055137845,0.603815476190476,2.60554761904762,0.257708333333333,122,232,Chinook,PRFT,2017
SEC,139,139,0,0,0,0,0,1.59045683453237,0.976924724367011,0.954381917079561,3.12158333333333,0.447516666666667,0.648291666666667,1.298375,2.39845833333333,3.19827083333333,144,238,0,139,221.0735,0,0,,,0,0,0,0,139,139,0,0.376333333333333,111,0.339791666666667,1.62637043501611,3.461375,1.42245050125313,1.82745958646617,0.464017857142857,3.34010714285714,0.393375,138,232,Chinook,PRFT,2017
SFS,139,139,0,0,0,0,0,1.96839598321343,0.892167708318259,0.795963219765854,2.88679166666667,0.9697875,1.1725625,1.70029166666667,2.80470833333333,3.38790416666667,129,238,0,139,273.607041666667,0,0,,,0,0,0,0,139,139,0,0.265375,111,0.864625,1.98598066595059,3.75141666666667,1.82144204260652,2.15001691729323,0.963565476190476,3.52804166666667,0.23425,123,232,Chinook,PRFT,2017
STH,139,139,0,0,0,0,0,1.94829706235012,0.584643570661686,0.341808104716046,2.13370833333333,1.11477916666667,1.32152083333333,2.00883333333333,2.39804166666667,2.91071666666667,147,238,0,139,270.813291666667,0,0,,,0,0,0,0,139,139,0,0.243041666666667,111,0.962125,1.98158409416398,3.09583333333333,1.8279179197995,2.13081923558897,1.053625,2.98330952380952,0.258708333333333,141,232,Chinook,PRFT,2017
SUL,139,139,0,0,0,0,0,1.12507314148681,0.62355560327403,0.38882159037444,2.17579166666667,0.487916666666667,0.639229166666667,0.836541666666667,1.65404166666667,2.21304166666667,128,238,0,139,156.385166666667,0,0,,,0,0,0,0,139,139,0,0.264708333333333,111,0.349708333333333,1.14625299856785,2.5255,0.983464285714286,1.29872055137845,0.452559523809524,2.32611904761905,0.242791666666667,122,232,Chinook,PRFT,2017
VAL,139,139,0,0,0,0,0,1.66669094724221,0.600926580566179,0.36111275523096,2.09983333333333,0.822179166666667,1.10458333333333,1.62291666666667,2.21766666666667,2.59032916666667,148,238,0,139,231.670041666667,0,0,,,0,0,0,0,139,139,0,0.280875,111,0.647416666666667,1.69128669889008,2.74725,1.54335651629073,1.84065977443609,0.770988095238095,2.63614285714286,0.244708333333333,142,232,Chinook,PRFT,2017
,139,139,0,0,0,0,0,2.05412260191847,0.731694964726589,0.535377521406245,2.41079166666667,1.22320416666667,1.4185,1.76175,2.67470833333333,3.33357083333333,115,230,0,139,285.523041666667,0,0,,,0,0,0,0,139,139,0,0.575833333333333,111,1.10120833333333,2.07547627998568,3.512,1.86924310776942,2.28666196741855,1.16798214285714,3.34598214285714,0.326,109,224,Chinook,PRFT,2018
BVC,139,139,0,0,0,0,0,3.79053806954436,0.859144115280613,0.738128610821307,2.967,2.9360625,3.06904166666667,3.38108333333333,4.5880625,5.33357916666667,134,234,0,89,526.884791666667,0,0,,,0,0,0,0,79,29,0,0.421666666666667,111,2.83295833333333,3.82249082527748,5.79995833333333,3.62010213032581,4.03265726817043,2.90167261904762,5.55564880952381,0.309375,128,228,Chinook,PRFT,2018
CAM,139,139,0,0,0,0,0,2.59987260191847,0.464497330181366,0.215757769745617,2.196125,2.11430416666667,2.27160416666667,2.425875,2.86639583333333,3.60524583333333,155,105,0,139,361.382291666667,0,0,,,0,0,0,0,139,139,0,0.396875,111,1.67270833333333,2.62374270497673,3.86883333333333,2.44435776942356,2.8134570802005,2.08929761904762,3.71079166666667,0.306791666666667,149,105,Chinook,PRFT,2018
CHC,139,139,0,0,0,0,0,1.344573441247,0.462002568939058,0.213446373706289,1.85608333333333,0.7566,0.971333333333333,1.22666666666667,1.650375,2.19685833333333,160,105,0,139,186.895708333333,0,0,,,0,0,0,0,139,139,0,0.311458333333333,111,0.510833333333333,1.36981650554959,2.36691666666667,1.22602882205514,1.51624937343358,0.757291666666667,2.26100595238095,0.23325,154,105,Chinook,PRFT,2018
LAK,139,139,0,0,0,0,0,1.35316007194245,0.592142431004984,0.350632658596492,2.29991666666667,0.682608333333333,0.8283125,1.18945833333333,1.7460625,2.45896666666667,155,105,0,139,188.08925,0,0,,,0,0,0,0,139,139,0,0.380666666666667,111,0.428375,1.38050250626566,2.72829166666667,1.21239943609023,1.54953477443609,0.687410714285714,2.62384523809524,0.2545,149,105,Chinook,PRFT,2018
MAR,139,139,0,0,0,0,0,1.33804226618705,0.682106992486895,0.465269949199517,2.462625,0.470679166666667,0.7180625,1.24808333333333,1.89883333333333,2.47921666666667,134,234,0,139,185.987875,0,0,,,0,0,0,0,139,139,0,0.3265,111,0.366958333333333,1.37137468671679,2.82958333333333,1.19872775689223,1.54815444862155,0.448535714285714,2.55591071428571,0.296541666666667,128,228,Chinook,PRFT,2018
SFS,139,139,0,0,0,0,0,2.19123411270983,1.01668930775845,1.03365714851036,3.271625,0.756725,1.27554166666667,2.02016666666667,3.1165,3.7510125,155,234,0,139,304.581541666667,0,0,,,0,0,0,0,139,139,0,0.409791666666667,111,0.678666666666667,2.221283566058,3.95029166666667,2.01357111528822,2.43570739348371,0.728363095238095,3.81134523809524,0.362083333333333,149,228,Chinook,PRFT,2018
STH,139,139,0,0,0,0,0,1.39373495203837,0.369715234237395,0.136689354427212,1.887625,0.977633333333333,1.1196875,1.31333333333333,1.55354166666667,2.153025,160,105,0,139,193.729158333333,0,0,,,0,0,0,0,139,139,0,0.329208333333333,111,0.524458333333333,1.41410014321518,2.41208333333333,1.27399154135338,1.55489404761905,0.882416666666667,2.2501369047619,0.240458333333333,154,105,Chinook,PRFT,2018
VAL,139,139,0,0,0,0,0,1.5479079736211,0.58410094584969,0.341173914942503,2.119625,0.637095833333333,0.9616875,1.569375,2.08808333333333,2.34493333333333,159,234,0,139,215.159208333333,0,0,,,0,0,0,0,139,139,0,0.412875,111,0.509583333333333,1.57463113139993,2.62920833333333,1.42060244360902,1.73307769423559,0.613035714285714,2.510375,0.255541666666666,153,228,Chinook,PRFT,2018
,139,139,0,0,0,0,0,2.39196732613909,0.818283041474181,0.669587135964236,2.46566666666667,1.33006666666667,1.59464583333333,2.33358333333333,3.27560416666667,3.59965833333333,122,242,0,139,332.483458333333,0,0,,,0,0,0,0,139,139,0,0.812416666666667,112,1.25341666666667,2.43165556749015,3.71908333333333,2.21757738095238,2.64519830827068,1.32535119047619,3.63743452380952,0.283541666666666,116,236,Chinook,PRFT,2019
BIU,139,139,0,0,0,0,0,1.89254016786571,0.638750974522114,0.408002807452951,2.70245833333333,1.05159166666667,1.31972916666667,1.86416666666667,2.3285625,3.00365416666667,152,242,0,139,263.063083333333,0,0,,,0,0,0,0,139,139,0,0.796416666666667,112,0.97475,1.92773366451844,3.67720833333333,1.72413471177945,2.15068671679198,1.04682142857143,3.31291071428571,0.310583333333333,146,236,Chinook,PRFT,2019
BVC,139,139,0,0,0,0,0,3.64706444844125,0.662466361263979,0.438861679806336,2.05979166666667,2.9225625,3.11408333333333,3.33108333333333,4.280125,4.7842125,130,109,0,95,506.941958333333,0,0,,,0,0,0,0,74,23,0,0.386875,112,2.834125,3.67977161654135,4.89391666666667,3.47836466165414,3.85772744360902,2.9255119047619,4.83980952380952,0.317958333333333,124,106,Chinook,PRFT,2019
CAM,139,139,0,0,0,0,0,2.15550959232614,1.14210236133942,1.30439780377709,4.54483333333333,0.742845833333333,1.07725,1.90666666666667,3.15510416666667,3.86728333333333,150,242,0,134,299.615833333333,0,0,,,0,0,0,0,94,44,0,0.6615,112,0.665333333333333,2.18444705513784,5.21016666666667,1.92461184210526,2.46642669172932,0.733428571428572,4.16472023809524,0.347708333333333,144,236,Chinook,PRFT,2019
CHA,139,139,1,0.00719424460431655,1,0.00719424460431655,0.0143884892086331,1.29477447539685,0.893553374805074,0.798437633625537,2.815,0.125,0.453020833333333,1.15979166666667,2.08520833333333,2.66595833333333,231,106,0,138,178.678877604765,0,0,,,0,0,0,0,130,69,0,0.597380952380952,112,0.04,1.2998049038191,2.855,0.974043391258963,1.58563325897161,0.212960317460317,2.77238095238095,0.539583333333333,225,106,Chinook,PRFT,2019
CHC,139,139,0,0,0,0,0,1.08774190647482,0.278928743017825,0.0778012436815041,1.385,0.672908333333333,0.895666666666667,1.06404166666667,1.269875,1.6236375,154,109,0,139,151.196125,0,0,,,0,0,0,0,139,139,0,0.232458333333333,112,0.485208333333333,1.1084794575725,1.87020833333333,0.965913220551378,1.23093327067669,0.617738095238095,1.73648214285714,0.234541666666667,148,106,Chinook,PRFT,2019
HER,139,139,0,0,0,0,0,0.367843360087808,0.19488798273024,0.0379813258126622,0.921041666666667,0.100358333333333,0.217,0.35975,0.4873125,0.718208333333333,154,109,0,139,51.1302270522053,0,0,,,0,0,0,0,139,139,0,0.268666666666667,112,0.0173333333333333,0.379840181655584,0.938375,0.236887272360468,0.509247807017544,0.103215382205514,0.77952380952381,0.245333333333333,148,106,Chinook,PRFT,2019
LAK,139,139,0,0,0,0,0,1.69188399280576,0.665535765713538,0.442937855443906,2.77741666666667,0.774158333333333,1.06070833333333,1.780875,2.1855,2.8287375,152,242,0,139,235.171875,0,0,,,0,0,0,0,139,139,0,0.430708333333333,112,0.67825,1.73204095059076,3.45566666666667,1.55414974937343,1.91008145363409,0.771017857142857,3.08105357142857,0.285458333333333,146,236,Chinook,PRFT,2019
MAR,139,139,0,0,0,0,0,1.12335611510791,0.47212591696707,0.222902881471996,1.63058333333333,0.526770833333333,0.7183125,0.999541666666667,1.56479166666667,1.90572083333333,153,109,0,139,156.1465,0,0,,,0,0,0,0,139,139,0,0.334208333333333,112,0.423,1.148063462227,2.05358333333333,0.981353070175439,1.29752224310777,0.526029761904762,1.95930952380952,0.283125,147,106,Chinook,PRFT,2019
SFS,139,139,0,0,0,0,0,1.91366636690647,0.785105347206455,0.616390406212168,2.90529166666667,0.834854166666667,1.1913125,1.853625,2.66885416666667,3.11587916666667,152,242,0,139,265.999625,0,0,,,0,0,0,0,139,139,0,0.662583333333334,112,0.767,1.95409013605442,3.67229166666667,1.75793890977444,2.15504949874687,0.820255952380953,3.37480952380952,0.320833333333333,146,236,Chinook,PRFT,2019
STH,139,139,0,0,0,0,0,1.21482943645084,0.398957640067386,0.159167198568138,1.79720833333333,0.681041666666667,0.9066875,1.22583333333333,1.48066666666667,1.9421,154,243,0,139,168.861291666667,0,0,,,0,0,0,0,139,139,0,0.261875,112,0.569666666666667,1.2399563641246,2.366875,1.07593546365915,1.39047932330827,0.650333333333333,2.1251130952381,0.284291666666667,148,237,Chinook,PRFT,2019
VAL,139,139,0,0,0,0,0,1.30124790167866,0.423180985597355,0.179082146571149,1.61179166666667,0.672929166666667,0.952041666666667,1.27295833333333,1.6519375,1.9110625,154,243,0,139,180.873458333333,0,0,,,0,0,0,0,139,139,0,0.401541666666667,112,0.585083333333333,1.32442901897601,2.196875,1.16361936090226,1.47367481203008,0.661327380952381,2.02824404761905,0.302833333333333,148,237,Chinook,PRFT,2019
,139,139,0,0,0,0,0,1.85711886280449,0.672753259355111,0.452596947972926,2.45116666666667,1.00551666666667,1.30753179824561,1.67591666666667,2.409125,3.08374583333333,122,229,0,139,258.139521929825,0,0,,,0,0,0,0,139,139,0,0.601083333333333,111,0.789875,1.87142233638608,3.24104166666667,1.69746929824561,2.05267654333201,0.964077380952381,3.15432142857143,0.278791666666666,116,223,Chinook,PRFT,2020
BIU,139,139,0,0,0,0,0,1.57536106766761,0.52573526314072,0.276397566909642,2.35554166666667,0.9184375,1.160375,1.39120833333333,1.98597916666667,2.47155,155,229,0,139,218.975188405797,0,0,,,0,0,0,0,139,139,0,0.308,111,0.758083333333333,1.59494466756955,3.113625,1.40328822055138,1.80008257055683,0.869285714285714,2.76141071428571,0.307083333333333,149,223,Chinook,PRFT,2020
BVC,139,139,0,0,0,0,0,3.38484635927622,0.596742701654133,0.356101851977473,2.49570833333333,2.61577083333333,3.0058125,3.18145833333333,3.85445833333333,4.508075,127,229,0,114,470.493643939394,0,0,,,0,0,0,0,96,38,0,0.435416666666666,111,2.44879166666667,3.40249875500439,4.9445,3.24135087719298,3.56664738550923,2.56286904761905,4.69727976190476,0.237958333333333,121,223,Chinook,PRFT,2020
CAM,139,139,0,0,0,0,0,1.30068400993491,0.29521088748189,0.0871494680878449,1.22183333333333,0.796716666666667,1.034,1.38775,1.528,1.7174,154,115,0,139,180.795077380952,0,0,,,0,0,0,0,139,139,0,0.369494047619048,111,0.607041666666667,1.30959107590405,1.828875,1.14870206766917,1.46308454171142,0.761434523809524,1.75074404761905,0.283458333333333,148,109,Chinook,PRFT,2020
CHA,139,139,2,0.0143884892086331,2,0.0143884892086331,0.0287769784172662,1.58905263758816,1.05804523489443,1.1194597190828,3.08791666666667,0.150333333333333,0.5675,1.44129032258065,2.66,3.034,188,114,0,137,217.700211349578,0,0,,,0,0,0,0,102,68,0,0.54375,111,0.05,1.61527522820112,3.13791666666667,1.30693525682602,1.89163615763628,0.215227324263039,3.05166666666667,0.503333333333333,182,108,Chinook,PRFT,2020
CHC,139,139,0,0,0,0,0,0.954433316982777,0.341893779885027,0.116891356724071,1.31195833333333,0.387241666666667,0.675791666666667,0.984625,1.25872916666667,1.43664583333333,154,229,0,139,132.666231060606,0,0,,,0,0,0,0,139,139,0,0.304083333333333,111,0.234166666666667,0.970266416853823,1.546125,0.849080058099795,1.08707598541809,0.337851190476191,1.49166071428571,0.195083333333334,148,223,Chinook,PRFT,2020
LAK,139,139,0,0,0,0,0,1.18905931341883,0.520602041495184,0.271026485608953,2.175125,0.4520875,0.746020833333333,1.13266666666667,1.65866666666667,1.9771875,155,243,0,139,165.279244565217,0,0,,,0,0,0,0,139,139,0,0.330666666666667,111,0.254166666666667,1.21043958498731,2.42929166666667,1.04926065162907,1.36848805437507,0.419785714285714,2.16931547619048,0.284833333333333,149,237,Chinook,PRFT,2020
MAR,139,139,0,0,0,0,0,1.08779218798874,0.501405810268844,0.251407786571356,1.86504166666667,0.332170833333333,0.644416666666667,1.07516666666667,1.58510416666667,1.88347916666667,120,229,0,139,151.203114130435,0,0,,,0,0,0,0,139,139,0,0.391125,111,0.18175,1.10374745676303,2.04679166666667,0.972402568922306,1.22948744142966,0.293970238095238,1.91675,0.200208333333333,114,223,Chinook,PRFT,2020
SFS,139,139,19,0.136690647482014,19,0.136690647482014,0.273381294964029,1.71004652777778,0.618856126795059,0.382982905671783,2.043125,0.94033125,1.11626041666667,1.66929166666667,2.38646875,2.60912083333333,138,220,0,120,205.205583333333,0,0,,,0,0,0,0,120,120,0,0.310625,111,0.759375,1.68993874917328,2.8025,,,0.894958333333333,2.60038095238095,0.23975,132,214,Chinook,PRFT,2020
VAL,139,139,0,0,0,0,0,1.0002313058644,0.329942067127524,0.108861767660384,1.24283333333333,0.521408333333333,0.730395833333333,0.956166666666667,1.32510416666667,1.47780416666667,155,229,0,139,139.032151515152,0,0,,,0,0,0,0,139,139,0,0.297083333333333,111,0.339833333333333,1.00704598346516,1.58266666666667,0.881921650717703,1.13200877192982,0.465101190476191,1.47977976190476,0.217666666666667,149,223,Chinook,PRFT,2020
,139,139,0,0,0,0,0,1.90120683453237,0.747137854476157,0.558214973591236,2.566875,1.0705375,1.23904166666667,1.652125,2.46629166666667,3.1905375,137,239,0,139,264.26775,0,0,,,0,0,0,0,139,139,0,0.442208333333333,111,0.849958333333333,1.9337182688865,3.41683333333333,1.75825908521303,2.12647713032581,1.01582142857143,3.18877976190476,0.312333333333333,131,233,Chinook,PRFT,2021
BIU,139,139,0,0,0,0,0,1.93740767386091,0.714226847526979,0.510119989728326,2.87154166666667,1.1382125,1.34429166666667,1.71254166666667,2.4865625,3.22424583333333,162,239,0,139,269.299666666667,0,0,,,0,0,0,0,139,139,0,0.673875,111,0.956791666666667,1.97181364124597,3.82833333333333,1.75273558897243,2.22857268170426,1.11949404761905,3.42891666666667,0.376208333333333,156,233,Chinook,PRFT,2021
CAM,139,139,0,0,0,0,0,1.83527997601918,0.881416678456627,0.776895361061513,3.47070833333333,0.93355,1.14664583333333,1.52191666666667,2.40622916666667,3.65709166666667,162,239,0,138,255.103916666667,0,0,,,0,0,0,0,81,69,0,0.575916666666667,111,0.671541666666667,1.86902345148586,4.14225,1.64267136591479,2.10115444862155,0.848422619047619,3.89049404761905,0.350458333333333,156,233,Chinook,PRFT,2021
CHA,139,139,0,0,0,0,0,1.42985011990408,0.662576387119328,0.439007468768101,2.74458333333333,0.650466666666667,0.836729166666667,1.291375,1.87416666666667,2.76262916666667,162,239,0,139,198.749166666667,0,0,,,0,0,0,0,139,139,0,0.397708333333334,111,0.457083333333333,1.45170618510562,3.20166666666667,1.25811246867168,1.65817543859649,0.637434523809524,2.94385119047619,0.341958333333333,156,233,Chinook,PRFT,2021
LAK,139,139,0,0,0,0,0,1.32682224220624,0.695440891036118,0.483638032925109,3.017125,0.494941666666667,0.787541666666667,1.063375,1.88629166666667,2.52399166666667,162,109,0,139,184.428291666667,0,0,,,0,0,0,0,139,139,0,0.482458333333333,111,0.29425,1.36048312746151,3.311375,1.18932362155388,1.56567230576441,0.421863095238095,2.83073214285714,0.328916666666667,156,105,Chinook,PRFT,2021
LOO,139,139,0,0,0,0,0,1.26174730215827,0.542698098348708,0.294521225951304,2.32075,0.562633333333333,0.872791666666667,1.08241666666667,1.731625,2.26968333333333,164,109,0,139,175.382875,0,0,,,0,0,0,0,139,139,0,0.41125,111,0.397625,1.28732554600788,2.718375,1.12068859649123,1.45871365914787,0.527404761904762,2.44158928571429,0.311833333333334,158,105,Chinook,PRFT,2021
VAL,139,139,0,0,0,0,0,1.42581294964029,0.520671478313803,0.271098788329481,2.23841666666667,0.734229166666667,1.00470833333333,1.36729166666667,1.86164583333333,2.29368333333333,164,239,0,139,198.188,0,0,,,0,0,0,0,139,139,0,0.410958333333333,111,0.592833333333333,1.45587244897959,2.83125,1.29503477443609,1.62411967418546,0.729190476190476,2.42813095238095,0.29875,158,233,Chinook,PRFT,2021
,139,139,0,0,0,0,0,1.9095071942446,0.768499718299997,0.590591817027175,2.74020833333333,1.11239166666667,1.26289583333333,1.62420833333333,2.42647916666667,3.48241666666667,134,229,0,139,265.4215,0,0,,,0,0,0,0,139,139,0,0.400458333333333,111,0.941875,1.94363157894737,3.68208333333333,1.74293859649123,2.13505294486216,1.11860119047619,3.576375,0.321833333333333,128,223,Chinook,PRFT,2022
BVC,139,139,0,0,0,0,0,3.69854992160118,1.02222564552294,1.0449452703648,3.78320833333333,2.73813333333333,2.91825,3.24058333333333,4.09754166666667,5.815125,142,108,0,98,514.098439102564,0,0,,,0,0,0,0,78,24,0,0.447291666666667,111,2.53408333333333,3.7379166115839,6.31729166666667,3.52292763157895,3.94035417871602,2.79482738095238,6.16138095238095,0.309708333333333,136,105,Chinook,PRFT,2022
CHA,139,139,0,0,0,0,0,2.02024670263789,0.86087117653876,0.741099182595228,2.900875,1.08303333333333,1.2465625,1.76170833333333,2.66895833333333,3.5515625,121,243,0,139,280.814291666667,0,0,,,0,0,0,0,139,139,0,0.498166666666667,111,0.925333333333333,2.02043277837451,3.82620833333333,1.81973214285714,2.23267324561404,1.08305357142857,3.5533630952381,0.316958333333333,115,237,Chinook,PRFT,2022
LOO,139,139,0,0,0,0,0,1.33369118705036,0.473161405132258,0.223881715306733,2.26841666666667,0.776029166666667,1.03870833333333,1.19566666666667,1.62233333333333,2.24937916666667,141,108,0,139,185.383075,0,0,,,0,0,0,0,139,139,0,0.315416666666667,111,0.360125,1.35869479949875,2.62854166666667,1.20201616541353,1.50619768170426,0.637880952380952,2.48506547619048,0.242916666666667,135,105,Chinook,PRFT,2022
VAL,139,139,0,0,0,0,0,1.44103396513558,0.558082074423914,0.3114556017933,2.13691666666667,0.7537625,0.946520833333333,1.31720833333333,1.89254166666667,2.40954583333333,140,108,0,139,200.303721153846,0,0,,,0,0,0,0,139,139,0,0.267666666666667,111,0.510458333333333,1.46990512682806,2.647375,1.32105607769424,1.60782995951417,0.765970238095238,2.56626190476191,0.243583333333334,134,105,Chinook,PRFT,2022
BVC,139,139,0,0,0,0,0,3.53912679856115,0.622307475953309,0.387266594627378,2.49825,2.9676125,3.06095833333333,3.27004166666667,3.95852083333333,4.90616666666667,136,236,0,105,491.938625,0,0,,,0,0,0,0,82,26,0,0.654833333333333,112,2.75716666666667,3.54962978875761,5.25541666666667,3.3427380952381,3.77757518796992,2.92217857142857,5.08735119047619,0.300375,130,230,Chinook,PRFT,2023
CHC,139,139,0,0,0,0,0,1.12296739130435,0.340322788481308,0.115819600359693,1.46658333333333,0.744129166666667,0.8849375,0.998041666666667,1.29375,1.7733125,157,236,0,139,156.092467391304,0,0,,,0,0,0,0,139,139,0,0.253,112,0.520666666666667,1.133686963916,1.98725,0.997534842541135,1.2577813283208,0.718232142857143,1.87152380952381,0.218708333333333,151,230,Chinook,PRFT,2023
LOO,139,139,0,0,0,0,0,1.22171043165468,0.351488932455606,0.123544469638782,1.67829166666667,0.785808333333333,0.971270833333333,1.14529166666667,1.34758333333333,1.96767916666667,156,236,0,139,169.81775,0,0,,,0,0,0,0,139,139,0,0.462041666666667,112,0.548916666666667,1.22773693161475,2.22720833333333,1.06621992481203,1.3733634085213,0.758625,2.10655952380952,0.24075,150,230,Chinook,PRFT,2023
VAL,139,139,0,0,0,0,0,1.28022332134293,0.33405446128144,0.111592383102033,1.72195833333333,0.86385,1.00170833333333,1.24358333333333,1.51775,1.87416666666667,156,236,0,139,177.951041666667,0,0,,,0,0,0,0,139,139,0,0.561916666666667,112,0.603583333333333,1.27918215180809,2.32554166666667,1.13333333333333,1.4152343358396,0.819160714285714,2.05039285714286,0.228791666666667,150,230,Chinook,PRFT,2023
BVC,139,139,0,0,0,0,0,3.79765137889688,0.943472129342042,0.890139658845206,3.56695833333333,2.71816666666667,3.12620833333333,3.48758333333333,4.69508333333333,5.541325,129,226,0,95,527.873541666667,0,0,,,0,0,0,0,83,47,0,0.491,111,2.608875,3.82385624776226,6.17583333333333,3.61628164160401,4.04350156641604,2.65752380952381,5.8966130952381,0.341541666666666,123,220,Chinook,PRFT,2024
CHC,139,139,0,0,0,0,0,1.30977877697842,0.464708165023508,0.215953678639516,1.684125,0.792495833333333,0.931166666666667,1.161375,1.7748125,2.15217083333333,129,226,0,139,182.05925,0,0,,,0,0,0,0,139,139,0,0.299583333333333,111,0.706625,1.32804896168994,2.39075,1.19268045112782,1.46419956140351,0.747630952380952,2.17469047619048,0.211583333333333,123,220,Chinook,PRFT,2024
LOO,139,139,0,0,0,0,0,1.28574687392943,0.419829159392146,0.176256523075916,1.84970833333333,0.778908333333333,0.925625,1.22341666666667,1.54929166666667,2.08147916666667,150,226,0,139,178.71881547619,0,0,,,0,0,0,0,139,139,0,0.315333333333333,111,0.659833333333333,1.29853347654851,2.50954166666667,1.14766572681704,1.45375639992839,0.714214285714286,2.25310714285714,0.25175,144,220,Chinook,PRFT,2024
MAR,139,139,0,0,0,0,0,1.47594422154584,0.572023975983434,0.327211429099896,2.23275,0.8636,1.06914583333333,1.22658333333333,1.8879375,2.58522083333333,129,202,0,139,205.156246794872,0,0,,,0,0,0,0,139,139,0,0.303,111,0.758666666666667,1.4897420543116,2.99141666666667,1.32347763639869,1.66052976190476,0.83834478021978,2.76044642857143,0.27425,123,196,Chinook,PRFT,2024
SFS,139,139,0,0,0,0,0,1.67431474820144,0.972798667486279,0.94633724746308,3.16845833333333,0.5213875,0.777229166666667,1.295375,2.51939583333333,3.2699375,129,226,0,139,232.72975,0,0,,,0,0,0,0,139,139,0,0.34875,111,0.414208333333333,1.67571970103831,3.58266666666667,1.48765758145363,1.87501253132832,0.465464285714286,3.3152380952381,0.338833333333333,123,220,Chinook,PRFT,2024
VAL,139,139,0,0,0,0,0,1.63654760897165,0.564136642248894,0.318250151127857,2.05541666666667,0.819816666666667,1.06416666666667,1.63004166666667,2.06589583333333,2.440375,129,226,0,139,227.480117647059,0,0,,,0,0,0,0,139,139,0,0.374625,111,0.698625,1.64234334786546,2.75404166666667,1.50984743107769,1.78796693940734,0.780863095238095,2.53551785714286,0.24375,123,220,Chinook,PRFT,2024
MAR,365,365,0,0,0,0,0,1.33773138430354,0.419074450043825,0.175623394679535,2.0915,0.6538,1.04583333333333,1.31995833333333,1.55416666666667,2.07355833333333,1,64,0,365,488.271955270793,0,0,,,0,0,0,0,365,365,0,0.579375,111,0.366666666666667,1.3386976967352,2.45816666666667,1.09897237697307,1.56867597282012,0.547422619047619,2.21856547619048,0.382666666666667,360,58,Chinook,PRST,1993
STH,365,365,39,0.106849315068493,39,0.106849315068493,0.213698630136986,2.44874279591042,0.662160159383383,0.438456076674627,2.37491666666667,1.24636458333333,2.00360416666667,2.6223125,2.97808333333333,3.2430625,133,278,0,326,798.290151466796,0,0,,,0,0,0,0,176,163,0,0.383166666666666,111,1.10404166666667,2.42565232682982,3.47895833333333,,,1.21450595238095,3.26736904761905,0.337208333333333,127,272,Chinook,PRST,1993
VAL,365,365,48,0.131506849315068,48,0.131506849315068,0.263013698630137,2.1873664095363,0.390146057496333,0.152213946179932,1.87108333333333,1.60573333333333,1.94116666666667,2.087375,2.43266666666667,2.91989166666667,133,64,0,317,693.395151823007,0,0,,,0,0,0,0,166,158,0,0.345208333333333,111,1.36604166666667,2.17231384872085,3.237125,,,1.52949404761905,3.08648214285714,0.295708333333334,127,58,Chinook,PRST,1993
MAR,366,366,0,0,0,0,0,2.13809537565502,0.742197019695921,0.550856416045507,3.92045833333333,1.11758333333333,1.67580208333333,1.97016666666667,2.5495,3.45619791666667,360,110,0,361,782.542907489737,0,0,,,0,0,0,0,253,180,0,0.804041666666667,111,0.7495,2.14983218350324,4.66995833333333,1.88591262298359,2.40586232286634,0.895309523809524,4.25773214285714,0.408166666666667,354,105,Chinook,PRST,1994
STH,366,366,0,0,0,0,0,3.21313490305039,0.8308053217412,0.690237482633499,3.33745833333333,2.02670833333333,2.44157291666667,3.303625,3.67470833333333,4.65028125,180,16,0,296,1176.00737451644,0,0,,,0,0,0,0,257,98,0,0.562791666666667,111,1.712,3.2153483948208,5.04945833333333,2.99676992710796,3.42670543981482,1.98986904761905,4.89741558441559,0.379583333333333,174,10,Chinook,PRST,1994
VAL,366,366,0,0,0,0,0,2.18111416608073,0.926295014131456,0.858022453204795,3.82854166666667,0.6881875,1.6125,2.12210416666667,2.6515,3.81402083333333,179,55,0,361,798.287784785546,0,0,,,0,0,0,0,280,90,0,0.800125,111,0.408333333333333,2.18780980231435,4.236875,1.97792240187249,2.40656171186067,0.548053571428572,3.97624404761905,0.383375,173,49,Chinook,PRST,1994
MAR,365,365,0,0,0,0,0,2.02239184960691,0.874477529364293,0.764710949363077,4.23579166666667,1.09420833333333,1.406625,1.7675,2.36541666666667,3.959575,162,58,0,347,738.173025106523,0,0,,,0,0,0,0,300,115,0,0.880708333333333,112,0.624541666666667,2.03094187256095,4.86033333333333,1.76494332586492,2.31953881784418,0.947809523809524,4.6687380952381,0.439208333333333,156,52,Chinook,PRST,1995
MAR,365,365,10,0.0273972602739726,10,0.0273972602739726,0.0547945205479452,1.12210572056452,0.375614544346043,0.141086285924285,2.71139880952381,0.602995833333333,0.918791666666667,1.08608333333333,1.27122916666667,1.70789583333333,358,115,0,355,398.347530800405,0,0,,,0,0,0,0,355,355,0,0.864466666666667,121,0.0441428571428571,1.11184691682941,2.75554166666667,,,0.0441428571428571,2.49071428571429,0.322541666666667,352,109,Chinook,PRST,1997
STH,365,365,0,0,0,0,0,2.87269068547807,0.555679384326983,0.308779578166015,2.30275,2.282675,2.47504166666667,2.67445833333333,3.08483333333333,4.05984166666667,165,268,0,341,1048.5321001995,0,0,,,0,0,0,0,276,68,0,0.531791666666666,111,2.0555,2.87516467425248,4.35825,2.68932005289665,3.06552619158155,2.22252976190476,4.17064285714286,0.350333333333333,159,262,Chinook,PRST,1997
MAR,366,366,0,0,0,0,0,1.60220919035137,0.793778387928669,0.630084129142637,3.40954166666667,0.789927083333333,1.07615625,1.32704166666667,1.91688541666667,3.49629166666667,147,65,0,366,586.408563668601,0,0,,,0,0,0,0,366,366,0,0.491041666666667,111,0.464333333333333,1.60501224696304,3.873875,1.37243669557703,1.82507400499561,0.694727743271222,3.753125,0.358875,141,59,Chinook,PRST,1998
SEC,366,366,10,0.0273224043715847,10,0.0273224043715847,0.0546448087431694,1.70817722141852,0.906798323835416,0.82228320011072,4.107375,0.657989583333333,1.00404166666667,1.62064583333333,2.02539583333333,3.82452083333333,146,321,0,346,608.111090824994,0,0,,,0,0,0,0,300,115,0,0.648291666666667,121,0.282,1.7143832251,4.389375,,,0.486345238095238,4.2015,0.369708333333334,140,315,Chinook,PRST,1998
SFS,366,366,0,0,0,0,0,1.22054242807965,0.625902773434111,0.391754281792512,3.09504166666667,0.580322916666667,0.781197916666667,0.979833333333333,1.54429166666667,2.61629166666667,146,45,0,366,446.718528677151,0,0,,,0,0,0,0,366,366,0,0.68425,111,0.246916666666667,1.21486009950002,3.34195833333333,0.968416529940556,1.45820212359098,0.461226190476191,3.15633928571429,0.384666666666667,140,39,Chinook,PRST,1998
STH,366,366,0,0,0,0,0,2.1699184350675,0.43748434670121,0.191392553608585,2.08558333333333,1.66746875,1.86783333333333,2.02908333333333,2.41675,3.04477083333333,168,321,0,366,794.190147234703,0,0,,,0,0,0,0,366,366,0,0.429083333333334,111,1.39533333333333,2.16478870263608,3.48091666666667,1.9674056712963,2.35162645933977,1.53014285714286,3.32951785714286,0.338083333333333,162,315,Chinook,PRST,1998
VAL,366,366,0,0,0,0,0,1.6496866462877,0.64530208688575,0.416414783339104,2.79508333333333,1.01898958333333,1.21675,1.41264583333333,1.9345625,3.103625,170,65,0,366,603.785312541298,0,0,,,0,0,0,0,366,366,0,0.4555,111,0.743166666666667,1.65000204211207,3.53825,1.45760438829787,1.83056898651369,0.987815476190476,3.41725595238095,0.342583333333333,164,59,Chinook,PRST,1998
MAR,365,365,0,0,0,0,0,1.33323893433275,0.531330812674933,0.282312432497805,2.47595833333333,0.712558333333333,0.965791666666667,1.165125,1.688125,2.42659166666667,149,97,0,365,486.632211031452,0,0,,,0,0,0,0,365,365,0,0.663583333333333,112,0.304166666666667,1.33728386479115,2.780125,1.10956604744137,1.5511924377296,0.487404761904762,2.67220238095238,0.397916666666667,143,91,Chinook,PRST,1999
SFS,365,365,18,0.0493150684931507,17,0.0465753424657534,0.0958904109589041,1.15069226448419,0.65364258624048,0.427248630547144,2.93825,0.267604166666667,0.619541666666667,1.03575,1.6961875,2.29355833333333,3,285,0,347,399.290215776013,0,0,,,0,0,0,0,178,173,0,1.42570833333333,112,0.05825,1.14413603419731,2.9965,,,0.220089285714286,2.34559523809524,0.397166666666666,363,279,Chinook,PRST,1999
STH,365,365,0,0,0,0,0,1.57810626491622,0.448789931745353,0.201412402835999,1.967375,1.017225,1.24970833333333,1.46908333333333,1.841125,2.49295833333333,121,265,0,365,576.008786694419,0,0,,,0,0,0,0,365,365,0,0.513875,112,0.788625,1.57181836391866,2.756,1.37721692200557,1.75884689758185,1.00316666666667,2.62982738095238,0.37025,115,259,Chinook,PRST,1999
VAL,365,365,0,0,0,0,0,1.33473811547738,0.344180627597635,0.118460304413502,1.866625,0.897941666666667,1.10575,1.24866666666667,1.472875,2.0674,165,54,0,365,487.179412149245,0,0,,,0,0,0,0,365,365,0,0.49475,112,0.721416666666667,1.33439410467358,2.58804166666667,1.15266956824513,1.50277709014574,0.899488095238095,2.24326785714286,0.329041666666667,159,48,Chinook,PRST,1999
MAR,365,365,0,0,0,0,0,1.40095813042,0.587992293074278,0.345734936714747,3.01929166666667,0.611291666666667,0.990875,1.23958333333333,1.75578260869565,2.57570833333333,24,66,0,365,511.349717603299,0,0,,,0,0,0,0,365,365,0,0.697461956521739,111,0.120958333333333,1.40634461727939,3.14025,1.16717521808274,1.64032211810181,0.450761904761905,2.72940476190476,0.348854166666667,18,60,Chinook,PRST,2000
STH,365,365,0,0,0,0,0,1.98808190274944,0.417691868386431,0.174466496916147,1.93508333333333,1.37170833333333,1.63416666666667,1.99629166666667,2.306,2.69548333333333,136,66,0,365,725.649894503546,0,0,,,0,0,0,0,365,365,0,0.698875,111,0.959833333333333,1.98636059617648,2.89491666666667,1.79300458078982,2.17303922934076,1.2900119047619,2.78783333333333,0.336083333333333,130,60,Chinook,PRST,2000
VAL,365,365,0,0,0,0,0,1.30274991950146,0.423833002824896,0.179634414283568,2.54193452380952,0.528591666666667,1.06804166666667,1.28695833333333,1.60566666666667,1.98061666666667,136,66,0,365,475.503720618035,0,0,,,0,0,0,0,365,365,0,0.60925,111,0.0625238095238095,1.30155760153584,2.60445833333333,1.11528734022798,1.48837987465181,0.372952380952381,2.28822023809524,0.317833333333333,130,60,Chinook,PRST,2000
MAR,365,365,0,0,0,0,0,1.36466513127326,0.395844711520043,0.156693035638386,2.32383333333333,0.887325,1.09233333333333,1.26120833333333,1.56275,2.07803333333333,151,350,0,365,498.102772914739,0,0,,,0,0,0,0,365,365,0,0.45425,111,0.663583333333333,1.3684553463602,2.98741666666667,1.15136415314279,1.58849207238303,0.867380952380952,2.70102380952381,0.361291666666667,145,344,Chinook,PRST,2001
SEC,365,365,0,0,0,0,0,2.45539664820752,0.767667157452344,0.589312864630962,3.38091666666667,1.42021666666667,1.762375,2.34283333333333,3.07929166666667,3.6443,150,312,0,355,896.219776595745,0,0,,,0,0,0,0,312,177,0,0.445291666666666,111,1.16158333333333,2.45782022595976,4.5425,2.26354572887651,2.65511896471681,1.38352976190476,4.37205952380952,0.361458333333333,144,306,Chinook,PRST,2001
STH,365,365,0,0,0,0,0,2.20051867045565,0.330950225358624,0.109528051664924,1.72695833333333,1.67350833333333,1.959375,2.16316666666667,2.4495,2.70383333333333,154,350,0,365,803.189314716312,0,0,,,0,0,0,0,365,365,0,0.41325,111,1.4735,2.20817570089436,3.20045833333333,2.0271997446611,2.38030292479109,1.66679166666667,3.10968452380952,0.316791666666666,148,344,Chinook,PRST,2001
MAR,366,366,42,0.114754098360656,42,0.114754098360656,0.229508196721311,1.33618452804807,0.768657982767827,0.590835094472705,3.629375,0.56611875,0.8768125,1.09545833333333,1.47366666666667,3.17963125,150,57,0,322,432.923787087573,0,0,,,0,0,0,0,250,107,0,0.562791666666667,111,0.374708333333333,1.34067483589394,4.00408333333333,,,0.524357142857143,3.84589523809524,0.368458333333334,144,51,Chinook,PRST,2002
SEC,366,366,0,0,0,0,0,2.32381880256172,0.853477946748434,0.728424605585923,4.27070833333333,1.2215,1.68059375,2.17716666666667,2.80354166666667,3.92695833333333,150,307,0,349,850.517681737589,0,0,,,0,0,0,0,310,174,0,0.505958333333334,111,0.967125,2.32390549821288,5.23783333333333,2.10551265760441,2.54818487982664,1.05334523809524,5.08358333333333,0.3639375,144,301,Chinook,PRST,2002
SFS,366,366,0,0,0,0,0,1.31672407278223,0.592166439519479,0.350661092093177,3.40658333333333,0.695135416666667,0.92053125,1.13452083333333,1.59122916666667,2.49632291666667,150,34,0,366,481.921010638298,0,0,,,0,0,0,0,366,366,0,0.566,111,0.420833333333333,1.31157698060903,3.82741666666667,1.07374320084712,1.55695500640268,0.596994047619048,3.50558333333333,0.369916666666667,144,28,Chinook,PRST,2002
STH,366,366,0,0,0,0,0,1.72668873389496,0.575295290112778,0.330964670825946,3.06475,0.977645833333333,1.33402083333333,1.65772916666667,1.97839583333333,3.01529166666667,152,1,0,366,631.968076605556,0,0,,,0,0,0,0,366,366,0,0.519875,111,0.730666666666667,1.72494760035935,3.79541666666667,1.54222947003959,1.90894148550725,0.915,3.50977380952381,0.319375,146,360,Chinook,PRST,2002
VAL,366,366,0,0,0,0,0,1.39341918748875,0.588935769767935,0.34684534091215,3.108,0.707322916666667,0.994791666666667,1.24733333333333,1.62364583333333,2.7546875,151,1,0,366,509.991422620883,0,0,,,0,0,0,0,366,366,0,0.546166666666667,111,0.466958333333333,1.39015798611621,3.57495833333333,1.21022625014378,1.56947986662258,0.662821428571429,3.32032738095238,0.313708333333333,145,360,Chinook,PRST,2002
SFS,365,365,2,0.00547945205479452,2,0.00547945205479452,0.010958904109589,1.19020298243557,0.492299396463127,0.242358695757959,2.19758333333333,0.552291666666667,0.820479166666667,1.01316666666667,1.58129166666667,2.104525,156,82,0,363,432.043682624114,0,0,,,0,0,0,0,290,181,0,0.56225,112,0.238791666666667,1.19290775767428,2.436375,0.975054396570458,1.41879015784587,0.432821428571429,2.29969047619048,0.356166666666667,150,76,Chinook,PRST,2003
STH,365,365,0,0,0,0,0,1.68038671912951,0.394962508156371,0.155995382849172,1.694,1.105125,1.397625,1.61383333333333,1.9755,2.41280833333333,129,8,0,365,613.34115248227,0,0,,,0,0,0,0,365,365,0,0.515583333333333,112,0.852416666666667,1.68109627631352,2.54641666666667,1.49954212844979,1.85689322191272,1.0712380952381,2.4447380952381,0.32425,123,2,Chinook,PRST,2003
VAL,365,365,0,0,0,0,0,1.35559892888371,0.396590859486069,0.157284309827899,1.78183333333333,0.804975,1.08283333333333,1.27470833333333,1.56841666666667,2.10810833333333,150,82,0,365,494.793609042553,0,0,,,0,0,0,0,365,365,0,0.516916666666667,112,0.536041666666667,1.35694354886505,2.317875,1.17731147889133,1.53107370009285,0.727345238095238,2.177,0.339166666666667,144,76,Chinook,PRST,2003
MAR,365,365,4,0.010958904109589,4,0.010958904109589,0.0219178082191781,1.07778315853598,0.553094749758775,0.305913802210721,2.63091071428571,0.322291666666667,0.6865,0.934583333333333,1.41820833333333,2.23904166666667,141,68,0,361,389.079720231488,0,0,,,0,0,0,0,361,361,0,0.603583333333333,111,0.056047619047619,1.07768492999768,2.68695833333333,0.846624326833798,1.29789865959422,0.255221088435374,2.57357142857143,0.375833333333333,135,62,Chinook,PRST,2004
SFS,365,365,0,0,0,0,0,1.03796590401244,0.547044352420048,0.299257523514669,2.927125,0.389108333333333,0.603708333333333,0.892916666666667,1.454875,1.98124166666667,139,68,0,365,378.857554964539,0,0,,,0,0,0,0,365,365,0,1.22466666666667,111,0.217083333333333,1.03325895732263,3.14420833333333,0.769272516248839,1.31815432199372,0.430261904761905,2.69533333333333,0.427708333333333,133,62,Chinook,PRST,2004
STH,365,365,0,0,0,0,0,1.64332427694634,0.325246473970568,0.105785268830288,1.989375,1.14208333333333,1.44779166666667,1.60783333333333,1.788125,2.28133333333333,344,335,0,365,599.813361085415,0,0,,,0,0,0,0,365,365,0,0.471552536231884,111,0.776333333333333,1.6425964479158,2.76570833333333,1.43867499293529,1.839303800794,0.951928571428572,2.60073214285714,0.347,338,329,Chinook,PRST,2004
VAL,365,365,13,0.0356164383561644,13,0.0356164383561644,0.0712328767123288,1.13934042766122,0.411428200176752,0.169273163900681,2.1155,0.584366666666667,0.80753125,1.0824375,1.44270833333333,1.80894166666667,141,252,0,352,401.04783053675,0,0,,,0,0,0,0,259,176,0,0.685541666666667,111,0.360166666666667,1.13395226181291,2.47566666666667,,,0.597839285714286,2.32698214285714,0.363083333333333,135,246,Chinook,PRST,2004
STH,365,365,15,0.0410958904109589,15,0.0410958904109589,0.0821917808219178,1.80916319739773,0.515555441778101,0.265797413547013,2.80691666666667,1.15997708333333,1.50578125,1.68370833333333,1.94222916666667,2.90490208333333,141,58,0,350,633.207119089206,0,0,,,0,0,0,0,254,175,0,0.61,111,0.885166666666667,1.80387574523481,3.69208333333333,,,1.00882738095238,3.44184523809524,0.394291666666667,135,52,Chinook,PRST,2005
VAL,365,365,10,0.0273972602739726,10,0.0273972602739726,0.0547945205479452,1.75479414394166,0.69747866387967,0.48647648656737,3.268375,0.941420833333333,1.31664583333333,1.517,2.02677083333333,3.21325,140,58,0,355,622.951921099291,0,0,,,0,0,0,0,355,355,0,0.479208333333333,111,0.615708333333333,1.75136673113147,3.88408333333333,,,0.715541666666667,3.66932738095238,0.394125,134,52,Chinook,PRST,2005
BIL,366,366,3,0.00819672131147541,3,0.00819672131147541,0.0163934426229508,1.41848971127704,0.537105876944168,0.288482723047964,2.70504166666667,0.683870833333333,1.047875,1.30754166666667,1.67702083333333,2.5383125,134,247,0,363,514.911765193564,0,0,,,0,0,0,0,363,363,0,1.05079166666667,111,0.470208333333333,1.41841892861307,3.17525,1.17505983796296,1.65304035829308,0.641345238095238,2.88276785714286,0.376208333333333,128,241,Chinook,PRST,2006
MAR,366,366,17,0.046448087431694,17,0.046448087431694,0.092896174863388,1.19069820408868,0.552475650715047,0.305229344633015,2.46641666666667,0.472191666666667,0.743458333333333,1.07241666666667,1.60529166666667,2.27281666666667,40,289,0,349,415.55367322695,0,0,,,0,0,0,0,195,174,0,0.919375,111,0.338541666666667,1.18737465659471,2.80495833333333,,,0.50989880952381,2.45764285714286,0.335916666666667,34,283,Chinook,PRST,2006
SFS,366,366,0,0,0,0,0,1.90470784478633,0.523470991413889,0.274021878851839,2.83979166666667,1.325125,1.482625,1.76379166666667,2.21673958333333,2.919125,1,271,0,366,697.123071191798,0,0,,,0,0,0,0,366,366,0,0.855166666666667,111,1.11729166666667,1.90918078637933,3.95708333333333,1.66839677435588,2.15485046296296,1.35025595238095,3.39933928571429,0.363625,360,265,Chinook,PRST,2006
BIL,365,365,34,0.0931506849315068,34,0.0931506849315068,0.186301369863014,2.8840557414855,0.643089123736268,0.413563621067881,4.12925,1.78270833333333,2.52845833333333,2.879375,3.12014583333333,4.08929166666667,140,229,0,312,954.622450431699,0,0,,,0,0,0,0,207,78,0,0.803,150,1.63025,2.90920855852621,5.7595,,,1.70705357142857,5.7595,0.491416666666667,134,223,Chinook,PRST,2007
MAR,365,365,0,0,0,0,0,1.42028522533254,0.824362791458639,0.67957401194148,3.65914166666667,0.395816666666667,0.840291666666667,1.13291666666667,1.89720833333333,3.03445,140,348,0,365,518.404107246377,0,0,,,0,0,0,0,365,365,0,0.628125,112,0.0504,1.42842666496537,3.70954166666667,1.16172794800371,1.67457729805014,0.336053571428571,3.50697619047619,0.4395,134,342,Chinook,PRST,2007
SFS,365,365,3,0.00821917808219178,3,0.00821917808219178,0.0164383561643836,1.90901107666236,0.819991729795956,0.672386436933764,3.48891666666667,0.85549375,1.22794791666667,1.65458333333333,2.72364583333333,3.15564375,140,40,0,362,691.062009751773,0,0,,,0,0,0,0,362,362,0,1.88454166666667,112,0.508833333333333,1.91119575438218,3.99775,1.58843182895751,2.22137221448468,0.841857142857143,3.68989285714286,0.464208333333334,134,34,Chinook,PRST,2007
STH,365,365,0,0,0,0,0,1.65644924801152,0.686927828362188,0.471869841378391,2.99975,0.7691,1.17808333333333,1.501875,2.09408333333333,3.07474166666667,140,348,0,365,604.603975524206,0,0,,,0,0,0,0,365,365,0,0.530458333333333,112,0.359625,1.65943659450966,3.359375,1.43310586686817,1.86545577994429,0.751208333333333,3.25302380952381,0.423790780141844,134,342,Chinook,PRST,2007
VAL,365,365,37,0.101369863013699,37,0.101369863013699,0.202739726027397,1.66842142550031,0.791407969894493,0.626326574812523,3.44570833333333,0.741385416666667,1.11511458333333,1.3855625,2.16728125,3.24907291666667,140,348,0,328,547.242227564103,0,0,,,0,0,0,0,306,164,0,0.482083333333333,112,0.213791666666667,1.65942227261644,3.6595,,,0.556416666666667,3.4638630952381,0.348375,134,342,Chinook,PRST,2007
,365,365,0,0,0,0,0,1.70132630037721,0.846658056474607,0.716829864593359,3.97395833333333,0.913466666666667,1.16025,1.375,2.0335,3.783525,144,22,0,350,620.984099637681,0,0,,,0,0,0,0,318,175,0,0.539958333333333,111,0.31125,1.70401975956908,4.28520833333333,1.49188974001857,1.91037620604739,0.617958333333333,4.17640476190476,0.377375,138,16,Chinook,PRST,2008
BIL,365,365,28,0.0767123287671233,28,0.0767123287671233,0.153424657534247,3.2721626042435,0.814734841871582,0.663792862559513,4.49825,2.44700833333333,2.76408333333333,3.025875,3.52154166666667,5.27614166666667,140,22,0,287,1102.71879763006,0,0,,,0,0,0,0,181,57,0,0.879208333333333,111,1.76825,3.27103792357426,6.2665,,,2.11099404761905,5.86400595238095,0.415208333333333,134,16,Chinook,PRST,2008
BIU,365,365,0,0,0,0,0,2.1336185427834,0.551681453266317,0.304352425878036,3.24820833333333,1.58004166666667,1.80854166666667,1.98183333333333,2.241,3.380425,150,22,0,361,778.770768115942,0,0,,,0,0,0,0,318,120,0,0.493333333333333,111,0.971125,2.13661629598551,4.21933333333333,1.91779886258124,2.35226328166001,1.27999404761905,3.95632738095238,0.396625,144,16,Chinook,PRST,2008
BVC,365,365,0,0,0,0,0,3.57862331416762,0.686528055017842,0.471320770326581,3.7205,2.87548333333333,3.17520833333333,3.37783333333333,3.76108333333333,5.3561,140,22,0,305,1306.19750967118,0,0,,,0,0,0,0,109,43,0,0.713458333333333,111,2.53166666666667,3.58613989960138,6.25216666666667,3.36768987929434,3.80094203757482,2.78702976190476,5.99502380952381,0.389708333333334,134,16,Chinook,PRST,2008
CAM,365,365,47,0.128767123287671,47,0.128767123287671,0.257534246575342,1.33693428957334,1.06184683451778,1.12751869997544,5.243375,0.352210416666667,0.594083333333333,0.894041666666667,1.84109375,3.81348541666666,140,89,0,303,425.145104084321,0,0,,,0,0,0,0,187,101,0,0.8085,111,0.117666666666667,1.32944633908916,5.36104166666667,,,0.277386904761905,4.46145833333333,0.341541666666667,134,83,Chinook,PRST,2008
CHA,365,365,0,0,0,0,0,1.24770224306796,0.632763924231636,0.400390183809019,3.244125,0.528766666666667,0.833625,1.06558333333333,1.55445833333333,2.71009166666667,150,20,0,365,455.411318719807,0,0,,,0,0,0,0,365,365,0,0.893916666666667,111,0.142375,1.24999578102082,3.3865,1.03378021510368,1.45589972952243,0.341142063492064,3.27904761904762,0.390916666666667,144,14,Chinook,PRST,2008
CHC,365,365,59,0.161643835616438,35,0.0958904109589041,0.257534246575342,0.696687243504504,0.620156268184802,0.3845937969689,2.21375,0.0409583333333333,0.214125,0.403604166666667,1.21295833333333,1.8785625,151,272,0,306,213.186296512378,0,0,,,0,0,0,0,172,19,0,0.459117424242424,111,0.001,0.651103535045252,2.21475,,,0.0461818181818182,2.16314285714286,0.2465,145,266,Chinook,PRST,2008
HER,365,365,0,0,0,0,0,1.50990507968307,0.447099148703163,0.199897648771093,2.74695833333333,0.685783333333333,1.2725,1.50758333333333,1.715625,2.34748333333333,174,105,0,365,551.115354084322,0,0,,,0,0,0,0,365,365,0,0.705833333333334,111,0.262625,1.51953355030783,3.00958333333333,1.3159422005571,1.7122547636349,0.600982142857143,2.84420238095238,0.353666666666667,168,105,Chinook,PRST,2008
LAK,365,365,0,0,0,0,0,1.54628635596585,0.72931916526686,0.53190644482555,3.76966666666667,0.754141666666667,1.073,1.3515,1.79795833333333,3.14106666666667,157,89,0,362,564.394519927536,0,0,,,0,0,0,0,312,90,0,1.2295,111,0.464708333333333,1.55388828670623,4.234375,1.30693651346332,1.81350154919059,0.678511904761905,3.83875,0.444541666666667,151,83,Chinook,PRST,2008
LOO,365,365,0,0,0,0,0,1.96444547484975,0.430505380364263,0.185334882522579,2.53225,1.37091666666667,1.67404166666667,1.932625,2.16170833333333,2.75621666666667,150,22,0,365,717.022598320158,0,0,,,0,0,0,0,365,365,0,0.801458333333333,111,0.789125,1.97309559486979,3.321375,1.74975862032582,2.19488374648141,1.12219642857143,3.21375595238095,0.419541666666667,144,16,Chinook,PRST,2008
MAR,365,365,0,0,0,0,0,1.29526363406097,0.644031262666828,0.414776267292229,3.26791287878788,0.561016666666667,0.895541666666667,1.156,1.44945833333333,2.8793,150,21,0,365,472.771226432256,0,0,,,0,0,0,0,365,365,0,0.580583333333333,111,0.0940454545454545,1.30079233055808,3.36195833333333,1.08179643279191,1.50631916375274,0.317711425479283,3.27547023809524,0.361,144,15,Chinook,PRST,2008
SEC,365,365,29,0.0794520547945206,29,0.0794520547945206,0.158904109589041,1.94235618153752,0.935925418261087,0.87595638854719,4.05070833333333,0.750833333333334,1.07607291666667,1.82075,2.63920833333333,3.75342708333333,144,277,0,325,652.631676996608,0,0,,,0,0,0,0,283,81,0,0.837666666666667,111,0.362875,1.94855206173505,4.41358333333333,,,0.591476190476191,4.19994047619048,0.42875,138,271,Chinook,PRST,2008
SUL,365,365,0,0,0,0,0,1.4860385094111,0.816698346715931,0.666996189528535,3.96107456140351,0.702275,0.973166666666667,1.185875,1.8645,3.37125,144,22,0,360,542.40405593505,0,0,,,0,0,0,0,319,90,0,0.806875,111,0.194842105263158,1.48718345266429,4.15591666666667,1.28081918218248,1.68622046563543,0.431528634085213,4.0143630952381,0.372416666666667,138,16,Chinook,PRST,2008
,365,365,0,0,0,0,0,1.06790933387736,0.772690147933475,0.597050064713455,3.7925,0.2066,0.537375,0.763041666666667,1.52966666666667,2.595925,156,363,0,365,389.786906865236,0,0,,,0,0,0,0,365,365,0,0.826875,111,0.012,1.0661440899549,3.8045,0.841550881018178,1.29745624419684,0.176503519668737,3.51053571428571,0.432041666666667,150,357,Chinook,PRST,2009
BIU,365,365,0,0,0,0,0,2.04958155299718,0.53620205238117,0.287512640977779,3.73591666666667,1.42254166666667,1.74366666666667,1.942875,2.18229166666667,3.15009166666667,156,363,0,360,748.097266843972,0,0,,,0,0,0,0,311,180,0,1.25,111,1.0005,2.05071862696955,4.73641666666667,1.81629770194986,2.2823441272052,1.41735119047619,4.2407380952381,0.425958333333333,150,357,Chinook,PRST,2009
BVC,365,365,0,0,0,0,0,3.4456431482561,0.620242492952216,0.38470075006358,4.14841666666667,2.77141666666667,3.060625,3.268125,3.643,4.61470833333333,156,80,0,317,1257.65974911348,0,0,,,0,0,0,0,290,105,0,1.117375,111,2.45170833333333,3.45022404912893,6.600125,3.20957648560817,3.69317258341729,2.62689880952381,5.99551785714286,0.421208333333333,150,74,Chinook,PRST,2009
CAM,365,365,0,0,0,0,0,1.47923758099157,0.608475980616096,0.37024301898672,3.581625,0.812475,1.120875,1.34758333333333,1.61908333333333,2.97809166666667,158,325,0,361,539.921717061924,0,0,,,0,0,0,0,310,180,0,0.728041666666667,111,0.513458333333333,1.48506850156525,4.09508333333333,1.23563138347261,1.72746307081962,0.722720238095238,3.81300595238095,0.44275,152,319,Chinook,PRST,2009
CHA,365,365,0,0,0,0,0,1.09264506551519,0.58401385234179,0.341072179727098,3.39643333333333,0.392441666666667,0.678125,0.967083333333333,1.354375,2.24960833333333,156,47,0,365,398.815448913044,0,0,,,0,0,0,0,365,365,0,0.857083333333333,111,0.0749,1.09398979336436,3.47133333333333,0.844934043841589,1.36532177748173,0.283333333333333,3.01717857142857,0.440333333333333,150,41,Chinook,PRST,2009
HER,365,365,0,0,0,0,0,1.4252199946988,0.392646675737451,0.154171411967671,2.036375,0.810633333333333,1.17091666666667,1.38920833333333,1.63383333333333,2.2525,174,363,0,365,520.205298065063,0,0,,,0,0,0,0,365,365,0,0.439833333333333,111,0.429291666666667,1.42622362174908,2.46566666666667,1.21780373723305,1.62330930386167,0.821458333333333,2.34901785714286,0.373666666666667,168,357,Chinook,PRST,2009
LAK,365,365,0,0,0,0,0,1.5780538229865,0.575834217968375,0.33158504658325,3.23679166666667,0.854916666666667,1.170375,1.44954166666667,1.82858333333333,2.73138333333333,158,85,0,365,575.989645390071,0,0,,,0,0,0,0,365,365,0,0.941125,111,0.591166666666667,1.58425300811666,3.82795833333333,1.33707462859796,1.84757126276695,0.703970238095238,3.3763869047619,0.446125,152,79,Chinook,PRST,2009
LOO,365,365,0,0,0,0,0,2.34645812170787,0.594295768047554,0.353187459919232,3.46245833333333,1.58138333333333,1.93241666666667,2.24608333333333,2.57916666666667,3.56091666666667,156,47,0,361,856.457214423373,0,0,,,0,0,0,0,310,180,0,0.853875,111,1.27045833333333,2.35394775539075,4.73291666666667,2.07891562209842,2.63088115134633,1.50120833333333,4.17755952380952,0.440375,150,41,Chinook,PRST,2009
MAR,365,365,0,0,0,0,0,1.28931848956023,0.672546684617172,0.452319042989549,3.91041666666667,0.500616666666667,0.844083333333333,1.03933333333333,1.64720833333333,2.531375,156,47,0,364,470.601248689485,0,0,,,0,0,0,0,313,182,0,0.683125,111,0.276666666666667,1.29323696411715,4.18708333333333,1.04422551067781,1.55035428525292,0.468285714285714,3.58658928571429,0.425625,150,41,Chinook,PRST,2009
SFS,365,365,0,0,0,0,0,1.44132865725244,0.609889230659223,0.371964873674099,3.93408333333333,0.626258333333333,1.056375,1.302375,1.755875,2.62249166666667,156,222,0,364,526.084959897141,0,0,,,0,0,0,0,313,182,0,1.08158333333333,111,0.42925,1.44061664781005,4.36333333333333,1.14594723020006,1.74076212607485,0.463166666666667,3.58908333333333,0.446166666666667,150,216,Chinook,PRST,2009
STH,365,365,0,0,0,0,0,1.60792550480547,0.499731831771103,0.249731903685302,2.91429166666667,1.0022,1.29554166666667,1.498125,1.77425,2.71595,158,363,0,365,586.892809253998,0,0,,,0,0,0,0,365,365,0,0.84775,111,0.661708333333333,1.61041023270115,3.576,1.38564996799253,1.83403814944895,0.996785714285714,3.35970833333333,0.402,152,357,Chinook,PRST,2009
SUL,365,365,0,0,0,0,0,1.46065186048771,0.620922751975568,0.385545063920913,3.90095833333333,0.772916666666667,1.09675,1.29708333333333,1.603125,2.702375,155,363,0,363,533.137929078014,0,0,,,0,0,0,0,313,181,0,0.6695,111,0.477166666666667,1.46007544245103,4.378125,1.22863300835655,1.68880652274838,0.749505952380952,3.83035119047619,0.422375,149,357,Chinook,PRST,2009
VAL,365,365,0,0,0,0,0,1.57771640978752,0.55095307362811,0.303549289340261,3.62858333333333,0.945191666666667,1.18804166666667,1.47616666666667,1.80158333333333,2.60295833333333,156,240,0,364,575.866489572446,0,0,,,0,0,0,0,313,182,0,0.850166666666667,111,0.646958333333333,1.57857617469444,4.27554166666667,1.34375411195119,1.80987106184861,0.929035714285714,3.64424404761905,0.430541666666667,150,234,Chinook,PRST,2009
,366,366,0,0,0,0,0,1.15539271501544,0.722884231498653,0.522561612149398,3.13983695652174,0.431916666666667,0.7356875,0.965770833333333,1.15759375,2.9246875,160,78,0,366,422.873733695652,0,0,,,0,0,0,0,366,366,0,0.505666666666667,111,0.0899130434782609,1.16034973976306,3.22975,0.943684002616747,1.37851597222222,0.331785196687371,3.08567261904762,0.416128623188406,154,72,Chinook,PRST,2010
BIU,366,366,0,0,0,0,0,2.08084419299913,0.601169006301702,0.361404174137775,2.89829166666667,1.4295,1.70180208333333,1.89216666666667,2.23898958333333,3.46819791666667,174,21,0,365,761.588974637681,0,0,,,0,0,0,0,296,182,0,0.492166666666667,111,1.14229166666667,2.08625507174488,4.04058333333333,1.85355506743156,2.32501203703704,1.40666666666667,3.81188095238095,0.443833333333334,168,15,Chinook,PRST,2010
CAM,366,366,0,0,0,0,0,2.44220602676804,1.03865998394354,1.07881456224558,4.69825,1.40838541666667,1.82052083333333,2.126875,2.56116666666667,4.92683333333333,160,78,0,325,893.847405797102,0,0,,,0,0,0,0,284,81,0,1.09020833333333,111,1.12270833333333,2.4537022350184,5.82095833333333,2.17635277777778,2.74137893518519,1.28994047619048,5.50549404761905,0.46475,154,72,Chinook,PRST,2010
CHA,366,366,22,0.0601092896174863,3,0.00819672131147541,0.0683060109289617,0.895559704154756,1.40786343187141,1.98207944280074,15.3552333333333,0.0679333333333333,0.30646875,0.46825,0.950645833333333,2.43525416666667,360,76,0,338,308.072538229236,0,2,,,1,1,0,0,172,28,0,10.3824583333333,111,0.0126666666666667,0.896146929109965,15.3679,0.558217369348154,1.39938055418366,0.028949494949495,9.56153833333333,0.380493055555556,354,70,Chinook,PRST,2010
HER,366,366,0,0,0,0,0,1.43983881761305,0.457757160885867,0.20954161834229,2.29725,0.853791666666667,1.11369791666667,1.35602083333333,1.61388541666667,2.44620833333333,177,78,0,366,526.981007246377,0,0,,,0,0,0,0,366,366,0,0.433583333333333,111,0.462416666666667,1.44574891232459,2.75966666666667,1.24735782508052,1.63010844907407,0.753291666666667,2.66068452380952,0.354458333333333,171,72,Chinook,PRST,2010
LAK,366,366,0,0,0,0,0,1.58729950250905,0.767313214265506,0.588769568786462,3.55754166666667,0.778354166666667,1.07813541666667,1.33914583333333,1.86326041666667,3.47172916666667,174,278,0,365,580.951617918314,0,0,,,0,0,0,0,296,182,0,1.56095833333333,111,0.501125,1.59676138905881,4.05866666666667,1.33682101495023,1.87803751052189,0.768964285714286,3.75416666666667,0.44825,168,272,Chinook,PRST,2010
MAR,366,366,0,0,0,0,0,1.59576079408801,0.792162856865454,0.627521991797237,3.38920833333333,0.701270833333333,1.03202083333333,1.28235416666667,2.10942708333333,3.26547916666667,175,78,0,366,584.048450636212,0,0,,,0,0,0,0,366,366,0,0.588916666666667,111,0.316875,1.60630394687308,3.70608333333333,1.34768137391068,1.86841857298475,0.620321428571429,3.51417857142857,0.438520833333333,169,72,Chinook,PRST,2010
SEC,366,366,0,0,0,0,0,2.34887257295663,1.12868655318387,1.27393333533808,4.28891666666667,0.975385416666667,1.35313541666667,2.138875,3.26664583333333,4.44692708333333,175,278,0,325,859.687361702128,0,0,,,0,0,0,0,267,81,0,0.924916666666667,111,0.538583333333333,2.34905121967522,4.8275,2.08878499556738,2.61428414351852,0.793053571428572,4.63166666666667,0.484,169,272,Chinook,PRST,2010
SFS,366,366,0,0,0,0,0,1.48917407491003,0.631242358047603,0.398466914593498,2.87185714285714,0.548291666666667,1.03033333333333,1.35814583333333,1.859,2.78888541666667,174,322,0,366,545.037711417072,0,0,,,0,0,0,0,366,366,0,0.7375,111,0.253333333333333,1.48676636107917,3.12519047619048,1.21267108494364,1.77313933728494,0.549660714285714,2.91528756285123,0.505020833333333,168,316,Chinook,PRST,2010
STH,366,366,0,0,0,0,0,1.66926754754919,0.453877145574693,0.206004463275031,2.334875,1.11421875,1.38080208333333,1.56952083333333,1.84013541666667,2.69313541666667,186,78,0,366,610.951922403004,0,0,,,0,0,0,0,366,366,0,0.493625,111,0.778541666666667,1.67355585257448,3.11341666666667,1.468690625,1.87600912990196,1.06554761904762,3.03185714285714,0.376,180,72,Chinook,PRST,2010
SUL,366,366,18,0.0491803278688525,16,0.0437158469945355,0.092896174863388,1.50367559692657,1.80444987335014,3.25603934543332,19.04925,0.27225,0.644635416666667,0.816770833333333,2.14834375,3.94151666666667,362,78,1,331,523.279107730447,0.115666666666666,1,,,1,1,1,1,163,66,0,5.32883333333333,111,0.0664166666666667,1.74042353906855,19.1156666666667,,,0.270460714285714,19.1156666666667,0.441583333333333,356,72,Chinook,PRST,2010
VAL,366,366,0,0,0,0,0,1.65770968249816,0.634242456000958,0.402263492994127,2.61408333333333,0.948927083333333,1.22430208333333,1.44945833333333,1.82188541666667,3.01011458333333,186,78,0,366,606.721743794326,0,0,,,0,0,0,0,366,366,0,0.450458333333333,111,0.699375,1.65946089546043,3.31345833333333,1.44935150462963,1.86843159722222,0.949970238095238,3.21833928571429,0.402833333333333,180,72,Chinook,PRST,2010
BIU,365,365,0,0,0,0,0,1.87052570974787,0.5418923483603,0.293647317211441,2.60320833333333,1.28384166666667,1.53045833333333,1.685875,2.021125,3.04439166666667,155,50,0,365,682.741884057971,0,0,,,0,0,0,0,365,365,0,0.632166666666667,112,1.067,1.87151592588107,3.67020833333333,1.64392026462396,2.1088061190505,1.27719642857143,3.29833928571429,0.407208333333333,149,44,Chinook,PRST,2011
CAM,365,365,0,0,0,0,0,2.40579189497717,0.567315146246074,0.321846475160204,3.72695833333333,1.815275,2.08754166666667,2.23275,2.503625,3.74216666666667,118,352,0,358,878.114041666667,0,0,,,0,0,0,0,332,119,0,0.733000000000001,112,1.54183333333333,2.40762042379626,5.26879166666667,2.19125974930362,2.63537627669452,1.77282142857143,4.238625,0.372833333333333,112,346,Chinook,PRST,2011
CHA,365,365,0,0,0,0,0,0.962503897593217,0.385440267602128,0.1485641998892,2.09645833333333,0.255775,0.740625,0.938541666666667,1.18858333333333,1.69429166666667,137,228,0,365,351.313922621524,0,0,,,0,0,0,0,365,365,0,0.570458333333333,112,0.0574583333333333,0.963193825447938,2.15391666666667,0.757935667146468,1.17615682744852,0.113098370927318,1.94826785714286,0.394166666666667,131,222,Chinook,PRST,2011
HER,365,365,0,0,0,0,0,1.33769186519754,0.285166479935839,0.0813199212789975,1.427125,0.911358333333333,1.14658333333333,1.29108333333333,1.512625,1.85394166666667,158,10,0,365,488.257530797101,0,0,,,0,0,0,0,365,365,0,0.441125,112,0.665166666666667,1.34080224787626,2.09229166666667,1.16740134633241,1.50838143393484,0.873059523809524,1.9542380952381,0.320541666666667,152,4,Chinook,PRST,2011
LAK,365,365,0,0,0,0,0,1.38641761961485,0.52036114750144,0.270775723829015,2.41941666666667,0.7828,0.987541666666667,1.22841666666667,1.739125,2.46060833333333,157,296,0,365,506.04243115942,0,0,,,0,0,0,0,365,365,0,0.452166666666667,112,0.467958333333333,1.39071890228781,2.887375,1.1785656917363,1.60347517258084,0.705315476190476,2.61282142857143,0.381208333333333,151,290,Chinook,PRST,2011
VAL,365,365,63,0.172602739726027,11,0.0301369863013699,0.202739726027397,1.31239247648268,1.02205066977437,1.04458757158623,3.3505,0.02176875,0.181267361111111,1.42652083333333,2.34286458333333,2.86419791666667,118,12,0,302,396.34252789777,0,0,,,0,0,0,0,188,16,0,0.386782051282051,112,0.002,1.12427985023415,3.3525,,,0.01725,2.9391130952381,0.200791666666667,112,6,Chinook,PRST,2011
BIU,365,365,0,0,0,0,0,1.74694106431555,0.495654155375839,0.245673041741336,2.944,1.168075,1.43720833333333,1.64225,1.88391666666667,2.80744166666667,133,60,0,365,637.633488475177,0,0,,,0,0,0,0,365,365,0,1.06429166666667,111,0.930666666666667,1.7452886169225,3.87466666666667,1.52299676998755,1.97781244196843,1.13376785714286,3.57760714285714,0.424166666666667,127,54,Chinook,PRST,2012
BVC,365,365,0,0,0,0,0,3.35699579114552,0.497274831025195,0.247282257571137,2.96383333333333,2.78675,3.03754166666667,3.227375,3.59791666666667,4.13488333333333,130,320,0,337,1225.30346376812,0,0,,,0,0,0,0,227,67,0,0.897,111,2.448375,3.36006807787909,5.41220833333333,3.14047146865286,3.5755696580679,2.77167857142857,5.29921428571429,0.376708333333333,124,314,Chinook,PRST,2012
CAM,365,365,0,0,0,0,0,2.17539289565724,0.575336322485992,0.331011883971705,3.473875,1.53885833333333,1.803625,2.02120833333333,2.385875,3.22026666666667,134,320,0,357,794.018406914894,0,0,,,0,0,0,0,330,119,0,0.472208333333334,111,1.20554166666667,2.17096840366266,4.67941666666667,1.95926764159703,2.37869417363046,1.51259523809524,4.31591071428571,0.365458333333333,128,314,Chinook,PRST,2012
CHA,365,365,3,0.00821917808219178,2,0.00547945205479452,0.0136986301369863,0.888929901835398,0.628330709279205,0.394799480223309,4.56365,0.251929166666667,0.467645833333333,0.692791666666667,1.18448958333333,2.0694375,27,59,0,361,321.792624464414,0,0,,,0,0,0,0,287,120,0,2.06741666666667,111,0.06375,0.895549786499452,4.6274,0.622099532232985,1.19470764200073,0.213363095238095,3.03059930555556,0.398958333333333,21,53,Chinook,PRST,2012
HER,365,365,0,0,0,0,0,1.33802298987493,0.219806666592972,0.048314970678714,1.102375,1.009725,1.17345833333333,1.32116666666667,1.50854166666667,1.70449166666667,165,60,0,365,488.378391304348,0,0,,,0,0,0,0,365,365,0,0.428833333333333,111,0.766208333333333,1.33953159800919,1.86858333333333,1.15824512534819,1.51059041318477,0.974333333333333,1.78383333333333,0.343416666666667,159,54,Chinook,PRST,2012
LAK,365,365,0,0,0,0,0,1.30005520256485,0.616552697442081,0.380137228723106,3.38029166666667,0.589791666666667,0.867541666666667,1.1255,1.580375,2.56631666666667,134,320,0,365,474.52014893617,0,0,,,0,0,0,0,365,365,0,0.868916666666667,111,0.241125,1.30337140239549,3.62141666666667,1.06338231197772,1.53919394150418,0.504553571428571,3.19926190476191,0.417083333333333,128,314,Chinook,PRST,2012
LOO,365,365,0,0,0,0,0,1.45659589041096,0.546175639774971,0.298307829483599,3.31270833333333,0.588125,1.133625,1.43854166666667,1.745125,2.39301666666667,343,105,0,365,531.6575,0,0,,,0,0,0,0,365,365,0,0.93375,111,0.230875,1.46124683313437,3.54358333333333,1.2151050371402,1.70783252089137,0.478583333333333,3.14364880952381,0.408458333333333,337,105,Chinook,PRST,2012
MAR,365,365,0,0,0,0,0,0.724895937200963,0.417091245418126,0.173965107004443,1.93233333333333,0.151933333333333,0.419041666666667,0.683083333333333,0.916666666666667,1.613325,6,209,0,365,264.587017078351,0,0,,,0,0,0,0,365,365,0,0.7355,111,0.01525,0.72788690732984,1.94758333333333,0.48039403690183,0.973744181704413,0.0804721519708362,1.764875,0.39325,365,203,Chinook,PRST,2012
SFS,365,365,0,0,0,0,0,1.73252782959293,0.597776221140124,0.357336410560566,3.08995833333333,1.01985833333333,1.26266666666667,1.56029166666667,2.19066666666667,2.67490833333333,134,320,0,365,632.372657801419,0,0,,,0,0,0,0,365,365,0,0.871125,111,0.666458333333333,1.72533436978774,3.75641666666667,1.4534177532152,2.00211664345404,0.952440476190476,3.513625,0.418416666666666,128,314,Chinook,PRST,2012
VAL,365,365,10,0.0273972602739726,4,0.010958904109589,0.0383561643835616,0.917747808568583,0.401487839598578,0.161192485345534,2.38570833333333,0.120695833333333,0.679354166666667,0.950583333333333,1.21925,1.49204583333333,273,205,0,355,325.800472041847,0,0,,,0,0,0,0,254,88,0,1.173625,112,0.0176666666666667,0.898658955537745,2.403375,0.70276807911989,1.09281368560254,0.0305454545454545,1.75711904761905,0.350666666666667,267,199,Chinook,PRST,2012
BIU,365,365,0,0,0,0,0,1.84334881874131,0.509494183069244,0.259584322581396,2.47183333333333,1.30206666666667,1.49016666666667,1.67495833333333,2.06825,2.99430833333333,144,358,0,365,672.82231884058,0,0,,,0,0,0,0,365,365,0,0.478916666666667,111,1.10508333333333,1.8452008317618,3.57691666666667,1.63645032497679,2.04757457813572,1.31852976190476,3.46099404761905,0.38675,138,352,Chinook,PRST,2013
BVC,365,365,0,0,0,0,0,3.47757837998809,0.650235549824502,0.422806270255572,3.36358333333333,2.860725,3.07429166666667,3.29520833333333,3.61366666666667,5.06613333333333,145,333,0,320,1269.31610869565,0,0,,,0,0,0,0,198,106,0,0.593708333333333,111,2.59404166666667,3.4803588715491,5.957625,3.26162592850511,3.68295508356546,2.89909523809524,5.82675595238095,0.347958333333334,139,327,Chinook,PRST,2013
CAM,365,365,9,0.0246575342465753,9,0.0246575342465753,0.0493150684931507,3.219784204712,0.509677276034603,0.259770925706052,3.16704166666667,2.45301041666667,2.93710416666667,3.14516666666667,3.43782291666667,4.12209375,146,201,0,334,1146.24317687747,0,0,,,0,0,0,0,145,83,0,0.593708333333333,111,2.20420833333333,3.21649774741734,5.37125,,,2.31163095238095,5.20777976190476,0.369416666666667,140,195,Chinook,PRST,2013
CHA,365,365,0,0,0,0,0,1.09120723095899,0.515368910065794,0.265605113462405,2.39070833333333,0.50135,0.7375,0.947208333333333,1.32645833333333,2.29695,145,333,0,365,398.290639300031,0,0,,,0,0,0,0,365,365,0,0.552458333333333,111,0.321541666666667,1.09289581513472,2.71225,0.877537503532356,1.31428911327762,0.526958333333333,2.62305357142857,0.366583333333333,139,327,Chinook,PRST,2013
HER,365,365,0,0,0,0,0,1.34192356065118,0.266758642461272,0.0711601733277807,1.41954166666667,0.943308333333333,1.15870833333333,1.30833333333333,1.49454166666667,1.84110833333333,149,333,0,365,489.802099637681,0,0,,,0,0,0,0,365,365,0,0.400125,111,0.682041666666667,1.34413282164628,2.10158333333333,1.16933333333333,1.50600336583101,0.979107142857143,1.97964285714286,0.309208333333333,143,327,Chinook,PRST,2013
LAK,365,365,0,0,0,0,0,1.31705934129991,0.521294141171472,0.271747581619702,2.66691666666667,0.693866666666667,0.920708333333333,1.19141666666667,1.60683333333333,2.42946666666667,144,305,0,365,480.726659574468,0,0,,,0,0,0,0,365,365,0,0.553666666666667,111,0.409541666666667,1.32109084110145,3.07645833333333,1.09907126276695,1.53463602599814,0.711559523809524,2.88149404761905,0.362208333333333,138,299,Chinook,PRST,2013
LOO,365,365,0,0,0,0,0,1.66507738733373,0.666122505731349,0.443719192641812,3.21345833333333,0.937925,1.179625,1.416875,2.06341666666667,3.15493333333333,149,333,0,365,607.753246376812,0,0,,,0,0,0,0,365,365,0,0.477083333333334,111,0.680708333333333,1.66539873310957,3.89416666666667,1.4553077994429,1.87572585886722,0.978910714285714,3.68555357142857,0.345375,143,327,Chinook,PRST,2013
MAR,365,365,0,0,0,0,0,0.886812525583245,0.624963901811283,0.390579878567182,2.80004166666667,0.241269230769231,0.447041666666667,0.655958333333333,1.14833333333333,2.25101666666667,145,333,0,365,323.686571837884,0,0,,,0,0,0,0,365,365,0,0.567083333333333,111,0.034,0.886179749780551,2.83404166666667,0.690117864551883,1.07629619312906,0.195324438061938,2.75967261904762,0.317625,139,327,Chinook,PRST,2013
SEC,365,365,0,0,0,0,0,1.55725524607268,0.946826341886885,0.896480121690901,4.14896195652174,0.384541666666667,0.815916666666667,1.413375,1.998625,3.56135833333333,144,305,0,360,568.398164816528,0,0,,,0,0,0,0,322,180,0,0.6815,111,0.0989130434782609,1.55784095518598,4.247875,1.33641381050422,1.77734180594243,0.354446428571429,4.09294047619048,0.397166666666667,138,299,Chinook,PRST,2013
SFS,365,365,0,0,0,0,0,1.86504079471485,0.688341043526442,0.473813392203071,3.25191666666667,1.09280833333333,1.33054166666667,1.64254166666667,2.25283333333333,3.24608333333333,145,305,0,364,680.739890070922,0,0,,,0,0,0,0,324,182,0,1.04866666666667,111,0.868041666666667,1.86202541006624,4.11995833333333,1.59655199628598,2.13775441039926,1.09116071428571,3.85748214285714,0.377833333333333,139,299,Chinook,PRST,2013
STH,365,365,0,0,0,0,0,1.55374980146913,0.443927632136506,0.197071742574325,2.11654166666667,0.989891666666667,1.22741666666667,1.433375,1.85829166666667,2.42683333333333,149,58,0,365,567.118677536232,0,0,,,0,0,0,0,365,365,0,0.396416666666667,111,0.652166666666667,1.55807190652087,2.76870833333333,1.38414531104921,1.72235120705664,0.822970238095238,2.61717857142857,0.292125,143,52,Chinook,PRST,2013
VAL,365,365,0,0,0,0,0,1.55908564125472,0.514686460669714,0.264902152796717,2.3075,0.99645,1.16441666666667,1.39954166666667,1.86025,2.59004166666667,149,61,0,365,569.066259057971,0,0,,,0,0,0,0,365,365,0,0.42975,111,0.770625,1.55765677678968,3.078125,1.37880269266481,1.72445554781801,0.91225,2.9777380952381,0.307916666666667,143,55,Chinook,PRST,2013
BIU,366,366,0,0,0,0,0,1.54832016625974,0.446653822551876,0.199499637200203,2.10391666666667,1.0163125,1.25391666666667,1.41427083333333,1.74264583333333,2.51328125,151,356,0,366,566.685180851064,0,0,,,0,0,0,0,366,366,0,0.542916666666667,111,0.691875,1.53992103807835,2.79579166666667,1.34901821562254,1.73076736111111,0.902476190476191,2.69074404761905,0.330958333333333,145,350,Chinook,PRST,2014
BVC,366,366,0,0,0,0,0,3.26295460072472,0.402685472141146,0.162155589473538,1.86145833333333,2.75704831560284,2.94741666666667,3.14460416666667,3.56926041666667,3.99736458333333,360,319,0,348,1194.24138386525,0,0,,,0,0,0,0,218,43,0,0.428,111,2.556375,3.25565711787966,4.41783333333333,3.07238223256501,3.42487118055556,2.74513690476191,4.09679761904762,0.31475,354,313,Chinook,PRST,2014
CAM,366,366,0,0,0,0,0,2.44782280403441,0.764271939216888,0.584111597074342,3.00666666666667,1.60805208333333,1.86782291666667,2.06641666666667,3.07153125,3.95823958333333,120,356,0,354,895.903146276596,0,0,,,0,0,0,0,330,70,0,0.430208333333333,111,1.20891666666667,2.43223011862546,4.21558333333333,2.23737483500788,2.61521666666667,1.44214880952381,4.09679761904762,0.326791666666667,114,350,Chinook,PRST,2014
CHA,366,366,0,0,0,0,0,0.837520391861243,0.373045037298564,0.139162599853087,1.76266666666667,0.377447916666667,0.5593125,0.721979166666667,1.095,1.57805208333333,137,319,0,366,306.532463421215,0,0,,,0,0,0,0,366,366,0,0.633375,111,0.171666666666667,0.828675758180624,1.93433333333333,0.638216881338438,1.01827581018519,0.383940476190476,1.71894047619048,0.337666666666667,131,313,Chinook,PRST,2014
HER,366,366,0,0,0,0,0,1.46121063591294,0.246961876770907,0.0609901685782085,1.37783333333333,1.09269791666667,1.29530208333333,1.45045833333333,1.59502163461538,1.94455208333333,162,356,0,366,534.803092744135,0,0,,,0,0,0,0,366,366,0,0.476375,111,0.773375,1.46183360749032,2.15120833333333,1.28677070527975,1.62955775462963,0.985196428571428,2.06340476190476,0.314833333333333,156,350,Chinook,PRST,2014
LAK,366,366,0,0,0,0,0,1.1158989628144,0.513435344133124,0.263615852605099,2.31,0.432677083333333,0.650166666666667,1.03708333333333,1.53026041666667,1.97451041666667,360,319,0,366,408.419020390071,0,0,,,0,0,0,0,366,366,0,1.012375,111,0.172875,1.11010252026342,2.482875,0.911972850177305,1.3042994212963,0.393053571428571,2.27379166666667,0.331041666666667,354,313,Chinook,PRST,2014
LOO,366,366,0,0,0,0,0,1.46594069972484,0.469880569348795,0.220787749451548,2.67754166666667,0.910490691489362,1.12319791666667,1.32520833333333,1.78571875,2.31042708333333,335,49,0,366,536.534296099291,0,0,,,0,0,0,0,366,366,0,0.689458333333333,111,0.60675,1.45910715516999,3.28429166666667,1.24740134702522,1.663034375,0.93425,2.90345238095238,0.313604166666667,329,43,Chinook,PRST,2014
MAR,366,366,1,0.00273224043715847,1,0.00273224043715847,0.00546448087431694,0.622995902932019,0.400190391374202,0.160152349348237,1.49116666666667,0.127125,0.340083333333333,0.485375,0.879041666666667,1.38536666666667,365,347,0,365,227.393504570187,0,0,,,0,0,0,0,251,182,0,0.590041666666667,111,0.016,0.613201701958632,1.50716666666667,0.424317343362753,0.795960180555556,0.112413095238095,1.42335119047619,0.3109375,359,341,Chinook,PRST,2014
SEC,366,366,0,0,0,0,0,1.27742600292786,1.16953918887495,1.36782191431428,13.3140714285714,0.241864583333333,0.443354166666667,1.20058333333333,1.86267708333333,2.33173958333333,336,257,0,360,467.537917071596,0,1,,,1,1,0,0,227,180,0,3.86690476190476,111,0.0325,1.27129338736819,13.3465714285714,0.967386469633148,1.66415190145503,0.194279761904762,6.83642942176871,0.3546875,330,251,Chinook,PRST,2014
SFS,366,366,0,0,0,0,0,1.68182359851568,0.563303743748335,0.31731110772089,2.48191666666667,1.01539583333333,1.23025,1.49379166666667,2.03045833333333,2.73673958333333,104,356,0,366,615.547437056738,0,0,,,0,0,0,0,366,366,0,1.46941666666667,111,0.734916666666667,1.66795377687718,3.21683333333333,1.41184097222222,1.94984178240741,1.01975,2.96255952380952,0.354541666666667,98,350,Chinook,PRST,2014
STH,366,366,0,0,0,0,0,1.19110662519862,0.405397930205415,0.164347481814835,1.83454166666667,0.500541666666667,0.864260416666667,1.24791666666667,1.46513541666667,1.81678125,159,356,0,366,435.945024822695,0,0,,,0,0,0,0,366,366,0,0.579375,111,0.231041666666667,1.18695405374029,2.06558333333333,1.00431187204492,1.36593090277778,0.46364880952381,2.00314285714286,0.315654255319149,153,350,Chinook,PRST,2014
SUL,366,366,0,0,0,0,0,0.807576510603808,0.408418403877953,0.166805592626215,1.84375,0.304177083333333,0.531385416666667,0.687229166666667,0.97759375,1.68638541666667,104,356,0,366,295.573002880994,0,0,,,0,0,0,0,366,366,0,0.765875,111,0.101833333333333,0.795861019907522,1.94558333333333,0.609551090790793,0.986894444444444,0.315444235588972,1.7996369047619,0.29975,98,350,Chinook,PRST,2014
VAL,366,366,0,0,0,0,0,1.10999123774367,0.466445563766498,0.217571463957446,2.088125,0.584385416666667,0.78053125,0.9388125,1.3659375,2.0576875,104,356,0,366,406.256793014184,0,0,,,0,0,0,0,366,366,0,0.455916666666667,111,0.236,1.09816195810818,2.324125,0.92141069001182,1.26782606018519,0.484196428571429,2.128,0.306208333333333,98,350,Chinook,PRST,2014
,365,365,0,0,0,0,0,1.35583243478261,0.489433747971855,0.239545393653778,2.65433333333333,0.751633333333333,1.04245833333333,1.25008333333333,1.5235,2.49085833333333,129,20,0,365,494.878838695652,0,0,,,0,0,0,0,365,365,0,0.567,112,0.453625,1.34601868452165,3.10795833333333,1.13386300371402,1.56566215029672,0.699279761904762,2.76721428571429,0.37075,123,14,Chinook,PRST,2015
BIU,365,365,0,0,0,0,0,1.76267621441757,0.470714744723775,0.221572370900368,2.49516666666667,1.125325,1.41466666666667,1.67179166666667,2.06970833333333,2.67961666666667,158,20,0,365,643.376818262411,0,0,,,0,0,0,0,365,365,0,0.840208333333333,112,0.737208333333333,1.75794693374594,3.232375,1.50657683379759,2.02200242744819,0.992785714285714,3.06777976190476,0.418458333333333,152,14,Chinook,PRST,2015
BVC,365,365,0,0,0,0,0,3.66339574710969,0.696298288118494,0.484831306036745,3.13645833333333,2.88345,3.08333333333333,3.509375,4.12195833333333,5.126025,130,332,0,261,1337.13944769504,0,0,,,0,0,0,0,195,23,0,0.471375,167,2.5695,3.66114614359938,5.70595833333333,3.44154097028784,3.87735500503763,2.86964285714286,5.44510119047619,0.351083333333333,124,326,Chinook,PRST,2015
CHA,365,365,4,0.010958904109589,1,0.00273972602739726,0.0136986301369863,0.742838114412786,0.54452259452249,0.296504855945504,2.40458333333333,0.0863809523809524,0.325583333333333,0.651541666666667,0.9645,1.86775,129,19,0,361,268.164559303016,0,0,,,0,0,0,0,280,72,0,0.777751811594203,112,0.01,0.730409809268312,2.41458333333333,0.533314543482536,0.943787022939651,0.0889730158730159,2.21024404761905,0.335199275362319,123,13,Chinook,PRST,2015
LOO,365,365,0,0,0,0,0,1.59509939189994,0.57448668977407,0.330034956727569,2.47404166666667,0.868275,1.125625,1.47483333333333,2.03041666666667,2.67996666666667,17,64,0,365,582.211278043478,0,0,,,0,0,0,0,365,365,0,0.686875,112,0.498416666666667,1.59030764543216,2.97245833333333,1.34372548746518,1.83988472911873,0.822726190476191,2.85221428571429,0.353541666666667,11,58,Chinook,PRST,2015
MAR,365,365,2,0.00547945205479452,1,0.00273972602739726,0.00821917808219178,1.06829973949744,0.731883360504539,0.535653253383417,3.26333333333333,0.236879166666667,0.516270833333333,0.796458333333333,1.63110416666667,2.47262083333333,353,37,0,363,387.792805437571,0,0,,,0,0,0,0,309,121,0,0.830291666666667,112,0.007,1.06157467648177,3.27033333333333,0.832034216459397,1.29226787372331,0.158271428571429,2.91551190476191,0.319833333333333,347,31,Chinook,PRST,2015
SEC,365,365,0,0,0,0,0,1.34749396112728,0.867652629349005,0.752821085216242,3.56907575757576,0.241508333333333,0.571041666666667,1.24233333333333,2.068,2.86499166666667,75,277,0,365,491.835295811458,0,0,,,0,0,0,0,365,365,0,0.679875,112,0.0695909090909091,1.34207896764035,3.63866666666667,1.10374713007512,1.58764173666374,0.203167748917749,3.32644047619048,0.41425,69,271,Chinook,PRST,2015
SFS,365,365,0,0,0,0,0,1.88529390848149,0.789493603263259,0.623300149593604,3.16879166666667,0.916175,1.18133333333333,1.66166666666667,2.60808333333333,3.20810833333333,78,37,0,365,688.132276595745,0,0,,,0,0,0,0,365,365,0,1.70666666666667,112,0.665041666666667,1.86934008933687,3.83383333333333,1.61041457753018,2.13738834726091,0.880744047619048,3.44310714285714,0.369666666666667,72,31,Chinook,PRST,2015
STH,365,365,0,0,0,0,0,1.5861393738463,0.308037966011602,0.0948873885045652,1.65575,1.14098333333333,1.35533333333333,1.55683333333333,1.81408333333333,2.08051666666667,159,20,0,365,578.940871453901,0,0,,,0,0,0,0,365,365,0,0.605041666666667,112,0.781541666666667,1.58272523551292,2.43729166666667,1.37315459610028,1.78295427112349,1.02427976190476,2.32741071428571,0.321416666666667,153,14,Chinook,PRST,2015
SUL,365,365,0,0,0,0,0,1.01650861961907,0.449045207746771,0.201641598600341,2.12579166666667,0.494283333333333,0.695083333333333,0.862791666666667,1.29883333333333,1.91695833333333,128,64,0,365,371.025646160962,0,0,,,0,0,0,0,365,365,0,0.48675,112,0.223458333333333,1.00794272375384,2.34925,0.799540142707198,1.21170949396472,0.536922619047619,2.18853571428571,0.330041666666667,122,58,Chinook,PRST,2015
VAL,365,365,0,0,0,0,0,1.39895220052463,0.467340658470903,0.218407291060017,1.89404166666667,0.822008333333333,1.03058333333333,1.25208333333333,1.75758333333333,2.27145833333333,131,64,0,365,510.617553191489,0,0,,,0,0,0,0,365,365,0,0.495791666666667,112,0.591958333333333,1.38778912879974,2.486,1.18465854224698,1.57735458523479,0.854208333333333,2.35079761904762,0.321916666666667,125,58,Chinook,PRST,2015
,365,365,0,0,0,0,0,1.52311236946595,0.564155879532151,0.318271856410694,2.44466666666667,0.933091666666667,1.15608333333333,1.324625,1.730125,2.85533333333333,127,320,0,365,555.936014855072,0,0,,,0,0,0,0,365,365,0,0.942833333333333,111,0.744333333333333,1.5187976438462,3.189,1.28048618848654,1.76355514109241,0.949172619047619,3.06092857142857,0.426791666666667,121,314,Chinook,PRST,2016
BIU,365,365,0,0,0,0,0,1.70020719336907,0.828534192645766,0.686468908383171,3.63729166666667,0.8491,1.146875,1.34254166666667,1.98325,3.58399166666667,156,49,0,361,620.57562557971,0,0,,,0,0,0,0,313,120,0,0.90875,111,0.574791666666667,1.69837546586735,4.21208333333333,1.44825355233943,1.9602913285697,0.842517857142857,4.04820833333333,0.436625,150,43,Chinook,PRST,2016
BVC,365,365,0,0,0,0,0,3.72990652789359,0.957693327344693,0.917176509240549,4.17345833333333,2.88619166666667,3.13475,3.36283333333333,3.890375,6.24995833333333,149,49,0,286,1361.41588268116,0,0,,,0,0,0,0,107,35,0,0.865833333333333,118,2.51208333333333,3.73344046442557,6.68554166666667,3.48339422469824,3.97918222417343,2.87761904761905,6.62114285714286,0.426875,143,43,Chinook,PRST,2016
CHA,365,365,3,0.00821917808219178,1,0.00273972602739726,0.010958904109589,0.743588403857401,0.699260223902715,0.488964860732476,4.06054166666667,0.0977129807692308,0.295010416666667,0.473104166666667,0.966458333333333,2.10158333333333,345,261,0,361,269.179002196379,0,0,,,0,0,0,0,215,72,0,0.803125,111,0.0105,0.739325508696728,4.07104166666667,0.48960366191739,1.0097838904364,0.088922619047619,3.57257142857143,0.403583333333333,339,255,Chinook,PRST,2016
LOO,365,365,0,0,0,0,0,1.90447038117927,0.84841763038724,0.719812475551899,4.18245833333333,1.03029166666667,1.34275,1.62245833333333,2.1,3.81661666666667,156,49,0,352,695.131689130435,0,0,,,0,0,0,0,309,88,0,0.830708333333334,111,0.687083333333333,1.90823955056893,4.86954166666667,1.64747662488394,2.1759103992572,1.02092261904762,4.45301785714286,0.446291666666667,150,43,Chinook,PRST,2016
MAR,365,365,1,0.00273972602739726,1,0.00273972602739726,0.00547945205479452,1.15505359687521,0.867423337732841,0.752423246843582,3.4606902173913,0.29618125,0.572177083333333,0.8314375,1.37742708333333,3.10367291666667,131,76,0,364,420.439509262575,0,0,,,0,0,0,0,309,182,0,0.450125,111,0.108434782608696,1.15584227193812,3.569125,0.897407698269086,1.41974756267409,0.267995098039216,3.45027380952381,0.39925,125,70,Chinook,PRST,2016
SEC,365,365,7,0.0191780821917808,7,0.0191780821917808,0.0383561643835616,1.48774842694924,0.884446896376827,0.782246312510601,3.95575,0.262747916666667,0.69121875,1.55604166666667,2.03216666666667,3.14521458333333,156,205,0,357,532.613936847826,0,0,,,0,0,0,0,247,119,0,0.54725,111,0.0516666666666667,1.47184445578558,4.00741666666667,,,0.066,3.79152380952381,0.418416666666666,150,199,Chinook,PRST,2016
SFS,365,365,0,0,0,0,0,1.8770213871352,1.01698760308902,1.03426378483675,3.99625,0.901775,1.121125,1.396875,2.526375,4.00793333333333,152,49,0,346,685.112806304348,0,0,,,0,0,0,0,185,86,0,0.818416666666667,111,0.609666666666667,1.86582922899473,4.60591666666667,1.56410421077066,2.16103403173065,0.916815476190476,4.45585714285714,0.444916666666667,146,43,Chinook,PRST,2016
STH,365,365,0,0,0,0,0,1.75420678002779,0.910455424820477,0.828929080585036,3.77766666666667,0.769383333333333,1.12379166666667,1.46745833333333,1.96570833333333,3.70685,173,49,0,359,640.285474710145,0,0,,,0,0,0,0,293,179,0,1.03,111,0.461333333333333,1.75623016566031,4.239,1.53815621149732,1.96629288280651,0.681119047619048,4.10138690476191,0.375791666666667,167,43,Chinook,PRST,2016
SUL,365,365,1,0.00273972602739726,1,0.00273972602739726,0.00547945205479452,1.07115916491594,0.774019145112662,0.599105637000936,3.09652272727273,0.312123135964912,0.55165625,0.716,1.36817708333333,2.76431875,153,76,0,364,389.901936029402,0,0,,,0,0,0,0,309,182,0,0.719083333333333,111,0.0992272727272727,1.06832023679136,3.19575,0.821268904208483,1.30830347987566,0.267574134199134,3.11039880952381,0.428833333333333,147,70,Chinook,PRST,2016
VAL,365,365,0,0,0,0,0,1.63115137601747,0.828120510607873,0.685783580089444,3.41183333333333,0.763616666666667,1.07475,1.275125,2.05345833333333,3.38316666666667,156,49,0,365,595.370252246377,0,0,,,0,0,0,0,365,365,0,0.496416666666667,111,0.3855,1.62822365992491,3.79733333333333,1.41371166242784,1.83019580356062,0.685416666666667,3.6489880952381,0.384875,150,43,Chinook,PRST,2016
,365,365,0,0,0,0,0,1.59769702283105,0.627795284136562,0.394126918784107,2.995625,0.937825,1.20904166666667,1.40183333333333,1.73866666666667,3.15485833333333,127,34,0,365,583.159413333333,0,0,,,0,0,0,0,365,365,0,0.662375,111,0.525833333333333,1.59454190608834,3.52145833333333,1.38107537604457,1.82040923862581,0.766845238095238,3.37106547619048,0.408833333333333,121,28,Chinook,PRST,2017
BIU,365,365,0,0,0,0,0,1.49928524081795,0.616379624026106,0.379923840914564,3.0725,0.796108333333333,1.12845833333333,1.32391666666667,1.64395833333333,2.95735833333333,148,34,0,365,547.239112898551,0,0,,,0,0,0,0,365,365,0,0.786458333333333,111,0.402166666666667,1.49783829033951,3.47466666666667,1.28466723305478,1.7353974001857,0.66164880952381,3.34667261904762,0.361291666666667,142,28,Chinook,PRST,2017
BVC,365,365,0,0,0,0,0,3.41440547687115,0.699445113378341,0.48922346662884,3.559625,2.738225,2.95845833333333,3.187375,3.59375,5.1358,128,333,0,308,1246.25799905797,0,0,,,0,0,0,0,268,61,0,0.40225,111,2.52716666666667,3.41749187295628,6.08679166666667,3.21035883936862,3.62434923398329,2.71453571428571,5.810875,0.357625,122,327,Chinook,PRST,2017
CHC,365,365,0,0,0,0,0,0.941323219376613,0.465446556138009,0.216640496620733,2.16275,0.320433333333333,0.636833333333333,0.829791666666667,1.15595833333333,1.9647,153,35,0,365,343.582975072464,0,0,,,0,0,0,0,365,365,0,0.842666666666667,111,0.0315,0.947403929768104,2.19425,0.770593402769367,1.13557706592386,0.249470238095238,2.09716666666667,0.319583333333333,147,29,Chinook,PRST,2017
LAK,365,365,0,0,0,0,0,1.12606444987096,0.670373218128657,0.449400251584172,3.16367572463768,0.353625,0.608166666666667,0.988166666666667,1.45475,2.56981666666667,146,45,0,365,411.013524202899,0,0,,,0,0,0,0,365,365,0,0.557458333333333,111,0.118782608695652,1.1311494075157,3.28245833333333,0.90448755782972,1.36193929393242,0.294885610766046,3.12535714285714,0.410291666666667,140,39,Chinook,PRST,2017
LOO,365,365,0,0,0,0,0,1.17944561271598,0.824696074851094,0.6801236158748,3.65481944444444,0.375639130434783,0.623368421052632,0.840375,1.72345833333333,3.010625,144,35,0,365,430.497648641333,0,0,,,0,0,0,0,365,365,0,0.668708333333333,111,0.149888888888889,1.1806045889996,3.80470833333333,0.961878220406695,1.42298584029712,0.363102130325815,3.60945833333333,0.41575,138,29,Chinook,PRST,2017
MAR,365,365,5,0.0136986301369863,3,0.00821917808219178,0.0219178082191781,0.899860278568301,0.645679377275861,0.416901858239343,2.74445833333333,0.18006125,0.490760416666667,0.685229166666667,1.1315625,2.40481875,128,47,0,360,323.949700284588,0,0,,,0,0,0,0,294,120,0,0.561375,111,0.015,0.895793030345812,2.75945833333333,0.692998748046897,1.10187128597957,0.136704347826087,2.60554761904762,0.329041666666667,122,41,Chinook,PRST,2017
SEC,365,365,0,0,0,0,0,1.52903527119317,0.950089695309494,0.902670429133286,3.52654166666667,0.381208333333333,0.64275,1.3355,2.295125,3.14485833333333,99,272,0,365,558.097873985507,0,0,,,0,0,0,0,365,365,0,0.554041666666667,111,0.216,1.53434606429177,3.74254166666667,1.31116655060353,1.74907877154737,0.290642857142857,3.34010714285714,0.370416666666666,93,266,Chinook,PRST,2017
SFS,365,365,0,0,0,0,0,1.47444061882073,0.757307034799604,0.573513944956969,3.432625,0.732075,0.989958333333333,1.21825,1.65829166666667,3.32820833333333,129,35,0,365,538.170825869565,0,0,,,0,0,0,0,365,365,0,1.49729166666667,111,0.318791666666667,1.46209745566532,3.75141666666667,1.2178630362117,1.71905768337976,0.62552380952381,3.52804166666667,0.406291666666667,123,29,Chinook,PRST,2017
STH,365,365,0,0,0,0,0,1.22543227843371,0.71231154215441,0.507387733086394,3.06618115942029,0.322141666666667,0.71475,1.05491666666667,1.56983333333333,2.62320833333333,147,35,0,365,447.282781628304,0,0,,,0,0,0,0,365,365,0,0.396291666666667,111,0.0296521739130435,1.22911900307658,3.09583333333333,1.04788516719029,1.41007671773445,0.23465581232493,2.98330952380952,0.332916666666667,141,29,Chinook,PRST,2017
SUL,365,365,2,0.00547945205479452,2,0.00547945205479452,0.010958904109589,0.777199928687082,0.510328747206801,0.260435430225663,2.5225,0.222091666666667,0.473291666666667,0.64225,0.872229166666667,2.13734583333333,128,36,0,363,282.123574113411,0,0,,,0,0,0,0,294,181,0,0.710541666666667,111,0.003,0.773352830418422,2.5255,0.574753850044774,0.980437790157846,0.232389880952381,2.32611904761905,0.351368333333333,122,30,Chinook,PRST,2017
VAL,365,365,0,0,0,0,0,1.13761034941433,0.585366746055549,0.342654227387661,2.60354166666667,0.461708333333333,0.762583333333333,0.930166666666667,1.38020833333333,2.39796666666667,148,35,0,365,415.227777536232,0,0,,,0,0,0,0,365,365,0,0.392666666666667,111,0.143708333333333,1.13466462107188,2.74725,0.958379688950789,1.30799233983287,0.429035714285714,2.63614285714286,0.336041666666667,142,29,Chinook,PRST,2017
,366,366,0,0,0,0,0,1.65967450732473,0.594660342753418,0.353620923243612,2.65383333333333,1.06654166666667,1.26457291666667,1.45808333333333,1.81766666666667,3.00555208333333,115,12,0,366,607.440869680851,0,0,,,0,0,0,0,366,366,0,1.25970833333333,111,0.858166666666667,1.65670390387538,3.512,1.4028962962963,1.96237002314815,1.06477976190476,3.34598214285714,0.486291666666667,109,6,Chinook,PRST,2018
BIU,366,366,44,0.120218579234973,44,0.120218579234973,0.240437158469945,1.26009347298334,0.693182739182524,0.480502309900588,3.26916666666667,0.567810416666667,0.851708333333333,1.03735416666667,1.24940625,2.90637916666667,155,331,0,322,405.750098300636,0,0,,,0,0,0,0,259,161,0,0.494041666666667,111,0.32,1.27188572764989,3.58916666666667,,,0.590303571428571,3.33288095238095,0.399333333333333,149,325,Chinook,PRST,2018
BVC,366,366,0,0,0,0,0,3.33412481675538,0.674773841289013,0.45531973688793,3.44858333333333,2.67320833333333,2.95560416666667,3.10172916666667,3.43765625,4.96511458333333,134,331,0,316,1220.28968293247,0,0,,,0,0,0,0,306,105,0,0.421666666666667,111,2.351375,3.33798671846321,5.79995833333333,3.12332372685185,3.5466599537037,2.6395,5.55564880952381,0.390895833333333,128,325,Chinook,PRST,2018
CAM,366,366,0,0,0,0,0,2.34176901426191,0.412350241918419,0.170032722010178,2.351625,1.85105208333333,2.09978125,2.26454166666667,2.45346875,3.29408333333333,155,331,0,366,857.087459219858,0,0,,,0,0,0,0,366,366,0,0.768125,111,1.51720833333333,2.34419046211865,3.86883333333333,2.1140849537037,2.57473530092593,1.82929166666667,3.71079166666667,0.433916666666667,149,325,Chinook,PRST,2018
CHC,366,366,1,0.00273224043715847,1,0.00273224043715847,0.00546448087431694,0.820964612114506,0.538298678868753,0.289765467671844,2.34621666666667,0.116982456140351,0.431958333333333,0.721333333333333,1.08845833333333,1.95529166666667,160,333,0,365,299.652083421795,0,0,,,0,0,0,0,226,182,0,0.740541666666667,111,0.0207,0.822106180851386,2.36691666666667,0.627013235904013,1.03027801932367,0.128871258503401,2.26100595238095,0.376604166666667,154,327,Chinook,PRST,2018
LAK,366,366,0,0,0,0,0,1.18510114376235,0.522473887120185,0.272978962722475,2.43566666666667,0.555604166666667,0.786135416666667,1.03964583333333,1.45894791666667,2.2179375,155,271,0,366,433.747018617021,0,0,,,0,0,0,0,366,366,0,0.441291666666667,111,0.292625,1.19061015422718,2.72829166666667,0.970292708333333,1.40604328703704,0.559202380952381,2.62384523809524,0.437479166666667,149,265,Chinook,PRST,2018
MAR,366,366,7,0.0191256830601093,3,0.00819672131147541,0.0273224043715847,0.763840758496855,0.659377551458933,0.434778755367978,2.81458333333333,0.0735016666666667,0.31475,0.529083333333333,1.03741666666667,2.28464166666667,134,96,0,359,274.218832300371,0,0,,,0,0,0,0,226,59,0,0.683708333333333,111,0.015,0.757354730145389,2.82958333333333,0.542076735674134,0.979000925925926,0.0842143849206349,2.55591071428571,0.361328947368421,128,90,Chinook,PRST,2018
SFS,366,366,0,0,0,0,0,1.34554529247832,0.934716011399887,0.873694021967313,3.80447348484849,0.4895,0.730625,0.9428125,1.47648958333333,3.44389583333333,155,331,0,366,492.469577047066,0,0,,,0,0,0,0,366,366,0,0.56875,111,0.145818181818182,1.33825902685032,3.95029166666667,1.09125340909091,1.5843287037037,0.514426406926407,3.81134523809524,0.4661875,149,325,Chinook,PRST,2018
STH,366,366,49,0.133879781420765,23,0.0628415300546448,0.19672131147541,0.947819347512003,0.490644127497296,0.240731659847582,2.39708333333333,0.308008333333333,0.572541666666667,0.839041666666667,1.269125,1.99625833333333,160,248,0,317,300.458733161305,0,0,,,0,0,0,0,174,63,0,0.705666666666667,111,0.015,0.903575153441519,2.41208333333333,,,0.015,2.2501369047619,0.295375,154,242,Chinook,PRST,2018
VAL,366,366,0,0,0,0,0,0.972636685576905,0.598763756960904,0.358518036649937,2.60670833333333,0.33378125,0.578177083333333,0.757104166666667,1.24203125,2.21452083333333,159,331,0,366,355.985026921147,0,0,,,0,0,0,0,366,366,0,0.412875,111,0.0225,0.970426678616943,2.62920833333333,0.778537430856181,1.15726712962963,0.23470597353774,2.510375,0.364958333333333,153,325,Chinook,PRST,2018
,365,365,0,0,0,0,0,1.79012613912368,0.721864479911666,0.52108832735814,2.95216666666667,1.04763333333333,1.34229166666667,1.521625,1.92795833333333,3.471,122,312,0,365,653.396040780142,0,0,,,0,0,0,0,365,365,0,0.812416666666667,112,0.766916666666667,1.79130310470659,3.71908333333333,1.57131998607242,2.01778946146704,0.963660714285714,3.63743452380952,0.372375,116,306,Chinook,PRST,2019
BIU,365,365,0,0,0,0,0,1.35507643301273,0.60465979780374,0.36561347108006,3.332625,0.684566666666667,0.986708333333333,1.18116666666667,1.47570833333333,2.59436666666667,152,312,0,365,494.602898049645,0,0,,,0,0,0,0,365,365,0,0.796416666666667,112,0.344583333333333,1.35716911845637,3.67720833333333,1.14780640668524,1.56775615134633,0.624369047619048,3.31291071428571,0.380333333333333,146,306,Chinook,PRST,2019
BVC,365,365,0,0,0,0,0,3.37485290974449,0.510751355721208,0.260866947371051,2.63104166666667,2.87354166666667,3.05120833333333,3.205625,3.561,4.66359166666667,130,312,0,320,1231.82131205674,0,0,,,0,0,0,0,209,64,0,0.527708333333333,112,2.262875,3.38081752264113,4.89391666666667,3.17437360724234,3.57016991643454,2.62582738095238,4.83980952380952,0.379,124,306,Chinook,PRST,2019
CAM,365,365,0,0,0,0,0,1.45959667156658,0.931943811048626,0.868519266951837,5.05886666666667,0.634425,0.848375,1.089,1.724,3.71368333333333,150,312,0,360,532.752785121801,0,0,,,0,0,0,0,320,120,0,0.741083333333333,112,0.1513,1.45714414876745,5.21016666666667,1.21383328892657,1.70469306238764,0.617910714285714,4.16472023809524,0.434458333333333,144,306,Chinook,PRST,2019
CHC,365,365,0,0,0,0,0,0.808114153784782,0.33463065373253,0.11197767441746,1.83343055555556,0.296291666666667,0.600208333333333,0.785458333333333,0.999791666666667,1.38883333333333,154,312,0,365,294.961666131445,0,0,,,0,0,0,0,365,365,0,0.512,112,0.0367777777777778,0.811318823950173,1.87020833333333,0.621586476236546,0.991912478515972,0.263696428571429,1.73648214285714,0.321041666666667,148,306,Chinook,PRST,2019
LAK,365,365,0,0,0,0,0,1.26807739483144,0.589662682532317,0.347702079171208,3.31691666666667,0.625508333333333,0.819083333333333,1.087875,1.559625,2.415975,152,312,0,365,462.848249113475,0,0,,,0,0,0,0,365,365,0,0.460291666666667,112,0.13875,1.27539220803594,3.45566666666667,1.07076601671309,1.47937441721488,0.501136904761905,3.08105357142857,0.360166666666667,146,306,Chinook,PRST,2019
MAR,365,365,0,0,0,0,0,0.960904457305086,0.447942966038214,0.200652900823112,2.06859615384615,0.444216666666667,0.653791666666667,0.827666666666667,1.20258333333333,1.90110833333333,339,312,0,365,350.730126916356,0,0,,,0,0,0,0,365,365,0,0.835208333333333,112,0.130153846153846,0.965140690442165,2.19875,0.727865619717639,1.20854554216624,0.393416819291819,2.00947023809524,0.370375,333,306,Chinook,PRST,2019
SFS,365,365,0,0,0,0,0,1.46608107208783,0.689912605035533,0.475979402586915,3.48729166666667,0.712166666666667,0.943875,1.22329166666667,1.853625,2.78191666666667,152,312,0,365,535.119591312057,0,0,,,0,0,0,0,365,365,0,0.974166666666667,112,0.185,1.467598659312,3.67229166666667,1.20159888579387,1.73742595171773,0.571809523809524,3.37480952380952,0.451,146,306,Chinook,PRST,2019
VAL,365,365,0,0,0,0,0,0.954950988358898,0.416214406873348,0.173234432488933,2.06579807692308,0.428541666666667,0.673916666666667,0.8585,1.10308333333333,1.80378333333333,154,312,0,365,348.557110750998,0,0,,,0,0,0,0,365,365,0,0.492041666666667,112,0.131076923076923,0.955225504147892,2.196875,0.768726393603464,1.12673282265552,0.346607142857143,2.02824404761905,0.336,148,306,Chinook,PRST,2019
,365,365,0,0,0,0,0,1.47218628045098,0.553311797761184,0.306153945541714,2.73295833333333,0.873316666666667,1.10120833333333,1.33870833333333,1.60329166666667,2.70709166666667,122,357,0,365,537.347992364607,0,0,,,0,0,0,0,365,365,0,0.601083333333333,111,0.508083333333333,1.46900176941992,3.24104166666667,1.25801604577934,1.67035184845819,0.774875,3.15432142857143,0.3875,116,351,Chinook,PRST,2020
BIU,365,365,0,0,0,0,0,1.27556421238157,0.451235521242933,0.203613495631381,2.75729166666667,0.702633333333333,0.9975,1.19595833333333,1.403625,2.170125,155,360,0,365,465.580937519272,0,0,,,0,0,0,0,365,365,0,0.77725,111,0.356333333333333,1.2763157995629,3.113625,1.0638851987396,1.48676944814501,0.445428571428571,2.76141071428571,0.366875886524823,149,354,Chinook,PRST,2020
BVC,365,365,30,0.0821917808219178,30,0.0821917808219178,0.164383561643836,3.17689159088503,0.51194090255617,0.262083487710026,2.547375,2.5632625,2.79925,3.081125,3.41975,4.30038333333333,127,297,0,306,1064.25868294649,0,0,,,0,0,0,0,226,76,0,0.466166666666667,111,2.397125,3.17206984510532,4.9445,,,2.56114880952381,4.69727976190476,0.321125,121,291,Chinook,PRST,2020
CAM,365,365,0,0,0,0,0,1.38386387420022,0.298347233337629,0.0890110716402178,1.64633333333333,0.872575,1.20529166666667,1.39954166666667,1.55170833333333,1.87809166666667,10,115,0,365,505.11031408308,0,0,,,0,0,0,0,365,365,0,0.704708333333333,111,0.607041666666667,1.38942818619773,2.253375,1.17768907673008,1.59131776429235,0.761434523809524,2.00427380952381,0.340125,4,109,Chinook,PRST,2020
CHA,365,365,2,0.00547945205479452,2,0.00547945205479452,0.010958904109589,1.36463763956246,0.717617554854705,0.514974955035646,3.08791666666667,0.345166666666667,0.946625,1.206875,1.62239583333333,2.81241666666667,188,114,0,363,495.363463161173,0,0,,,0,0,0,0,328,181,0,0.636583333333333,111,0.05,1.37068739228136,3.13791666666667,1.08653030163871,1.63714654307974,0.215227324263039,3.05166666666667,0.462857142857143,182,108,Chinook,PRST,2020
CHC,365,365,66,0.180821917808219,22,0.0602739726027397,0.241095890410959,0.697006925218477,0.36855520917747,0.135832942211849,1.49569642857143,0.189735897435897,0.41675,0.614875,0.964708333333333,1.37722083333333,154,51,0,299,208.405070640325,0,0,,,0,0,0,0,178,59,0,0.47625,111,0.0504285714285714,0.681796944335313,1.546125,,,0.07475,1.49166071428571,0.252208333333333,148,45,Chinook,PRST,2020
LAK,365,365,0,0,0,0,0,0.925786097558915,0.476256554726704,0.22682030592015,2.33466666666667,0.331175,0.556958333333333,0.803125,1.19479166666667,1.83148333333333,155,101,0,365,337.911925609004,0,0,,,0,0,0,0,365,365,0,0.52475,111,0.094625,0.929635984585367,2.42929166666667,0.722478617218831,1.12705140083162,0.390214285714286,2.16931547619048,0.371875,149,95,Chinook,PRST,2020
MAR,365,365,6,0.0164383561643836,4,0.010958904109589,0.0273972602739726,0.751662155105972,0.48657957878489,0.236759686490481,2.03979166666667,0.1574125,0.3940625,0.589625,1.0806875,1.72312083333333,120,346,0,359,269.846713683044,0,0,,,0,0,0,0,242,119,0,0.59925,111,0.007,0.744017325768109,2.04679166666667,0.545266798787673,0.93965259779581,0.107236956521739,1.91675,0.322368421052632,114,340,Chinook,PRST,2020
VAL,365,365,0,0,0,0,0,0.852328119779278,0.31182185330059,0.0972328681958144,1.55130303030303,0.374833333333333,0.643,0.818208333333333,1.04816666666667,1.40694166666667,155,358,0,365,311.099763719437,0,0,,,0,0,0,0,365,365,0,0.564791666666667,111,0.0313636363636364,0.851655678884224,1.58266666666667,0.65782452735139,1.02525058031569,0.13142649017649,1.47977976190476,0.327708333333333,149,352,Chinook,PRST,2020
,365,365,0,0,0,0,0,1.38876182549136,0.650344181037576,0.422947553809436,3.00120833333333,0.698466666666667,1.00354166666667,1.19275,1.552,3.01749166666667,137,53,0,365,506.898066304348,0,0,,,0,0,0,0,365,365,0,0.442208333333333,111,0.415625,1.39038778583251,3.41683333333333,1.1617693825441,1.61812346796657,0.700505952380952,3.18877976190476,0.444208333333334,131,47,Chinook,PRST,2021
BIU,365,365,0,0,0,0,0,1.33015627125231,0.681240191074689,0.464088197935478,3.59,0.563583333333333,0.921583333333333,1.176125,1.44720833333333,2.87430833333333,162,53,0,365,485.507039007092,0,0,,,0,0,0,0,365,365,0,0.673875,111,0.238333333333333,1.33288205586271,3.82833333333333,1.09084076137419,1.58073245964954,0.531565476190476,3.42891666666667,0.454205673758865,156,47,Chinook,PRST,2021
CAM,365,365,0,0,0,0,0,1.18818310347721,0.779018474447308,0.606869783530211,4.01679166666667,0.374383333333333,0.734916666666667,0.985291666666667,1.34729166666667,3.05875,162,53,0,364,433.686832769181,0,0,,,0,0,0,0,307,182,0,0.84775,111,0.125458333333333,1.18991567026831,4.14225,0.930191409217523,1.43985213556175,0.372428571428571,3.89049404761905,0.462583333333333,156,47,Chinook,PRST,2021
CHA,365,365,0,0,0,0,0,2.84113791185229,1.51869461159379,2.30643332328403,5.39595833333333,0.761758333333333,1.353,2.79175,4.35766666666667,4.81625,320,239,0,230,1037.01533782609,0,0,,,0,0,0,0,192,20,0,1.14245833333333,111,0.457083333333333,2.85083526917997,5.85304166666667,2.55874292014856,3.14135554176255,0.637434523809524,5.65675595238095,0.506125000000001,314,233,Chinook,PRST,2021
LAK,365,365,0,0,0,0,0,0.96193904997589,0.573527631333179,0.328933943902647,3.27866911764706,0.300633333333333,0.603958333333333,0.803,1.14870833333333,2.28795,162,15,0,365,351.1077532412,0,0,,,0,0,0,0,365,365,0,0.691166666666667,111,0.0327058823529412,0.968349093787664,3.311375,0.732962856320041,1.21398874434501,0.221166666666667,2.83073214285714,0.44225,156,9,Chinook,PRST,2021
LOO,365,365,1,0.00273972602739726,1,0.00273972602739726,0.00547945205479452,0.966604329004295,0.52214247760058,0.272632766914872,2.66269318181818,0.276320833333333,0.636900265957447,0.853083333333333,1.16669791666667,2.00384791666667,164,79,0,364,351.843975757563,0,0,,,0,0,0,0,275,182,0,0.680916666666667,111,0.0556818181818182,0.972350555008082,2.718375,0.718827293003916,1.22434900185701,0.189510281385281,2.44158928571429,0.418958333333333,158,73,Chinook,PRST,2021
VAL,365,365,0,0,0,0,0,0.975352690037776,0.516889332998166,0.267174582567289,2.77135,0.305825,0.649625,0.867583333333333,1.11733333333333,2.1002,164,53,0,365,356.003731863788,0,0,,,0,0,0,0,365,365,0,0.501166666666667,111,0.0599,0.979537023363782,2.83125,0.766087400899936,1.1817896683622,0.302325,2.42813095238095,0.398958333333333,158,47,Chinook,PRST,2021
,366,366,1,0.00273224043715847,1,0.00273224043715847,0.00546448087431694,1.47619093607306,0.640056467719692,0.409672281869809,3.23033333333333,0.790733333333333,1.095125,1.26433333333333,1.62420833333333,2.92835,134,62,0,365,538.809691666667,0,0,,,0,0,0,0,320,182,0,1.08458333333333,111,0.45175,1.47140501873898,3.68208333333333,1.22694244363929,1.74106567532206,0.74972619047619,3.576375,0.440125,128,56,Chinook,PRST,2022
BVC,366,366,0,0,0,0,0,3.14468691368009,0.789445812410409,0.623224690732331,4.16404166666667,2.44742708333333,2.71682291666667,2.90758333333333,3.16271875,5.266125,142,38,0,325,1150.95541040691,0,0,,,0,0,0,0,305,81,0,0.447291666666667,111,2.15325,3.14765909306153,6.31729166666667,2.92543298611111,3.36137893269231,2.38265476190476,6.16138095238095,0.384666666666667,136,32,Chinook,PRST,2022
CHA,366,366,1,0.00273224043715847,1,0.00273224043715847,0.00546448087431694,1.54655863648997,0.748806026733127,0.560710465671853,3.42804166666667,0.784575,1.07233333333333,1.257375,1.76675,3.27371666666667,121,62,0,365,564.493902318841,0,0,,,0,0,0,0,320,182,0,0.861791666666667,111,0.398166666666667,1.53207947127808,3.82620833333333,1.27040253240741,1.80997363123994,0.697569444444445,3.5533630952381,0.454333333333334,115,56,Chinook,PRST,2022
LOO,366,366,65,0.177595628415301,22,0.0601092896174863,0.237704918032787,1.0356485227984,0.489518637101858,0.23962849607006,2.63958333333333,0.370041666666667,0.744833333333333,0.974708333333333,1.22195833333333,1.99979166666667,141,62,0,301,311.741247028986,0,0,,,0,0,0,0,178,75,0,0.5175,111,-0.0110416666666667,1.04679912882631,2.62854166666667,,,0.277154761904762,2.48506547619048,0.294541666666667,135,56,Chinook,PRST,2022
VAL,366,366,0,0,0,0,0,0.982618696032921,0.529956296200148,0.280853675882179,2.619125,0.369958333333333,0.645520833333333,0.867520833333333,1.08727083333333,2.15171875,140,62,0,366,359.638442748049,0,0,,,0,0,0,0,366,366,0,0.413375,111,0.02825,0.982130462659925,2.647375,0.799486111111111,1.15970836004274,0.256166666666667,2.56626190476191,0.338541666666667,134,56,Chinook,PRST,2022
BVC,365,365,0,0,0,0,0,3.3474641131626,0.509381307721718,0.259469316656288,2.77554166666667,2.76896666666667,3.00654166666667,3.1855,3.57558333333333,4.3463,136,72,0,321,1221.82440130435,0,0,,,0,0,0,0,242,53,0,0.654833333333333,112,2.479875,3.34467040421691,5.25541666666667,3.13045836118849,3.56480227382827,2.64152976190476,5.08735119047619,0.401666666666667,130,66,Chinook,PRST,2023
CHC,365,365,65,0.178082191780822,22,0.0602739726027397,0.238356164383562,0.899231606521739,0.369588832259962,0.136595904931282,1.99795833333333,0.377954166666667,0.678520833333333,0.867875,1.03679166666667,1.70158541666667,157,72,0,300,269.780190289855,0,0,,,0,0,0,0,178,75,0,0.397375,112,-0.0107083333333333,0.889034124580834,1.98725,,,0.14235119047619,1.87152380952381,0.271833333333333,151,66,Chinook,PRST,2023
LOO,365,365,65,0.178082191780822,22,0.0602739726027397,0.238356164383562,1.1058207736715,0.478764925427903,0.229215853819985,2.552125,0.4994125,0.777572916666667,1.01483333333333,1.29315625,2.12791666666667,22,72,0,300,331.746232101449,0,0,,,0,0,0,0,178,75,0,0.735625,112,0.137208333333333,1.1070845522813,2.68933333333333,,,0.285630952380952,2.29775,0.320791666666667,16,66,Chinook,PRST,2023
VAL,365,365,0,0,0,0,0,1.11167305975779,0.311807990170403,0.0972242227341064,1.873875,0.702275,0.90375,1.04925,1.26775,1.733025,156,72,0,365,405.760666811594,0,0,,,0,0,0,0,365,365,0,0.561916666666667,112,0.451666666666667,1.10123540960916,2.32554166666667,0.924318704735376,1.2716591276089,0.589880952380952,2.05039285714286,0.324583333333333,150,66,Chinook,PRST,2023
BVC,365,365,0,0,0,0,0,3.26877043378995,0.766427644992319,0.587411335008473,4.05904166666667,2.56256666666667,2.75525,3.02845833333333,3.459875,5.068875,129,48,0,319,1193.10120833333,0,0,,,0,0,0,0,305,106,0,0.521166666666667,111,2.11679166666667,3.26065111420613,6.17583333333333,3.05485875116063,3.46769928040854,2.46022619047619,5.8966130952381,0.365458333333334,123,42,Chinook,PRST,2024
CHC,365,365,0,0,0,0,0,0.940358912447886,0.464656602730215,0.215905758460785,2.51133333333333,0.357066666666667,0.636125,0.842875,1.14166666666667,1.89735,129,48,0,365,343.399419710145,0,0,,,0,0,0,0,365,365,0,0.818458333333333,111,-0.120583333333333,0.939216416489328,2.39075,0.760385793871866,1.12444759517177,0.188946428571429,2.17469047619048,0.30025,123,42,Chinook,PRST,2024
LOO,365,365,0,0,0,0,0,1.0626778049576,0.531191051844327,0.282163933559482,3.26070833333333,0.467441666666667,0.70125,0.8805,1.31791666666667,2.11706666666667,16,48,0,365,387.90969047619,0,0,,,0,0,0,0,365,365,0,0.724333333333333,111,-0.0322916666666667,1.06137914511208,3.22841666666667,0.845844939647168,1.28643795596233,0.291779761904762,2.90964880952381,0.307083333333333,10,42,Chinook,PRST,2024
MAR,365,365,0,0,0,0,0,1.25828640674394,0.532841186484627,0.283919730014345,2.80983333333333,0.73245,0.907291666666667,1.07416666666667,1.48466666666667,2.44525,129,48,0,365,459.274538461539,0,0,,,0,0,0,0,365,365,0,0.59675,111,0.181583333333333,1.25330369514422,2.99141666666667,1.05045585136776,1.46017328226555,0.470130952380952,2.76044642857143,0.316,123,42,Chinook,PRST,2024
SFS,365,365,0,0,0,0,0,1.33869668949772,0.819614654155682,0.671768181306738,3.329,0.427966666666667,0.699666666666667,1.05566666666667,1.96725,3.00264166666667,129,48,0,365,488.624291666667,0,0,,,0,0,0,0,365,365,0,0.516875,111,0.253666666666667,1.32209004841491,3.58266666666667,1.10293964716806,1.55773444753946,0.373922619047619,3.3152380952381,0.37125,123,42,Chinook,PRST,2024
VAL,365,365,0,0,0,0,0,1.28431120816546,0.510098168469255,0.260200141475688,2.54008333333333,0.721266666666667,0.914041666666667,1.09858333333333,1.61408333333333,2.32781666666667,129,48,0,365,468.773590980392,0,0,,,0,0,0,0,365,365,0,0.495041666666667,111,0.213958333333333,1.27485875588118,2.75404166666667,1.11398189415042,1.44206005926047,0.482255952380952,2.53551785714286,0.307083333333333,123,42,Chinook,PRST,2024
MAR,291,291,0,0,0,0,0,1.4454466182443,0.377498120528495,0.142504831002546,1.85820833333333,0.885041666666667,1.176875,1.43279166666667,1.64975,2.14552083333333,1,316,0,291,420.624965909091,0,0,,,0,0,0,0,291,291,0,0.579375,111,0.599958333333333,1.44818135490241,2.45816666666667,1.20942441520468,1.67596757044125,0.785964285714286,2.21856547619048,0.366041666666666,360,310,Chinook,PRWT,1993
STH,291,291,39,0.134020618556701,39,0.134020618556701,0.268041237113402,2.30993436147186,0.678850030499694,0.460837363909436,2.37491666666667,1.23521875,1.50292708333333,2.5268125,2.87455208333333,3.16555,133,278,0,252,582.103459090909,0,0,,,0,0,0,0,176,126,0,0.383166666666666,111,1.10404166666667,2.28344797138763,3.47895833333333,,,1.21450595238095,3.26736904761905,0.317208333333333,127,272,Chinook,PRWT,1993
VAL,291,291,48,0.164948453608247,48,0.164948453608247,0.329896907216495,2.23813653955784,0.395853201942925,0.156699757488466,1.67058333333333,1.72512916666667,1.95585416666667,2.10795833333333,2.53710416666667,3.00345833333333,133,320,0,243,543.867179112554,0,0,,,0,0,0,0,166,121,0,0.337416666666667,111,1.56654166666667,2.21997334685776,3.237125,,,1.64698611111111,3.08648214285714,0.253958333333334,127,314,Chinook,PRWT,1993
MAR,291,291,0,0,0,0,0,2.24995506948534,0.731768617461179,0.535485309501046,3.92045833333333,1.2536875,1.77647916666667,2.05779166666667,2.82022916666667,3.48510416666667,360,110,0,286,654.736925220233,0,0,,,0,0,0,0,253,143,0,0.804041666666667,111,0.7495,2.26556304170842,4.66995833333333,2.02696926384589,2.5056760920417,0.895309523809524,4.25773214285714,0.372625,354,105,Chinook,PRWT,1994
STH,291,291,0,0,0,0,0,3.39503347912111,0.817462381100182,0.668244744513978,3.33745833333333,2.06191666666667,2.83704166666667,3.45404166666667,3.96241666666667,4.73904166666667,180,16,0,221,987.954742424242,0,0,,,0,0,0,0,182,73,0,0.4415,111,1.712,3.41375168603327,5.04945833333333,3.20448099415205,3.61648698830409,1.98986904761905,4.89741558441559,0.35875,174,10,Chinook,PRWT,1994
VAL,291,291,0,0,0,0,0,2.48285252686412,0.778050560888857,0.605362675299465,3.612125,1.49427777777778,2.0141875,2.34141666666667,2.9645625,3.85997916666667,179,27,0,286,722.51008531746,0,0,,,0,0,0,0,205,71,0,0.800125,111,0.62475,2.50489071289334,4.236875,2.3063596769702,2.71937678223336,0.769982142857143,3.97624404761905,0.354541666666667,173,21,Chinook,PRWT,1994
MAR,291,291,0,0,0,0,0,2.20388265385817,0.885573851436946,0.784241046348867,4.02491666666667,1.174,1.6264678030303,1.88433333333333,2.52610416666667,4.12710416666667,162,345,0,273,641.329852272727,0,0,,,0,0,0,0,226,91,0,0.880708333333333,112,0.835416666666667,2.21560543403964,4.86033333333333,1.94662602339181,2.51839524189261,1.15339285714286,4.6687380952381,0.430791666666667,156,339,Chinook,PRWT,1995
MAR,291,291,27,0.0927835051546392,27,0.0927835051546392,0.185567010309278,2.06254580176768,1.02475950557379,1.05013204426384,3.95516666666667,0.779570833333334,1.28428125,1.85220833333333,2.71038541666667,4.09500416666667,161,19,0,245,544.512091666667,0,0,,,0,0,0,0,136,40,0,0.800125,111,0.411125,2.07294321180556,4.36629166666667,,,0.707494047619048,4.16277380952381,0.386208333333333,155,13,Chinook,PRWT,1996
MAR,291,291,10,0.0343642611683849,10,0.0343642611683849,0.0687285223367698,1.12312028893408,0.396243936981524,0.157009257594618,2.71139880952381,0.563125,0.912166666666667,1.09125,1.30483333333333,1.73166666666667,358,115,0,281,315.596801190476,0,0,,,0,0,0,0,281,281,0,0.864466666666667,121,0.0441428571428571,1.11003676379508,2.75554166666667,,,0.0441428571428571,2.49071428571429,0.307208333333333,352,109,Chinook,PRWT,1997
STH,291,291,0,0,0,0,0,2.93878097122427,0.595865381723186,0.355055553136118,2.30275,2.28147916666667,2.4798125,2.69491666666667,3.45102083333333,4.0943125,165,268,0,267,855.185262626263,0,0,,,0,0,0,0,202,53,0,0.531791666666666,111,2.0555,2.94495326067695,4.35825,2.76334803739146,3.13334264132554,2.22252976190476,4.17064285714286,0.334791666666666,159,262,Chinook,PRWT,1997
MAR,291,291,0,0,0,0,0,1.76054733971268,0.804442287449849,0.647127393837546,3.10254166666667,0.954958333333333,1.17795833333333,1.42683333333333,2.07210416666667,3.5411875,147,25,0,291,512.31927585639,0,0,,,0,0,0,0,291,291,0,0.491041666666667,111,0.771333333333333,1.76694321937915,3.873875,1.53965881180223,1.97833140905624,0.848886904761905,3.753125,0.355875,141,19,Chinook,PRWT,1998
SEC,291,291,10,0.0343642611683849,10,0.0343642611683849,0.0687285223367698,1.6788847184908,1.00676137823823,1.01356847271214,4.107375,0.629583333333333,0.9185,1.4075,2.0145,3.901,146,321,0,271,471.766605895916,0,0,,,0,0,0,0,225,90,0,0.638083333333333,121,0.282,1.68326648997406,4.389375,,,0.486345238095238,4.2015,0.362333333333333,140,315,Chinook,PRWT,1998
SFS,291,291,0,0,0,0,0,1.2984948951641,0.649040620051273,0.421253726476541,2.88741666666667,0.631666666666667,0.8138125,1.036625,1.61816666666667,2.63779166666667,146,321,0,291,377.862014492754,0,0,,,0,0,0,0,291,291,0,0.68425,111,0.454541666666667,1.29261554792779,3.34195833333333,1.05656615179252,1.52784054792779,0.635559523809524,3.15633928571429,0.382166666666667,140,315,Chinook,PRWT,1998
STH,291,291,0,0,0,0,0,2.21591040746195,0.472872349274558,0.223608258708439,2.08558333333333,1.66752083333333,1.87172916666667,2.03408333333333,2.59908333333333,3.12797916666667,168,321,0,291,644.829928571429,0,0,,,0,0,0,0,291,291,0,0.415791666666667,111,1.39533333333333,2.20843604845447,3.48091666666667,2.01044561403509,2.39674502923977,1.53014285714286,3.32951785714286,0.337375,162,315,Chinook,PRWT,1998
VAL,291,291,0,0,0,0,0,1.76145129684176,0.671115949501293,0.450396617675022,2.7675,1.09725,1.27829166666667,1.47558333333333,2.10975,3.18364583333333,170,11,0,291,512.582327380952,0,0,,,0,0,0,0,291,291,0,0.423125,111,0.77075,1.76504966583125,3.53825,1.57700701754386,1.94349502923977,1.03564285714286,3.41725595238095,0.3435,164,5,Chinook,PRWT,1998
MAR,291,291,0,0,0,0,0,1.4190279209622,0.545342382426363,0.297398314070462,2.33408333333333,0.774375,0.985833333333333,1.24941666666667,1.79258333333333,2.49785416666667,149,284,0,291,412.937125,0,0,,,0,0,0,0,291,291,0,0.663583333333333,112,0.446041666666667,1.41914047619048,2.780125,1.1954331871345,1.63390877192982,0.736339285714286,2.67220238095238,0.378166666666667,143,278,Chinook,PRWT,1999
SFS,291,291,1,0.00343642611683849,1,0.00343642611683849,0.00687285223367698,1.20248170247307,0.695351670018653,0.48351394499773,2.93825,0.247839583333333,0.5785625,1.0754375,1.80461458333333,2.33433125,3,285,0,290,348.719693717189,0,0,,,0,0,0,0,178,145,0,1.42570833333333,112,0.05825,1.19006558850921,2.9965,0.906537042481692,1.47992032163743,0.220089285714286,2.34559523809524,0.397666666666667,363,279,Chinook,PRWT,1999
STH,291,291,0,0,0,0,0,1.62338558319637,0.467965575600666,0.218991779947263,1.967375,1.02754166666667,1.28822916666667,1.4895,1.91566666666667,2.55460416666667,121,265,0,291,472.405204710145,0,0,,,0,0,0,0,291,291,0,0.513875,112,0.788625,1.62201061803058,2.756,1.4292581871345,1.81218514492754,1.00316666666667,2.62982738095238,0.358375,115,259,Chinook,PRWT,1999
VAL,291,291,0,0,0,0,0,1.38676762662483,0.352726083674704,0.124415690104494,1.85129166666667,0.954083333333333,1.14345833333333,1.289,1.6008125,2.10275,165,314,0,291,403.549379347826,0,0,,,0,0,0,0,291,291,0,0.49475,112,0.73675,1.38695114307508,2.58804166666667,1.21131842105263,1.55438193109586,0.901678571428571,2.24326785714286,0.313416666666667,159,308,Chinook,PRWT,1999
MAR,291,291,0,0,0,0,0,1.4619937963793,0.555190589967817,0.308236591188813,2.71029166666667,0.874541666666667,1.04133333333333,1.27491666666667,1.78102083333333,2.6318125,24,328,0,291,425.440194746377,0,0,,,0,0,0,0,291,291,0,0.697461956521739,111,0.429958333333333,1.46406068749773,3.14025,1.24807016272565,1.67769550279685,0.664702380952381,2.72940476190476,0.317375,18,322,Chinook,PRWT,2000
STH,291,291,0,0,0,0,0,2.00407259450172,0.397385800645943,0.157915474555017,1.84466666666667,1.44683333333333,1.65925,2.02091666666667,2.30522916666667,2.69660416666667,136,328,0,291,583.185125,0,0,,,0,0,0,0,291,291,0,0.698875,111,1.05025,2.00175382205514,2.89491666666667,1.83116608187135,2.16891652046784,1.2900119047619,2.78783333333333,0.299541666666667,130,322,Chinook,PRWT,2000
VAL,291,291,0,0,0,0,0,1.37874498854525,0.344352580320951,0.118578699573697,2.03975,0.907208333333333,1.12825,1.32825,1.61352083333333,1.999125,136,328,0,291,401.214791666667,0,0,,,0,0,0,0,291,291,0,0.60925,111,0.564708333333333,1.37945043859649,2.60445833333333,1.21533625730994,1.54194108187135,0.810422619047619,2.28822023809524,0.280166666666667,130,322,Chinook,PRWT,2000
MAR,291,291,0,0,0,0,0,1.38923193697395,0.415720332174108,0.172823394582951,2.32383333333333,0.8879375,1.08039583333333,1.30725,1.62770833333333,2.16997916666667,151,350,0,291,404.26649365942,0,0,,,0,0,0,0,291,291,0,0.45425,111,0.663583333333333,1.39303420916422,2.98741666666667,1.17652595664887,1.61438445842868,0.867380952380952,2.70102380952381,0.350166666666667,145,344,Chinook,PRWT,2001
SEC,291,291,0,0,0,0,0,2.29898324742268,0.770336227889352,0.593417903998795,3.38091666666667,1.40660416666667,1.70008333333333,2.06916666666667,2.83672916666667,3.70445833333333,150,312,0,281,669.004125,0,0,,,0,0,0,0,238,140,0,0.423583333333334,111,1.16158333333333,2.29030398913952,4.5425,2.09927470760234,2.48820087719298,1.38352976190476,4.37205952380952,0.36525,144,306,Chinook,PRWT,2001
SFS,291,291,22,0.0756013745704467,22,0.0756013745704467,0.151202749140893,1.3139967472119,0.679866523850753,0.462218490252906,2.717875,0.303916666666667,0.686416666666667,1.29995833333333,1.89275,2.366975,151,270,0,269,353.465125,0,0,,,0,0,0,0,269,269,0,0.600916666666667,111,0.129708333333333,1.31365254432938,2.84758333333333,,,0.273410714285714,2.73177976190476,0.347291666666667,145,264,Chinook,PRWT,2001
STH,291,291,0,0,0,0,0,2.27874627720504,0.310649572789366,0.0965031570742156,1.72695833333333,1.81677083333333,2.04985416666667,2.265375,2.51154166666667,2.72452083333333,154,350,0,291,663.115166666667,0,0,,,0,0,0,0,291,291,0,0.41325,111,1.4735,2.28427589807853,3.20045833333333,2.10452792397661,2.45255350877193,1.74327380952381,3.10968452380952,0.316791666666666,148,344,Chinook,PRWT,2001
MAR,291,291,42,0.144329896907216,42,0.144329896907216,0.288659793814433,1.43527833507945,0.820942218058712,0.673946125391158,3.58308333333333,0.621266666666667,0.9315,1.13679166666667,1.52108333333333,3.32929166666667,150,348,0,247,357.384305434783,0,0,,,0,0,0,0,175,82,0,0.562791666666667,111,0.421,1.45504405119789,4.00408333333333,,,0.625946428571429,3.84589523809524,0.319791666666667,144,342,Chinook,PRWT,2002
SEC,291,291,0,0,0,0,0,2.1891376002291,0.880424419906555,0.775147159167794,4.27070833333333,1.18989583333333,1.58127083333333,2.03729166666667,2.44391666666667,4.20114583333333,150,307,0,274,637.039041666667,0,0,,,0,0,0,0,235,137,0,0.505958333333334,111,0.967125,2.18855611946533,5.23783333333333,1.9797317251462,2.40333406432749,1.05334523809524,5.08358333333333,0.351916666666667,144,301,Chinook,PRWT,2002
SFS,291,291,0,0,0,0,0,1.36840163230241,0.627670046399755,0.39396968714747,3.3775,0.7091875,0.939708333333333,1.142875,1.643,2.68295833333333,150,30,0,291,398.204875,0,0,,,0,0,0,0,291,291,0,0.566,111,0.449916666666667,1.37148093149541,3.82741666666667,1.13393961988304,1.61549210526316,0.706494047619048,3.50558333333333,0.364833333333333,144,24,Chinook,PRWT,2002
STH,291,291,0,0,0,0,0,1.81222566374186,0.591767096404652,0.350188296387193,3.06475,1.03066666666667,1.42164583333333,1.70970833333333,2.13272916666667,3.04860416666667,152,1,0,291,527.35766814888,0,0,,,0,0,0,0,291,291,0,0.519875,111,0.730666666666667,1.82271427002949,3.79541666666667,1.63882614300904,2.00865430333079,0.915,3.50977380952381,0.318666666666667,146,360,Chinook,PRWT,2002
VAL,291,291,0,0,0,0,0,1.45421641450793,0.620296250582002,0.38476743848609,3.108,0.739604166666667,1.05941071428571,1.268875,1.68070833333333,2.78977083333333,151,1,0,291,423.176976621808,0,0,,,0,0,0,0,291,291,0,0.546166666666667,111,0.466958333333333,1.4611365221629,3.57495833333333,1.28321604010025,1.63959825257588,0.662821428571429,3.32032738095238,0.313916666666667,145,360,Chinook,PRWT,2002
MAR,291,291,17,0.0584192439862543,13,0.0446735395189003,0.103092783505155,1.49623438609814,0.568706113860567,0.323426643942388,2.29325,0.7736125,1.02677083333333,1.2675625,1.97126041666667,2.47752916666667,156,291,0,274,409.96822179089,0,0,,,0,0,0,0,191,137,0,0.488416666666667,112,0.451041666666667,1.50715057079669,2.74429166666667,,,0.600255952380952,2.61851190476191,0.296916666666667,150,285,Chinook,PRWT,2003
SFS,291,291,2,0.00687285223367698,2,0.00687285223367698,0.013745704467354,1.27328171856978,0.496811797135049,0.246821961772557,2.1935,0.60175,0.879958333333333,1.13404166666667,1.70766666666667,2.13615833333333,156,291,0,289,367.978416666667,0,0,,,0,0,0,0,216,144,0,0.534,112,0.242875,1.2799816833751,2.436375,1.07820570175439,1.48450657894737,0.476910714285714,2.29969047619048,0.326583333333333,150,285,Chinook,PRWT,2003
STH,291,291,0,0,0,0,0,1.76508404925544,0.387764197916142,0.150361073185549,1.694,1.19722916666667,1.50527083333333,1.69616666666667,2.08252083333333,2.4324375,129,8,0,291,513.639458333333,0,0,,,0,0,0,0,291,291,0,0.515583333333333,112,0.852416666666667,1.76778976608187,2.54641666666667,1.59606359649123,1.93075219298246,1.0712380952381,2.4447380952381,0.291916666666667,123,2,Chinook,PRWT,2003
VAL,291,291,0,0,0,0,0,1.42828293241695,0.400535770110796,0.160428903138249,1.69545833333333,0.8313125,1.14708333333333,1.34325,1.70445833333333,2.1265625,150,291,0,291,415.630333333333,0,0,,,0,0,0,0,291,291,0,0.516916666666667,112,0.622416666666667,1.43169584377611,2.317875,1.25953391812866,1.59303596491228,0.808761904761905,2.177,0.313375,144,285,Chinook,PRWT,2003
MAR,291,291,0,0,0,0,0,1.18528354606447,0.531077322065258,0.282043122012006,2.58352976190476,0.523479166666667,0.804458333333333,1.02020833333333,1.5351875,2.24839583333333,141,365,0,291,344.917511904762,0,0,,,0,0,0,0,291,291,0,0.603583333333333,111,0.103428571428571,1.19545394736842,2.68695833333333,0.978319590643275,1.40516856725146,0.399864795918367,2.57357142857143,0.319875,135,359,Chinook,PRWT,2004
SFS,291,291,0,0,0,0,0,1.06953049828179,0.555049201576162,0.308079616170335,2.92641666666667,0.4141875,0.625208333333333,0.931208333333333,1.49958333333333,2.0455625,139,252,0,291,311.233375,0,0,,,0,0,0,0,291,291,0,1.22466666666667,111,0.217791666666667,1.07456152882206,3.14420833333333,0.831516520467836,1.34502616959064,0.444190476190476,2.69533333333333,0.391958333333333,133,246,Chinook,PRWT,2004
STH,291,291,0,0,0,0,0,1.65368424099806,0.34270690684447,0.117448023998904,1.989375,1.12033333333333,1.45345833333333,1.6175,1.8131875,2.38164583333333,344,335,0,291,481.222114130435,0,0,,,0,0,0,0,291,291,0,0.471552536231884,111,0.776333333333333,1.65561754749192,2.76570833333333,1.45625186244597,1.84975288583778,0.951928571428572,2.60073214285714,0.325166666666667,338,329,Chinook,PRWT,2004
VAL,291,291,13,0.0446735395189003,13,0.0446735395189003,0.0893470790378007,1.14803658300632,0.438846940108891,0.192586636842937,2.1155,0.564058333333333,0.777614583333333,1.0824375,1.46785416666667,1.95238125,141,252,0,278,319.154170075758,0,0,,,0,0,0,0,185,139,0,0.685541666666667,111,0.360166666666667,1.1459077380336,2.47566666666667,,,0.597839285714286,2.32698214285714,0.341625,135,246,Chinook,PRWT,2004
STH,291,291,15,0.0515463917525773,15,0.0515463917525773,0.103092783505155,1.90709003179791,0.527971246418525,0.278753637044731,2.66416666666667,1.28348958333333,1.58005208333333,1.75166666666667,2.14309375,2.99040625,141,10,0,276,526.356848776224,0,0,,,0,0,0,0,180,138,0,0.61,111,1.02791666666667,1.90075240267482,3.69208333333333,,,1.25210416666667,3.44184523809524,0.405208333333333,135,4,Chinook,PRWT,2005
VAL,291,291,0,0,0,0,0,1.87256758304696,0.708201070817809,0.501548756707491,3.16783333333333,1.08202083333333,1.3944375,1.56933333333333,2.44525,3.28341666666667,140,331,0,291,544.917166666667,0,0,,,0,0,0,0,291,291,0,0.479208333333333,111,0.71625,1.87714010025063,3.88408333333333,1.64790906432749,2.08343333333333,1.0408869047619,3.66932738095238,0.396458333333333,134,325,Chinook,PRWT,2005
BIL,291,291,0,0,0,0,0,1.45127816205534,0.58736555696049,0.344998297503506,2.70504166666667,0.650625,1.01002083333333,1.32245833333333,1.8211875,2.58127083333333,134,247,0,291,422.321945158103,0,0,,,0,0,0,0,291,291,0,1.05079166666667,111,0.470208333333333,1.44850467390479,3.17525,1.19706111111111,1.68596106661582,0.641345238095238,2.88276785714286,0.365958333333333,128,241,Chinook,PRWT,2006
MAR,291,291,17,0.0584192439862543,17,0.0584192439862543,0.116838487972509,1.26858503649635,0.525299420074112,0.275939480730198,2.27666666666667,0.5986375,0.840760416666667,1.1508125,1.67660416666667,2.269525,134,289,0,274,347.5923,0,0,,,0,0,0,0,195,137,0,0.577,111,0.338541666666667,1.26031641387151,2.61520833333333,,,0.550928571428571,2.45764285714286,0.292875,128,283,Chinook,PRWT,2006
SFS,291,291,0,0,0,0,0,1.96611988893869,0.553914545345081,0.306821323544848,2.83979166666667,1.334375,1.4969375,1.86654166666667,2.30945833333333,2.9531875,1,271,0,291,572.140887681159,0,0,,,0,0,0,0,291,291,0,0.855166666666667,111,1.11729166666667,1.96508402528059,3.95708333333333,1.72789782608696,2.21137894736842,1.35025595238095,3.39933928571429,0.336708333333333,360,265,Chinook,PRWT,2006
BIL,291,291,34,0.116838487972509,34,0.116838487972509,0.233676975945017,2.9380844823211,0.700635979988547,0.490890776454511,4.12925,1.75436666666667,2.57516666666667,2.942125,3.19266666666667,4.14748333333333,140,229,0,238,755.087711956522,0,0,,,0,0,0,0,207,59,0,0.803,150,1.63025,2.96234365060903,5.7595,,,1.70705357142857,5.7595,0.46325,134,223,Chinook,PRWT,2007
MAR,291,291,0,0,0,0,0,1.6164115942029,0.798883952090287,0.638215568907396,3.65914166666667,0.690520833333333,1.00325,1.24745833333333,2.09702083333333,3.06714583333333,140,348,0,291,470.375773913044,0,0,,,0,0,0,0,291,291,0,0.628125,112,0.0504,1.6260472016999,3.70954166666667,1.36757602339181,1.85694736842105,0.620645238095238,3.50697619047619,0.401875,134,342,Chinook,PRWT,2007
SFS,291,291,0,0,0,0,0,2.09505884879725,0.788905317939728,0.622371600673584,3.423375,1.058,1.34058333333333,1.96654166666667,2.86825,3.17927083333333,140,348,0,291,609.662125,0,0,,,0,0,0,0,291,291,0,0.982416666666667,112,0.574375,2.10423034670008,3.99775,1.78148713450292,2.39212675438597,0.993339285714286,3.68989285714286,0.420458333333333,134,342,Chinook,PRWT,2007
STH,291,291,0,0,0,0,0,1.81158224388665,0.675780200639293,0.456678879576083,2.99975,0.930041666666667,1.34827083333333,1.59745833333333,2.2346875,3.12547916666667,140,348,0,291,527.170432971015,0,0,,,0,0,0,0,291,291,0,0.530458333333333,112,0.359625,1.81933182412553,3.359375,1.59793333333333,2.01603698830409,0.809023809523809,3.25302380952381,0.368708333333333,134,342,Chinook,PRWT,2007
VAL,291,291,0,0,0,0,0,1.74936426116838,0.800565353409353,0.640904885079443,3.44570833333333,0.776416666666667,1.17783333333333,1.43458333333333,2.29125,3.25954166666667,140,348,0,291,509.065,0,0,,,0,0,0,0,291,291,0,0.482083333333333,112,0.213791666666667,1.7561007518797,3.6595,1.53649488304094,1.95216666666667,0.556416666666667,3.4638630952381,0.360666666666666,134,342,Chinook,PRWT,2007
,291,291,0,0,0,0,0,1.84734264032073,0.886847439888069,0.786498381636022,3.97395833333333,0.9365625,1.23660416666667,1.46433333333333,2.22810416666667,3.9670625,144,22,0,276,537.576708333333,0,0,,,0,0,0,0,244,138,0,0.539958333333333,111,0.31125,1.85306737677527,4.28520833333333,1.6324418128655,2.06451944444444,0.617958333333333,4.17640476190476,0.390208333333333,138,16,Chinook,PRWT,2008
BIL,291,291,0,0,0,0,0,3.37863743836844,0.825595124713627,0.68160730995091,4.49825,2.55139583333333,2.8850625,3.10266666666667,3.66102083333333,5.3913125,140,22,0,241,983.183494565217,0,0,,,0,0,0,0,181,48,0,0.879208333333333,111,1.76825,3.38964152228397,6.2665,3.08081549707602,3.6955218344775,2.11099404761905,5.86400595238095,0.472791666666667,134,16,Chinook,PRWT,2008
BIU,291,291,0,0,0,0,0,2.21568356242841,0.583990417328945,0.341044807532036,3.24820833333333,1.57835416666667,1.8703125,2.04520833333333,2.37925,3.5830625,150,22,0,287,644.763916666667,0,0,,,0,0,0,0,244,95,0,0.493333333333333,111,0.971125,2.22050701754386,4.21933333333333,1.99104736842105,2.44248859649123,1.27999404761905,3.95632738095238,0.420708333333334,144,16,Chinook,PRWT,2008
BVC,291,291,0,0,0,0,0,3.70273691815058,0.711329859208357,0.50599016860138,3.7205,2.99533333333333,3.28060416666667,3.47533333333333,3.869125,5.6160625,140,22,0,231,1077.49644318182,0,0,,,0,0,0,0,109,33,0,0.713458333333333,111,2.53166666666667,3.71175053163211,6.25216666666667,3.48630760233918,3.92923581871345,2.92144047619048,5.99502380952381,0.389708333333334,134,16,Chinook,PRWT,2008
CAM,291,291,47,0.161512027491409,47,0.161512027491409,0.323024054982818,1.58422019374069,1.09431713789129,1.19752999828259,5.07633333333333,0.487777083333333,0.761614583333333,1.12291666666667,2.18317708333333,4.11544791666667,140,317,0,229,386.549727272727,0,0,,,0,0,0,0,187,76,0,0.8085,111,0.284708333333333,1.57388202369125,5.36104166666667,,,0.51722619047619,4.46145833333333,0.341541666666667,134,311,Chinook,PRWT,2008
CHA,291,291,0,0,0,0,0,1.37792541295217,0.640784263589744,0.41060447246425,3.244125,0.625666666666667,0.970208333333333,1.187625,1.741125,2.82533333333333,150,20,0,291,400.976295169082,0,0,,,0,0,0,0,291,291,0,0.893916666666667,111,0.142375,1.38212129466178,3.3865,1.15898849902534,1.58953808543097,0.341142063492064,3.27904761904762,0.393416666666667,144,14,Chinook,PRWT,2008
CHC,291,291,40,0.13745704467354,35,0.120274914089347,0.257731958762887,0.815517917395994,0.622832317089007,0.387920095210461,2.21375,0.0633854166666667,0.307208333333333,0.537708333333333,1.32383333333333,1.9019375,151,272,0,251,204.694997266395,0,0,,,0,0,0,0,172,35,0,0.459117424242424,111,0.001,0.791419504137245,2.21475,,,0.0461818181818182,2.16314285714286,0.265458333333333,145,266,Chinook,PRWT,2008
HER,291,291,0,0,0,0,0,1.55615456107466,0.482212668604291,0.232529057762472,2.74695833333333,0.646666666666667,1.33125,1.57929166666667,1.75297916666667,2.38095833333333,174,105,0,291,452.840977272727,0,0,,,0,0,0,0,291,291,0,0.705833333333334,111,0.262625,1.56768137388927,3.00958333333333,1.35720804093567,1.76292266081871,0.600982142857143,2.84420238095238,0.370708333333333,168,105,Chinook,PRWT,2008
LAK,291,291,0,0,0,0,0,1.67610926838986,0.749662113966268,0.561993285116374,3.73095833333333,0.884291666666667,1.165,1.46995833333333,1.8719375,3.4038125,157,22,0,288,487.747797101449,0,0,,,0,0,0,0,238,72,0,0.889291666666667,111,0.503416666666667,1.68598061639606,4.234375,1.44946228070175,1.92420263157895,0.73702380952381,3.83875,0.416958333333333,151,16,Chinook,PRWT,2008
LOO,291,291,0,0,0,0,0,2.05542143080287,0.424097006953364,0.179858271306802,2.53225,1.5145625,1.76497916666667,2.01158333333333,2.2524375,2.9045625,150,22,0,291,598.127636363636,0,0,,,0,0,0,0,291,291,0,0.801458333333333,111,0.789125,2.06592017353991,3.321375,1.84180135566188,2.27987927963849,1.12219642857143,3.21375595238095,0.406041666666666,144,16,Chinook,PRWT,2008
MAR,291,291,0,0,0,0,0,1.42800551538954,0.651503590010051,0.424456927795984,3.26791287878788,0.652208333333333,1.02879166666667,1.25483333333333,1.62858333333333,2.95297916666667,150,21,0,291,415.549604978355,0,0,,,0,0,0,0,291,291,0,0.580583333333333,111,0.0940454545454545,1.43882657970684,3.36195833333333,1.21175264107238,1.64644692982456,0.317711425479283,3.27547023809524,0.369291666666667,144,15,Chinook,PRWT,2008
SEC,291,291,0,0,0,0,0,1.81835146795159,0.942410694256467,0.888137916648956,4.05070833333333,0.7246875,1.01058333333333,1.593875,2.5390625,3.80110416666667,144,277,0,280,529.140277173913,0,0,,,0,0,0,0,238,70,0,0.837666666666667,111,0.362875,1.80283154898115,4.41358333333333,1.54588728070175,2.05951052631579,0.591476190476191,4.19994047619048,0.460041666666667,138,271,Chinook,PRWT,2008
SUL,291,291,0,0,0,0,0,1.62995701754386,0.852738545031092,0.727163026181743,3.96107456140351,0.759270833333333,1.07864583333333,1.256125,2.15716666666667,3.662,144,22,0,286,474.317492105263,0,0,,,0,0,0,0,245,71,0,0.806875,111,0.194842105263158,1.63461599151387,4.15591666666667,1.41774357802401,1.83859912280702,0.431528634085213,4.0143630952381,0.387416666666667,138,16,Chinook,PRWT,2008
VAL,291,291,21,0.0721649484536082,21,0.0721649484536082,0.144329896907216,1.66769023081052,0.620505363600059,0.385026906256442,2.58233333333333,0.93331875,1.2209375,1.4089375,2.05127083333333,2.97386875,153,347,0,270,450.276362318841,0,0,,,0,0,0,0,270,270,0,0.575875,111,0.62975,1.66608857075761,3.21208333333333,,,0.869791666666667,3.17016071428571,0.321625,147,341,Chinook,PRWT,2008
,291,291,0,0,0,0,0,1.21847858452619,0.78836138075981,0.621513666673515,3.7925,0.343125,0.641270833333333,0.9085,1.6670625,2.670625,156,363,0,291,354.57726809712,0,0,,,0,0,0,0,291,291,0,0.826875,111,0.012,1.22024490476851,3.8045,0.993506552184149,1.45471988304094,0.258151286601597,3.51053571428571,0.4285,150,357,Chinook,PRWT,2009
BIU,291,291,0,0,0,0,0,2.1420731672394,0.552378895530046,0.305122444226993,3.73591666666667,1.5665625,1.82875,2.00083333333333,2.26483333333333,3.19408333333333,156,363,0,286,623.343291666667,0,0,,,0,0,0,0,237,143,0,1.25,111,1.0005,2.14570087719298,4.73641666666667,1.90810847953216,2.38490175438597,1.45943452380952,4.2407380952381,0.425958333333333,150,357,Chinook,PRWT,2009
BVC,291,291,0,0,0,0,0,3.53918513745704,0.643849978686002,0.414542795053966,3.99920833333333,2.84610416666667,3.13189583333333,3.35170833333333,3.74797916666667,4.77552083333333,156,324,0,243,1029.902875,0,0,,,0,0,0,0,216,81,0,1.117375,111,2.60091666666667,3.54214417293233,6.600125,3.30225804093567,3.78854108187135,2.78899404761905,5.99551785714286,0.408041666666667,150,318,Chinook,PRWT,2009
CAM,291,291,0,0,0,0,0,1.57283087316464,0.628854698520212,0.395458231850947,3.581625,0.936854166666667,1.21239583333333,1.41508333333333,1.67772916666667,3.0398125,158,325,0,287,457.693784090909,0,0,,,0,0,0,0,236,143,0,0.728041666666667,111,0.513458333333333,1.58157096339333,4.09508333333333,1.33324824561404,1.8258961722488,0.722720238095238,3.81300595238095,0.441208333333333,152,319,Chinook,PRWT,2009
CHA,291,291,0,0,0,0,0,1.17992065715424,0.571308987270292,0.326393958935807,3.36766666666667,0.480083333333333,0.779645833333333,1.046125,1.48304166666667,2.31802083333333,156,363,0,291,343.356911231884,0,0,,,0,0,0,0,291,291,0,0.719375,111,0.103666666666667,1.18001493498238,3.47133333333333,0.946007532418001,1.43281819221968,0.418392857142857,3.01717857142857,0.42725,150,357,Chinook,PRWT,2009
HER,291,291,0,0,0,0,0,1.51678940684297,0.373541556131218,0.139533294156932,2.036375,0.9653125,1.27804166666667,1.48929166666667,1.69733333333333,2.28472916666667,174,363,0,291,441.385717391304,0,0,,,0,0,0,0,291,291,0,0.439833333333333,111,0.429291666666667,1.51954767171552,2.46566666666667,1.31565745614035,1.71335514874142,0.840958333333333,2.34901785714286,0.365458333333333,168,357,Chinook,PRWT,2009
LAK,291,291,0,0,0,0,0,1.60170489690722,0.592235457355736,0.350742836949357,3.14525,0.913895833333333,1.17827083333333,1.45233333333333,1.85777083333333,2.79547916666667,158,324,0,291,466.096125,0,0,,,0,0,0,0,291,291,0,0.941125,111,0.682708333333333,1.59869880952381,3.82795833333333,1.36240701754386,1.84840994152047,0.875857142857143,3.3763869047619,0.431333333333333,152,318,Chinook,PRWT,2009
LOO,291,291,0,0,0,0,0,2.47265562278998,0.5738198832357,0.329269258396632,3.45466666666667,1.782,2.1015,2.33116666666667,2.72229166666667,3.61045833333333,156,363,0,287,719.542786231884,0,0,,,0,0,0,0,236,143,0,0.853875,111,1.27825,2.48417581635248,4.73291666666667,2.21208260233918,2.75222733918129,1.66034523809524,4.17755952380952,0.423791666666667,150,357,Chinook,PRWT,2009
MAR,291,291,0,0,0,0,0,1.42304474824443,0.679867697704089,0.462220086381458,3.89920833333333,0.663854166666667,0.9219375,1.14558333333333,1.8844375,2.65860416666667,156,327,0,290,414.10602173913,0,0,,,0,0,0,0,239,145,0,0.683125,111,0.287875,1.43027624586829,4.18708333333333,1.17952251461988,1.69113194762268,0.552279761904762,3.58658928571429,0.423833333333333,150,321,Chinook,PRWT,2009
SFS,291,291,0,0,0,0,0,1.47324892300413,0.644423492248081,0.415281637361212,3.93408333333333,0.604791666666667,1.05645833333333,1.35145833333333,1.83016666666667,2.625875,156,222,0,290,428.715436594203,0,0,,,0,0,0,0,239,145,0,1.08158333333333,111,0.42925,1.47308515764048,4.36333333333333,1.18302097635393,1.76359480676329,0.463166666666667,3.58908333333333,0.446166666666667,150,216,Chinook,PRWT,2009
STH,291,291,0,0,0,0,0,1.69623856303316,0.509997584715378,0.260097536415519,2.91429166666667,1.0761875,1.37920833333333,1.55291666666667,1.88339583333333,2.77072916666667,158,363,0,291,493.60542184265,0,0,,,0,0,0,0,291,291,0,0.84775,111,0.661708333333333,1.69917948766845,3.576,1.47680586611456,1.92142597889652,1.1295119047619,3.35970833333333,0.389541666666667,152,357,Chinook,PRWT,2009
SUL,291,291,0,0,0,0,0,1.55282288087056,0.650477522072107,0.423121006721069,3.90095833333333,0.892958333333333,1.166375,1.33579166666667,1.74275,2.92327083333333,155,363,0,289,451.871458333333,0,0,,,0,0,0,0,239,144,0,0.6695,111,0.477166666666667,1.55459563492064,4.378125,1.32154312865497,1.78509751461988,0.81225,3.83035119047619,0.395416666666667,149,357,Chinook,PRWT,2009
VAL,291,291,0,0,0,0,0,1.6459632505176,0.586619850497796,0.344122848998057,3.62858333333333,0.914166666666667,1.2110625,1.60983333333333,1.8865625,2.694625,156,240,0,290,478.975305900621,0,0,,,0,0,0,0,239,145,0,0.850166666666667,111,0.646958333333333,1.64707517525698,4.27554166666667,1.41234977025898,1.88305867567469,0.929035714285714,3.64424404761905,0.424125,150,234,Chinook,PRWT,2009
,291,291,0,0,0,0,0,1.28346005154639,0.749872349288146,0.562308540226923,3.06970833333333,0.545354166666667,0.838604166666667,1.02304166666667,1.27054166666667,2.94245833333333,160,21,0,291,373.486875,0,0,,,0,0,0,0,291,291,0,0.458,111,0.160041666666667,1.2961164160401,3.22975,1.07994137426901,1.50908245614035,0.442535714285714,3.08567261904762,0.398666666666667,154,15,Chinook,PRWT,2010
BIL,291,291,2,0.00687285223367698,2,0.00687285223367698,0.013745704467354,3.76283102652826,1.00841573363478,1.01690229184217,4.63820833333333,2.5656,3.101625,3.46279166666667,4.04783333333333,6.00203333333333,175,322,0,212,1087.45816666667,0,0,,,0,0,0,0,87,42,0,0.768708333333334,111,2.2435,3.77035177457533,6.88170833333333,3.47590760233918,4.08571271929825,2.4878630952381,6.28327380952381,0.532666666666667,169,316,Chinook,PRWT,2010
BIU,291,291,0,0,0,0,0,2.1785525486827,0.630609171015925,0.397667926569392,2.89829166666667,1.47929166666667,1.78235416666667,1.96475,2.414,3.5815625,174,21,0,290,633.958791666667,0,0,,,0,0,0,0,221,145,0,0.492166666666667,111,1.14229166666667,2.18615490810359,4.04058333333333,1.95181915204678,2.4207850877193,1.40666666666667,3.81188095238095,0.417125,168,15,Chinook,PRWT,2010
CAM,291,291,0,0,0,0,0,2.61563788659794,1.09140736978824,1.19117004682809,4.65220833333333,1.453625,1.988,2.21720833333333,2.75870833333333,5.30510416666667,160,115,0,250,761.150625,0,0,,,0,0,0,0,209,62,0,1.09020833333333,111,1.16875,2.63638600668338,5.82095833333333,2.34489692982456,2.93750116959064,1.28994047619048,5.50549404761905,0.471291666666667,154,109,Chinook,PRWT,2010
CHA,291,291,14,0.0481099656357388,3,0.0103092783505155,0.0584192439862543,1.04668271794399,1.52882334040953,2.33730080618096,15.331025,0.114239393939394,0.347208333333333,0.57425,1.23825,2.55790833333333,360,20,0,271,289.931112870484,0,2,,,1,1,0,0,172,30,0,10.3824583333333,111,0.036875,1.06515317844709,15.3679,0.684291393933437,1.64521406432749,0.0682708333333333,9.56153833333333,0.357791666666667,354,14,Chinook,PRWT,2010
HER,291,291,0,0,0,0,0,1.54288918770855,0.448191940915058,0.200876015901206,2.15104166666667,0.927645833333333,1.25583333333333,1.441625,1.74141666666667,2.53283333333333,177,21,0,291,448.980753623188,0,0,,,0,0,0,0,291,291,0,0.433583333333333,111,0.608625,1.55074053067451,2.75966666666667,1.35667026442919,1.72695073099415,0.849238095238095,2.66068452380952,0.342416666666667,171,15,Chinook,PRWT,2010
LAK,291,291,0,0,0,0,0,1.68403237269603,0.79998792157287,0.639980674662481,3.55754166666667,0.844395833333333,1.1199375,1.43566666666667,2.03560416666667,3.5776875,174,278,0,290,490.053420454546,0,0,,,0,0,0,0,221,145,0,0.971291666666667,111,0.501125,1.69355621629832,4.05866666666667,1.45884723551303,1.92651053960659,0.768964285714286,3.75416666666667,0.426125,168,272,Chinook,PRWT,2010
MAR,291,291,0,0,0,0,0,1.75581773633852,0.800358713000504,0.640574069475823,3.15579166666667,0.806125,1.1640625,1.37054166666667,2.34722916666667,3.29908333333333,175,322,0,291,510.94296127451,0,0,,,0,0,0,0,291,291,0,0.588916666666667,111,0.550291666666667,1.76194370288466,3.70608333333333,1.50880191090471,2.01328910388717,0.783357142857143,3.51417857142857,0.426208333333333,169,316,Chinook,PRWT,2010
SEC,291,291,0,0,0,0,0,2.16524928407789,1.165564791407,1.35854128296764,4.28891666666667,0.910395833333333,1.22679166666667,1.74845833333333,2.82208333333333,4.53570833333333,175,278,0,253,630.087541666667,0,0,,,0,0,0,0,206,84,0,0.924916666666667,111,0.538583333333333,2.16162063492063,4.8275,1.90491228070175,2.42058070175439,0.793053571428572,4.63166666666667,0.467,169,272,Chinook,PRWT,2010
SFS,291,291,0,0,0,0,0,1.59533947953516,0.626820111045589,0.392903451611205,2.87185714285714,0.722291666666667,1.18385416666667,1.42883333333333,2.03979166666667,2.82633333333333,174,322,0,291,464.243788544731,0,0,,,0,0,0,0,291,291,0,0.7375,111,0.253333333333333,1.59802557384116,3.12519047619048,1.33387195525045,1.86168375352951,0.549660714285714,2.91528756285123,0.469291666666667,168,316,Chinook,PRWT,2010
STH,291,291,0,0,0,0,0,1.75382902095546,0.460852892261905,0.212385388306163,2.27258333333333,1.1733125,1.4725,1.634125,1.95110416666667,2.77329166666667,186,21,0,291,510.364245098039,0,0,,,0,0,0,0,291,291,0,0.493625,111,0.840833333333333,1.76085432699396,3.11341666666667,1.5564899122807,1.95926138630891,1.14827976190476,3.03185714285714,0.364666666666667,180,15,Chinook,PRWT,2010
SUL,291,291,18,0.0618556701030928,16,0.0549828178694158,0.116838487972509,1.74570740077511,1.96413797053657,3.85783796730353,19.01825,0.352475,0.707666666666667,0.872041666666667,2.42216666666667,4.05706666666667,362,322,1,256,476.578120411606,0.115666666666666,1,,,1,1,1,1,163,51,0,5.32883333333333,111,0.0974166666666667,2.04970729930012,19.1156666666667,,,0.270460714285714,19.1156666666667,0.428708333333333,356,316,Chinook,PRWT,2010
VAL,291,291,0,0,0,0,0,1.74819043528064,0.66841028802854,0.446772313142396,2.539875,1.028125,1.26591666666667,1.49333333333333,2.27079166666667,3.03754166666667,186,277,0,291,508.723416666667,0,0,,,0,0,0,0,291,291,0,0.389666666666667,111,0.773583333333333,1.75416735588972,3.31345833333333,1.54728494152047,1.95601695906433,0.949970238095238,3.21833928571429,0.388125,180,271,Chinook,PRWT,2010
BIU,291,291,0,0,0,0,0,1.94912056128293,0.572721727052951,0.328010176638515,2.58633333333333,1.28897916666667,1.56058333333333,1.72795833333333,2.23008333333333,3.09029166666667,155,352,0,291,567.194083333333,0,0,,,0,0,0,0,291,291,0,0.632166666666667,112,1.083875,1.95461754385965,3.67020833333333,1.72275774853801,2.19949546783626,1.27719642857143,3.29833928571429,0.395625,149,346,Chinook,PRWT,2011
CAM,291,291,0,0,0,0,0,2.48753794387171,0.599988608486993,0.359986330314158,3.72695833333333,1.85354166666667,2.12735416666667,2.275125,2.64029166666667,3.80975,118,352,0,284,723.873541666667,0,0,,,0,0,0,0,258,94,0,0.733000000000001,112,1.54183333333333,2.49332251461988,5.26879166666667,2.27458728070175,2.72619356725146,1.77282142857143,4.238625,0.369166666666667,112,346,Chinook,PRWT,2011
CHA,291,291,0,0,0,0,0,0.954862501164658,0.417014450649233,0.173901052050281,2.09645833333333,0.236895833333333,0.72275,0.920916666666667,1.196,1.77010416666667,137,228,0,291,277.864987838915,0,0,,,0,0,0,0,291,291,0,0.570458333333333,112,0.0574583333333333,0.956500959835794,2.15391666666667,0.755503319902627,1.16945485114301,0.113098370927318,1.94826785714286,0.371583333333333,131,222,Chinook,PRWT,2011
HER,291,291,0,0,0,0,0,1.38901322899547,0.286676955000959,0.0821836765286219,1.427125,0.9460625,1.18885416666667,1.34716666666667,1.5818125,1.88777083333333,158,10,0,291,404.202849637681,0,0,,,0,0,0,0,291,291,0,0.441125,112,0.665166666666667,1.39357543314809,2.09229166666667,1.22514546783626,1.55377763157895,0.873059523809524,1.9542380952381,0.312458333333333,152,4,Chinook,PRWT,2011
LAK,291,291,0,0,0,0,0,1.44794458762887,0.551073113395175,0.303681576307052,2.41941666666667,0.7855,1.003125,1.28266666666667,1.85889583333333,2.49441666666667,157,296,0,291,421.351875,0,0,,,0,0,0,0,291,291,0,0.452166666666667,112,0.467958333333333,1.45168423141186,2.887375,1.24897894736842,1.66337573099415,0.705315476190476,2.61282142857143,0.362291666666667,151,290,Chinook,PRWT,2011
MAR,291,291,54,0.185567010309278,13,0.0446735395189003,0.230240549828179,1.4857774973231,0.958150852812612,0.918053056745536,3.28454166666667,0.0344,0.636125,1.49020833333333,2.23104166666667,3.07794166666667,157,10,0,237,352.129266865575,0,0,,,0,0,0,0,127,18,0,0.448166666666667,112,0.003,1.37320809494984,3.28754166666667,,,0.014,3.18183333333333,0.206958333333333,151,4,Chinook,PRWT,2011
STH,291,291,51,0.175257731958763,10,0.0343642611683849,0.209621993127148,1.49668124769421,0.838121109744601,0.702446994599522,3.15166666666667,0.0272833333333333,1.2846875,1.5301875,2.17322916666667,2.74238541666667,118,30,0,240,359.203499446611,0,0,,,0,0,0,0,188,20,0,0.464708333333333,112,0.004,1.29348950992796,3.15566666666667,,,0.00833333333333333,2.7816130952381,0.203541666666667,112,24,Chinook,PRWT,2011
VAL,291,291,30,0.103092783505155,7,0.0240549828178694,0.127147766323024,1.49448777484954,0.980192563383334,0.960777461311992,3.3505,0.0322173913043478,0.376583333333333,1.52483333333333,2.40804166666667,2.87583333333333,118,12,0,261,390.06130923573,0,0,,,0,0,0,0,188,23,0,0.386782051282051,112,0.002,1.36145199385386,3.3525,,,0.01725,2.9391130952381,0.231791666666667,112,6,Chinook,PRWT,2011
BIU,291,291,0,0,0,0,0,1.82145317869416,0.508501938342001,0.258574221297572,2.93316666666667,1.2469375,1.50060416666667,1.69779166666667,1.98879166666667,2.8379375,133,320,0,291,530.042875,0,0,,,0,0,0,0,291,291,0,1.06429166666667,111,0.9415,1.82784179197995,3.87466666666667,1.60176710526316,2.06391213450292,1.24079761904762,3.57760714285714,0.402166666666667,127,314,Chinook,PRWT,2012
BVC,291,291,0,0,0,0,0,3.37852393670004,0.520770587896356,0.271202005217916,2.96383333333333,2.81272916666667,3.0415625,3.206375,3.62522916666667,4.27539583333333,130,320,0,265,983.15046557971,0,0,,,0,0,0,0,227,66,0,0.897,111,2.448375,3.38111775725546,5.41220833333333,3.17451172133232,3.59116128273583,2.77167857142857,5.29921428571429,0.366083333333334,124,314,Chinook,PRWT,2012
CAM,291,291,0,0,0,0,0,2.26748410652921,0.59148223634486,0.349851235911517,3.473875,1.602125,1.887125,2.10041666666667,2.4559375,3.32433333333333,134,320,0,283,659.837875,0,0,,,0,0,0,0,256,94,0,0.472208333333334,111,1.20554166666667,2.27246017126149,4.67941666666667,2.05783830409357,2.48327295321637,1.5681369047619,4.31591071428571,0.353083333333334,128,314,Chinook,PRWT,2012
CHA,291,291,2,0.00687285223367698,2,0.00687285223367698,0.013745704467354,0.975168497782745,0.64860712501781,0.420691202623869,4.5454,0.297933333333333,0.518541666666667,0.765416666666667,1.30704166666667,2.13230833333333,27,320,0,288,281.823695859213,0,0,,,0,0,0,0,287,144,0,2.06741666666667,111,0.082,0.960749584189944,4.6274,0.704874801678108,1.24128149758454,0.213363095238095,2.86566071428571,0.377625,21,314,Chinook,PRWT,2012
HER,291,291,0,0,0,0,0,1.3750226231386,0.216256356491593,0.0467668117230188,1.09116666666667,1.03604166666667,1.20835416666667,1.37175,1.550125,1.7270625,165,265,0,291,400.131583333333,0,0,,,0,0,0,0,291,291,0,0.428833333333333,111,0.777416666666667,1.37974492481203,1.86858333333333,1.20025599415205,1.55064444444444,0.974333333333333,1.78383333333333,0.342916666666667,159,259,Chinook,PRWT,2012
LAK,291,291,0,0,0,0,0,1.40511010882016,0.634245348758007,0.402267162421166,3.38029166666667,0.67325,0.9359375,1.22775,1.775,2.66564583333333,134,320,0,291,408.887041666667,0,0,,,0,0,0,0,291,291,0,0.868916666666667,111,0.241125,1.41389360902256,3.62141666666667,1.17702119883041,1.64777178362573,0.600839285714286,3.19926190476191,0.402333333333333,128,314,Chinook,PRWT,2012
LOO,291,291,0,0,0,0,0,1.45310352233677,0.588879958185487,0.346779605152541,3.31270833333333,0.566645833333333,1.06927083333333,1.449125,1.7575625,2.47558333333333,343,105,0,291,422.853125,0,0,,,0,0,0,0,291,291,0,0.93375,111,0.230875,1.45397224310777,3.54358333333333,1.20673377192982,1.70553406432749,0.478583333333333,3.14364880952381,0.385125,337,105,Chinook,PRWT,2012
MAR,291,291,0,0,0,0,0,0.780102104093989,0.434933557708006,0.189167199620544,1.93233333333333,0.152958333333333,0.496020833333333,0.714958333333333,0.974833333333333,1.66460416666667,6,209,0,291,227.009712291351,0,0,,,0,0,0,0,291,291,0,0.7355,111,0.01525,0.782740997298689,1.94758333333333,0.534436614939853,1.0303062674803,0.0804721519708362,1.764875,0.393125,365,203,Chinook,PRWT,2012
SFS,291,291,0,0,0,0,0,1.771735395189,0.62082053027302,0.385418130808474,3.08995833333333,1.03402083333333,1.2945,1.56708333333333,2.25320833333333,2.9111875,134,320,0,291,515.575,0,0,,,0,0,0,0,291,291,0,0.871125,111,0.666458333333333,1.77181940267335,3.75641666666667,1.50041447368421,2.05077207602339,0.952440476190476,3.513625,0.407625,128,314,Chinook,PRWT,2012
VAL,291,291,10,0.0343642611683849,4,0.013745704467354,0.0481099656357388,0.880115558867783,0.421773612976061,0.17789298060288,2.38570833333333,0.0882916666666667,0.58025,0.938125,1.22275,1.45595833333333,273,205,0,281,247.312472041847,0,0,,,0,0,0,0,180,70,0,1.173625,112,0.0176666666666667,0.863454279999843,2.403375,0.670004498493709,1.0565423560163,0.0305454545454545,1.75711904761905,0.333375,267,199,Chinook,PRWT,2012
BIU,291,291,0,0,0,0,0,1.86166446909707,0.549591736221515,0.302051076522979,2.47183333333333,1.29735416666667,1.46679166666667,1.66908333333333,2.1254375,3.03191666666667,144,358,0,291,541.744360507246,0,0,,,0,0,0,0,291,291,0,0.457208333333333,111,1.10508333333333,1.86343173695107,3.57691666666667,1.66164108187135,2.05350797737096,1.31852976190476,3.46099404761905,0.385791666666667,138,352,Chinook,PRWT,2013
BVC,291,291,0,0,0,0,0,3.52034994272623,0.713865460696602,0.509603895975571,3.36358333333333,2.85785416666667,3.04954166666667,3.2675,3.70125,5.30958333333333,145,333,0,246,1024.42183333333,0,0,,,0,0,0,0,198,82,0,0.593708333333333,111,2.59404166666667,3.52178510860485,5.957625,3.30079459064328,3.72738201754386,2.89909523809524,5.82675595238095,0.346125,139,327,Chinook,PRWT,2013
CAM,291,291,9,0.0309278350515464,9,0.0309278350515464,0.0618556701030928,3.19627270040834,0.559544170195962,0.313089678400287,3.16704166666667,2.42659166666667,2.88891666666667,3.065125,3.4136875,4.23042708333333,146,201,0,260,901.348901515152,0,0,,,0,0,0,0,145,65,0,0.593708333333333,111,2.20420833333333,3.18912453598165,5.37125,,,2.31163095238095,5.20777976190476,0.37675,140,195,Chinook,PRWT,2013
CHA,291,291,0,0,0,0,0,1.11938833482743,0.560419551524865,0.314070073731331,2.39070833333333,0.484020833333333,0.722604166666667,0.924708333333333,1.49354166666667,2.3554375,145,333,0,291,325.742005434783,0,0,,,0,0,0,0,291,291,0,0.552458333333333,111,0.321541666666667,1.12100246267844,2.71225,0.905523849478769,1.34568157894737,0.526958333333333,2.62305357142857,0.354833333333334,139,327,Chinook,PRWT,2013
HER,291,291,0,0,0,0,0,1.37233276059565,0.279540050030458,0.078142639571031,1.41954166666667,0.945395833333333,1.170625,1.339125,1.547875,1.91172916666667,149,333,0,291,399.348833333333,0,0,,,0,0,0,0,291,291,0,0.400125,111,0.682041666666667,1.3728406641604,2.10158333333333,1.19464093567251,1.53274195906433,1.00825595238095,1.97964285714286,0.299,143,327,Chinook,PRWT,2013
LAK,291,291,0,0,0,0,0,1.34489619129439,0.567857250028573,0.322461856410013,2.66691666666667,0.692729166666667,0.8876875,1.180375,1.70614583333333,2.50604166666667,144,305,0,291,391.364791666667,0,0,,,0,0,0,0,291,291,0,0.553666666666667,111,0.409541666666667,1.34612825814536,3.07645833333333,1.13210657894737,1.55496081871345,0.711559523809524,2.88149404761905,0.347458333333333,138,299,Chinook,PRWT,2013
LOO,291,291,0,0,0,0,0,1.71530641466208,0.729061561466481,0.531530760407944,3.21345833333333,0.927791666666667,1.1426875,1.38666666666667,2.21245833333333,3.25275,149,333,0,291,499.154166666667,0,0,,,0,0,0,0,291,291,0,0.477083333333334,111,0.680708333333333,1.71668832497911,3.89416666666667,1.50210160818713,1.93072426900585,0.978910714285714,3.68555357142857,0.338666666666667,143,327,Chinook,PRWT,2013
MAR,291,291,0,0,0,0,0,0.956979832738853,0.669063573831467,0.447646065828135,2.80004166666667,0.256166666666667,0.452,0.687958333333333,1.34033333333333,2.36252083333333,145,333,0,291,278.481131327006,0,0,,,0,0,0,0,291,291,0,0.567083333333333,111,0.034,0.960178301230933,2.83404166666667,0.759295906432749,1.15238333333333,0.219375,2.75967261904762,0.303875,139,327,Chinook,PRWT,2013
SEC,291,291,0,0,0,0,0,1.59182143657553,1.03590249756545,1.07309398446234,4.14896195652174,0.355729166666667,0.6350625,1.450625,2.1444375,3.62729166666667,144,305,0,286,463.220038043478,0,0,,,0,0,0,0,248,143,0,0.442125,111,0.0989130434782609,1.58505088536559,4.247875,1.37616438469362,1.78869576023392,0.354446428571429,4.09294047619048,0.375083333333333,138,299,Chinook,PRWT,2013
SFS,291,291,0,0,0,0,0,1.85627677548683,0.749518536844783,0.561778037073944,3.25191666666667,1.07983333333333,1.29735416666667,1.52141666666667,2.3249375,3.28377083333333,145,305,0,290,540.176541666667,0,0,,,0,0,0,0,250,145,0,1.04866666666667,111,0.868041666666667,1.85515634920635,4.11995833333333,1.58403771929825,2.13466374269006,1.09116071428571,3.85748214285714,0.341666666666667,139,299,Chinook,PRWT,2013
STH,291,291,0,0,0,0,0,1.65037127720504,0.438932690578747,0.192661906858698,2.00795833333333,1.04735416666667,1.33025,1.545125,2.01427083333333,2.47904166666667,149,333,0,291,480.258041666667,0,0,,,0,0,0,0,291,291,0,0.396416666666667,111,0.76075,1.65795332080201,2.76870833333333,1.48326125730994,1.82245131578947,1.0576369047619,2.61717857142857,0.284166666666667,143,327,Chinook,PRWT,2013
VAL,291,291,0,0,0,0,0,1.59053135738832,0.549671321975034,0.302138562201781,2.279375,0.997291666666667,1.16114583333333,1.39954166666667,2.05470833333333,2.618875,149,333,0,291,462.844625,0,0,,,0,0,0,0,291,291,0,0.42975,111,0.79875,1.5908473893066,3.078125,1.41700935672515,1.74868859649123,0.995357142857143,2.9777380952381,0.291666666666667,143,327,Chinook,PRWT,2013
BIU,291,291,0,0,0,0,0,1.56006099656357,0.474510514987434,0.225160228833639,2.10391666666667,1.00385416666667,1.2235,1.40008333333333,1.81127083333333,2.57885416666667,151,356,0,291,453.97775,0,0,,,0,0,0,0,291,291,0,0.542916666666667,111,0.691875,1.56075031328321,2.79579166666667,1.37761228070175,1.74867850877193,0.902476190476191,2.69074404761905,0.29975,145,350,Chinook,PRWT,2014
BVC,291,291,0,0,0,0,0,3.2834454467354,0.413531023619992,0.171007907496198,1.86145833333333,2.766125,2.95360416666667,3.16741666666667,3.61120833333333,4.01760416666667,360,319,0,274,955.482625,0,0,,,0,0,0,0,218,39,0,0.428,111,2.556375,3.27746923558897,4.41783333333333,3.10911447368421,3.4354033625731,2.74513690476191,4.09679761904762,0.294916666666667,354,313,Chinook,PRWT,2014
CAM,291,291,0,0,0,0,0,2.54131357388316,0.807566292215554,0.652163316322777,3.00666666666667,1.6094375,1.86897916666667,2.11695833333333,3.17197916666667,3.98820833333333,120,356,0,279,739.52225,0,0,,,0,0,0,0,255,55,0,0.430208333333333,111,1.20891666666667,2.53802754803676,4.21558333333333,2.35003055555556,2.71429766081871,1.44214880952381,4.09679761904762,0.304333333333334,114,350,Chinook,PRWT,2014
CHA,291,291,0,0,0,0,0,0.850984498730016,0.386820841985614,0.149630363794459,1.76266666666667,0.377895833333333,0.555458333333333,0.719833333333333,1.1505,1.58202083333333,137,319,0,291,247.636489130435,0,0,,,0,0,0,0,291,291,0,0.633375,111,0.171666666666667,0.849299544150231,1.93433333333333,0.669396370455123,1.03312295321637,0.383940476190476,1.71894047619048,0.290708333333333,131,313,Chinook,PRWT,2014
HER,291,291,0,0,0,0,0,1.47212787470262,0.255811345660847,0.0654394445688135,1.37783333333333,1.09058333333333,1.29691666666667,1.45979166666667,1.60927083333333,1.96272916666667,162,356,0,291,428.389211538462,0,0,,,0,0,0,0,291,291,0,0.476375,111,0.773375,1.47532695360195,2.15120833333333,1.31073728070175,1.63692865497076,0.985196428571428,2.06340476190476,0.293375,156,350,Chinook,PRWT,2014
LAK,291,291,0,0,0,0,0,1.1280618556701,0.554057383068326,0.306979583732522,2.31,0.4094375,0.615833333333333,1.06933333333333,1.5931875,2.03054166666667,360,319,0,291,328.266,0,0,,,0,0,0,0,291,291,0,1.012375,111,0.172875,1.12341572681704,2.482875,0.936441959064327,1.30375921052632,0.393053571428571,2.27379166666667,0.302375,354,313,Chinook,PRWT,2014
LOO,291,291,0,0,0,0,0,1.50823811569301,0.486340558470109,0.236527138813018,2.63541666666667,0.9286875,1.15089583333333,1.368125,1.85775,2.32164583333333,335,319,0,291,438.897291666667,0,0,,,0,0,0,0,291,291,0,0.689458333333333,111,0.648875,1.51028878446115,3.28429166666667,1.30545584795322,1.70919678362573,0.93425,2.90345238095238,0.288833333333334,329,313,Chinook,PRWT,2014
MAR,291,291,1,0.00343642611683849,1,0.00343642611683849,0.00687285223367698,0.646942313477461,0.416310124325075,0.17331411961556,1.49116666666667,0.12775,0.34275,0.493208333333333,0.932822916666667,1.39393541666667,365,347,0,290,187.613270908464,0,0,,,0,0,0,0,251,145,0,0.590041666666667,111,0.016,0.645251638719658,1.50716666666667,0.462546797648491,0.823085081871345,0.112413095238095,1.42335119047619,0.281,359,341,Chinook,PRWT,2014
SEC,291,291,0,0,0,0,0,1.1453098677121,1.24242766125169,1.54362649344335,13.3140714285714,0.221346014492754,0.401583333333333,0.841625,1.69308333333333,2.12689583333333,336,257,0,285,333.28517150422,0,1,,,1,1,0,0,227,142,0,3.86690476190476,111,0.0325,1.13365492507747,13.3465714285714,0.817396813452248,1.56167477025898,0.194279761904762,6.83642942176871,0.307458333333333,330,251,Chinook,PRWT,2014
SFS,291,291,0,0,0,0,0,1.62669974226804,0.563579645211589,0.31762201649682,2.41354166666667,0.9998125,1.20245833333333,1.3805,2.00185416666667,2.71152083333333,361,356,0,291,473.369625,0,0,,,0,0,0,0,291,291,0,1.46941666666667,111,0.734916666666667,1.6250574770259,3.14845833333333,1.37612763157895,1.90031885964912,1.01975,2.96255952380952,0.316375,355,350,Chinook,PRWT,2014
STH,291,291,0,0,0,0,0,1.25841408934708,0.407130292654426,0.165755075196879,1.83454166666667,0.502291666666667,1.00954166666667,1.335,1.513875,1.94283333333333,159,356,0,291,366.1985,0,0,,,0,0,0,0,291,291,0,0.579375,111,0.231041666666667,1.2630466374269,2.06558333333333,1.08710511695906,1.43959766081871,0.46364880952381,2.00314285714286,0.295666666666667,153,350,Chinook,PRWT,2014
SUL,291,291,0,0,0,0,0,0.800380341395507,0.421457523931982,0.177626444478877,1.75445833333333,0.270958333333333,0.5051875,0.656333333333333,0.9881875,1.69164583333333,120,356,0,291,232.910679346093,0,0,,,0,0,0,0,291,291,0,0.765875,111,0.101833333333333,0.797297475566908,1.85629166666667,0.621564434231512,0.982594444444444,0.315444235588972,1.7996369047619,0.271291666666667,114,350,Chinook,PRWT,2014
VAL,291,291,0,0,0,0,0,1.1346202978236,0.486597721309767,0.236777342383857,1.974125,0.585354166666667,0.775416666666667,0.938875,1.52560416666667,2.06954166666667,153,356,0,291,330.174506666667,0,0,,,0,0,0,0,291,291,0,0.455916666666667,111,0.236,1.13277487719298,2.210125,0.967714473684211,1.29391946783626,0.484196428571429,2.128,0.280958333333333,147,350,Chinook,PRWT,2014
,291,291,0,0,0,0,0,1.3832839406843,0.514498716704875,0.264708929490963,2.65433333333333,0.810291666666667,1.0490625,1.22691666666667,1.49472916666667,2.51708333333333,129,20,0,291,402.53562673913,0,0,,,0,0,0,0,291,291,0,0.53125,112,0.453625,1.37152124670372,3.10795833333333,1.18023474269006,1.56704255657259,0.699279761904762,2.76721428571429,0.342375,123,14,Chinook,PRWT,2015
BIU,291,291,0,0,0,0,0,1.77629281214204,0.479623066536779,0.230038285954143,2.49516666666667,1.18291666666667,1.43360416666667,1.63879166666667,2.07316666666667,2.7373125,158,20,0,291,516.901208333333,0,0,,,0,0,0,0,291,291,0,0.815958333333333,112,0.737208333333333,1.76988320802005,3.232375,1.53773552631579,2.0131514619883,0.992785714285714,3.06777976190476,0.373958333333333,152,14,Chinook,PRWT,2015
BVC,291,291,0,0,0,0,0,3.55671534936999,0.693465150474822,0.480893914923067,3.13645833333333,2.8711875,3.04660416666667,3.25483333333333,3.97752083333333,5.07920833333333,130,332,0,220,1035.00416666667,0,0,,,0,0,0,0,195,36,0,0.471375,167,2.5695,3.54114463241437,5.70595833333333,3.34331695906433,3.73706520467836,2.86964285714286,5.44510119047619,0.321833333333333,124,326,Chinook,PRWT,2015
CHA,291,291,1,0.00343642611683849,1,0.00343642611683849,0.00687285223367698,0.78769245844631,0.574524910520585,0.330078872808686,2.40458333333333,0.10090625,0.33528125,0.6623125,1.0983125,1.95397291666667,129,19,0,290,228.43081294943,0,0,,,0,0,0,0,280,145,0,0.550833333333333,112,0.01,0.777683016654323,2.41458333333333,0.592442486602092,0.977229382332643,0.0889730158730159,2.21024404761905,0.32525,123,13,Chinook,PRWT,2015
LOO,291,291,0,0,0,0,0,1.63958773768614,0.599163267104474,0.358996620647307,2.34,0.9234375,1.13404166666667,1.4745,2.1451875,2.75270833333333,17,351,0,291,477.120031666667,0,0,,,0,0,0,0,291,291,0,0.674375,112,0.632458333333333,1.62911788471178,2.97245833333333,1.4035719005848,1.86037397660819,0.961678571428571,2.85221428571429,0.32925,11,345,Chinook,PRWT,2015
MAR,291,291,0,0,0,0,0,1.16701524689851,0.76436009235048,0.584246350778035,3.19839215686275,0.351104166666667,0.5380625,0.817291666666667,1.811125,2.591375,353,332,0,291,339.601436847466,0,0,,,0,0,0,0,291,291,0,0.830291666666667,112,0.0719411764705882,1.14618827047565,3.27033333333333,0.932384943530841,1.36137880116959,0.327193359161847,2.91551190476191,0.314,347,326,Chinook,PRWT,2015
SEC,291,291,0,0,0,0,0,1.14312154125943,0.785494703325631,0.617001928952621,2.95345075757576,0.232166666666667,0.456375,0.878625,1.76077083333333,2.61289583333333,129,277,0,291,332.648368506494,0,0,,,0,0,0,0,291,291,0,0.528708333333333,112,0.0695909090909091,1.1238833105491,3.02304166666667,0.912973870281765,1.34126815523658,0.203167748917749,2.85563095238095,0.380416666666667,123,271,Chinook,PRWT,2015
SFS,291,291,0,0,0,0,0,1.79808118556701,0.756358096404454,0.572077569996569,2.82570833333333,0.910583333333333,1.14816666666667,1.519625,2.401125,3.1376875,127,332,0,291,523.241625,0,0,,,0,0,0,0,291,291,0,0.605166666666666,112,0.75125,1.77491846282373,3.57695833333333,1.56878771929825,1.98353230994152,0.880744047619048,3.42147619047619,0.327958333333333,121,326,Chinook,PRWT,2015
STH,291,291,0,0,0,0,0,1.55910681557847,0.300997275647408,0.0905993599471617,1.65575,1.13652083333333,1.34810416666667,1.50975,1.76241666666667,2.07675,159,20,0,291,453.700083333333,0,0,,,0,0,0,0,291,291,0,0.605041666666667,112,0.781541666666667,1.55319087301587,2.43729166666667,1.35460175438597,1.74478888888889,1.02427976190476,2.32741071428571,0.309208333333333,153,14,Chinook,PRWT,2015
SUL,291,291,0,0,0,0,0,1.00702575451965,0.461602145611956,0.213076540833562,2.05495833333333,0.523625,0.691020833333333,0.845041666666667,1.22166666666667,1.9958125,128,332,0,291,293.044494565217,0,0,,,0,0,0,0,291,291,0,0.48675,112,0.294291666666667,0.996442670989067,2.34925,0.810352320111874,1.1797033625731,0.536922619047619,2.18853571428571,0.288708333333333,122,326,Chinook,PRWT,2015
VAL,291,291,0,0,0,0,0,1.38333848797251,0.467790956270893,0.218828378768836,1.814,0.836645833333333,1.02958333333333,1.21566666666667,1.69102083333333,2.29195833333333,131,351,0,291,402.5515,0,0,,,0,0,0,0,291,291,0,0.495791666666667,112,0.672,1.37258982873851,2.486,1.18536388888889,1.54787733918129,0.861357142857143,2.35079761904762,0.302041666666667,125,345,Chinook,PRWT,2015
,291,291,0,0,0,0,0,1.58207265177549,0.601473333902914,0.361770171396287,2.44466666666667,0.9735,1.16652083333333,1.335375,1.90541666666667,2.92452083333333,127,320,0,291,460.383141666667,0,0,,,0,0,0,0,291,291,0,0.942833333333333,111,0.744333333333333,1.58431730994152,3.189,1.35093245614035,1.82346716374269,0.949172619047619,3.06092857142857,0.403416666666667,121,314,Chinook,PRWT,2016
BIU,291,291,0,0,0,0,0,1.86065734922058,0.847198156293755,0.717744716027538,3.48895833333333,0.979791666666667,1.23204166666667,1.52391666666667,2.23722916666667,3.61204166666667,156,9,0,287,541.451288623188,0,0,,,0,0,0,0,239,95,0,0.90875,111,0.723125,1.86666866100033,4.21208333333333,1.60876807119247,2.13780249809306,0.954589285714286,4.04820833333333,0.443458333333333,150,3,Chinook,PRWT,2016
BVC,291,291,0,0,0,0,0,3.88859955201952,1.00740018558502,1.01485513391674,3.9145,2.97533333333333,3.21377083333333,3.54816666666667,4.05604166666667,6.35495833333333,149,293,0,212,1131.58246963768,0,0,,,0,0,0,0,107,26,0,0.865833333333333,118,2.77104166666667,3.89524402462678,6.68554166666667,3.63791676023392,4.14901219171116,2.93787428571429,6.62114285714286,0.428,143,287,Chinook,PRWT,2016
CHA,291,291,1,0.00343642611683849,1,0.00343642611683849,0.00687285223367698,0.836344041416669,0.746529297985609,0.557305992750885,4.06054166666667,0.115421527777778,0.315145833333333,0.565875,1.1530625,2.21128125,345,261,0,289,242.539772010834,0,0,,,0,0,0,0,215,96,0,0.803125,111,0.0105,0.838495570366693,4.07104166666667,0.574615126057118,1.12266929824561,0.088922619047619,3.57257142857143,0.39589393939394,339,255,Chinook,PRWT,2016
LOO,291,291,0,0,0,0,0,2.07871632302406,0.861358501728173,0.741938468499403,3.942625,1.2086875,1.49720833333333,1.71708333333333,2.40629166666667,3.93016666666667,156,9,0,278,604.90645,0,0,,,0,0,0,0,235,69,0,0.830708333333334,111,0.926916666666667,2.0900916374269,4.86954166666667,1.81978459064327,2.3706552631579,1.21511904761905,4.45301785714286,0.455875,150,3,Chinook,PRWT,2016
MAR,291,291,0,0,0,0,0,1.32716552592261,0.885265505652044,0.783695015497368,3.34725,0.448770833333333,0.702958333333333,0.939083333333333,1.869375,3.22670833333333,131,320,0,291,386.205168043478,0,0,,,0,0,0,0,291,291,0,0.450125,111,0.221875,1.3365811034107,3.569125,1.06166641418764,1.61877792397661,0.429006666666667,3.45027380952381,0.419291666666667,125,314,Chinook,PRWT,2016
SEC,291,291,7,0.0240549828178694,7,0.0240549828178694,0.0481099656357388,1.40818444542254,0.952572911692455,0.907395152090242,3.95575,0.223589583333333,0.62865625,1.34014583333333,1.8963125,3.20524166666667,156,205,0,283,399.9243825,0,0,,,0,0,0,0,173,94,0,0.54725,111,0.0516666666666667,1.38004424082691,4.00741666666667,,,0.066,3.79152380952381,0.412958333333333,150,199,Chinook,PRWT,2016
SFS,291,291,0,0,0,0,0,2.01774229344091,1.07811457157788,1.16233102944855,3.87929166666667,0.937,1.13110416666667,1.52666666666667,2.91052083333333,4.04541666666667,152,257,0,272,587.163007391304,0,0,,,0,0,0,0,185,68,0,0.818416666666667,111,0.726625,2.01757375191602,4.60591666666667,1.70628433918129,2.32864462242563,0.916815476190476,4.45585714285714,0.43975,146,251,Chinook,PRWT,2016
STH,291,291,0,0,0,0,0,1.94771262288959,0.91676156841525,0.840451773323188,3.58533333333333,0.962833333333333,1.300875,1.6345,2.2648125,3.7934375,173,114,0,285,566.78437326087,0,0,,,0,0,0,0,219,142,0,1.03,111,0.653666666666667,1.95692850266972,4.239,1.73353244419019,2.17184436816679,0.811208333333333,4.10138690476191,0.375791666666667,167,108,Chinook,PRWT,2016
SUL,291,291,0,0,0,0,0,1.20155368021316,0.807824131596272,0.652579827589271,3.07916666666667,0.360723333333333,0.583270833333333,0.864166666666667,1.64697916666667,2.79664583333333,153,9,0,291,349.652120942029,0,0,,,0,0,0,0,291,291,0,0.719083333333333,111,0.116583333333333,1.20652193647161,3.19575,0.949974847953216,1.45035713196034,0.392379285714286,3.11039880952381,0.427708333333333,147,3,Chinook,PRWT,2016
VAL,291,291,0,0,0,0,0,1.80104566487375,0.837080954023504,0.7007045235889,3.10558333333333,0.92725,1.16708333333333,1.40304166666667,2.4438125,3.4313125,156,9,0,291,524.104288478261,0,0,,,0,0,0,0,291,291,0,0.496416666666667,111,0.69175,1.80511325113508,3.79733333333333,1.58933445664887,2.00847047419273,0.953910714285714,3.6489880952381,0.384875,150,3,Chinook,PRWT,2016
,291,291,0,0,0,0,0,1.68064975945017,0.647715097644074,0.419534847716072,2.77420833333333,1.08658333333333,1.245875,1.44304166666667,1.82533333333333,3.18564583333333,127,6,0,291,489.06908,0,0,,,0,0,0,0,291,291,0,0.566458333333333,111,0.74725,1.68091533918129,3.52145833333333,1.48905664327485,1.88337529239766,1.10865476190476,3.37106547619048,0.342833333333333,121,365,Chinook,PRWT,2017
BIU,291,291,0,0,0,0,0,1.59808817869416,0.620819551668035,0.3854169157333,2.8545,0.982208333333333,1.18639583333333,1.373625,1.82702083333333,3.03329166666667,148,6,0,291,465.04366,0,0,,,0,0,0,0,291,291,0,0.571625,111,0.620166666666667,1.60252583291562,3.47466666666667,1.4085719122807,1.80475540935673,0.945720238095238,3.34667261904762,0.322208333333333,142,365,Chinook,PRWT,2017
BVC,291,291,0,0,0,0,0,3.40900440435281,0.744902918506699,0.554880357999797,3.559625,2.7359375,2.9409375,3.15670833333333,3.51989583333333,5.24704166666667,128,333,0,249,992.020281666667,0,0,,,0,0,0,0,241,124,0,0.40225,111,2.52716666666667,3.4094370994152,6.08679166666667,3.21899411695906,3.60045350877193,2.71453571428571,5.810875,0.302458333333333,122,327,Chinook,PRWT,2017
CHC,291,291,0,0,0,0,0,1.05234492280492,0.446558464639749,0.19941446234141,1.94958333333333,0.491291666666667,0.747791666666667,0.930375,1.26239583333333,2.01479166666667,153,333,0,291,306.232372536232,0,0,,,0,0,0,0,291,291,0,0.842666666666667,111,0.244666666666667,1.06060441909121,2.19425,0.88893148258327,1.24161695906433,0.40227380952381,2.09716666666667,0.273875,147,327,Chinook,PRWT,2017
LAK,291,291,0,0,0,0,0,1.19309855670103,0.680700581030096,0.463353281014711,3.00195833333333,0.409125,0.686895833333333,1.05545833333333,1.47322916666667,2.73733333333333,146,272,0,291,347.19168,0,0,,,0,0,0,0,291,291,0,0.45475,111,0.2805,1.19537316708438,3.28245833333333,0.990584111111111,1.39876549707602,0.348863095238095,3.12535714285714,0.375375,140,266,Chinook,PRWT,2017
LOO,291,291,0,0,0,0,0,1.33032495692017,0.854125261184334,0.729529961793206,3.60141666666667,0.463270833333333,0.679979166666667,0.929208333333333,1.9196875,3.09104166666667,144,335,0,291,387.124562463768,0,0,,,0,0,0,0,291,291,0,0.668708333333333,111,0.203291666666667,1.33376799277178,3.80470833333333,1.11467102313755,1.57516198830409,0.456218685300207,3.60945833333333,0.368125,138,329,Chinook,PRWT,2017
MAR,291,291,0,0,0,0,0,1.03165191294949,0.645237395935611,0.416331297113769,2.66835307017544,0.345125,0.586895833333333,0.804666666666667,1.28720833333333,2.45960416666667,128,333,0,291,300.210706668301,0,0,,,0,0,0,0,291,291,0,0.561375,111,0.0911052631578947,1.03940103843514,2.75945833333333,0.8332449347893,1.24717865497076,0.242516738274257,2.60554761904762,0.306916666666667,122,327,Chinook,PRWT,2017
SEC,291,291,0,0,0,0,0,1.27418231386025,0.843752498545045,0.711918278801007,3.245375,0.3600625,0.5645,1.05275,1.77489583333333,3.082,144,272,0,291,370.787053333333,0,0,,,0,0,0,0,291,291,0,0.420875,111,0.216,1.2673916031746,3.461375,1.07112953216374,1.46317573099415,0.290642857142857,3.34010714285714,0.34625,138,266,Chinook,PRWT,2017
SFS,291,291,0,0,0,0,0,1.54772258877434,0.769015199000883,0.591384376294367,3.20254166666667,0.840416666666667,1.01608333333333,1.258125,1.80377083333333,3.33916666666667,129,6,0,291,450.387273333333,0,0,,,0,0,0,0,291,291,0,0.66925,111,0.548875,1.54371123475355,3.75141666666667,1.3265197251462,1.76533464912281,0.775767857142857,3.52804166666667,0.326041666666667,123,365,Chinook,PRWT,2017
STH,291,291,0,0,0,0,0,1.40155168957617,0.685529802942913,0.46995111072295,2.89108333333333,0.534354166666667,0.91975,1.1745,1.976375,2.6754375,147,6,0,291,407.851541666667,0,0,,,0,0,0,0,291,291,0,0.396291666666667,111,0.20475,1.40893813700919,3.09583333333333,1.23285687134503,1.58528567251462,0.486684523809524,2.98330952380952,0.308833333333333,141,365,Chinook,PRWT,2017
SUL,291,291,0,0,0,0,0,0.838278178367101,0.535737444291208,0.287014609215676,2.4351875,0.300604166666667,0.506645833333333,0.666833333333333,0.942729166666667,2.15585416666667,128,334,0,291,243.938949904826,0,0,,,0,0,0,0,291,291,0,0.647916666666667,111,0.0903125,0.838820960401229,2.5255,0.65066999451762,1.02906798245614,0.232389880952381,2.32611904761905,0.308583333333333,122,328,Chinook,PRWT,2017
VAL,291,291,0,0,0,0,0,1.2449729954181,0.59249463220671,0.351049889193765,2.37995833333333,0.631041666666667,0.833625,0.998375,1.590375,2.4551875,148,334,0,291,362.287141666667,0,0,,,0,0,0,0,291,291,0,0.3675,111,0.367291666666667,1.24624563074353,2.74725,1.08531833333333,1.4048399122807,0.539797619047619,2.63614285714286,0.300833333333333,142,328,Chinook,PRWT,2017
,291,291,0,0,0,0,0,1.72075143184422,0.62793124177293,0.394297644394495,2.65383333333333,1.09641666666667,1.29854166666667,1.48191666666667,1.88927083333333,3.26416666666667,115,12,0,291,500.738666666667,0,0,,,0,0,0,0,291,291,0,1.25970833333333,111,0.858166666666667,1.72181971595656,3.512,1.48246637426901,2.00155292397661,1.06477976190476,3.34598214285714,0.457125,109,6,Chinook,PRWT,2018
BIU,291,291,44,0.151202749140893,44,0.151202749140893,0.302405498281787,1.37247252090015,0.748220247475956,0.55983353873298,3.26916666666667,0.590616666666667,0.918041666666667,1.069125,1.46125,3.02273333333333,155,331,0,247,339.000712662338,0,0,,,0,0,0,0,184,123,0,0.494041666666667,111,0.32,1.39187216926244,3.58916666666667,,,0.590303571428571,3.33288095238095,0.415958333333333,149,325,Chinook,PRWT,2018
BVC,291,291,0,0,0,0,0,3.41259598336571,0.721567126315783,0.520659117779617,3.44858333333333,2.77439583333333,2.99108333333333,3.128,3.53533333333333,5.1598125,134,331,0,241,993.06543115942,0,0,,,0,0,0,0,231,80,0,0.421666666666667,111,2.351375,3.41316515110239,5.79995833333333,3.20013479532164,3.62723611111111,2.65431547619048,5.55564880952381,0.392416666666667,128,325,Chinook,PRWT,2018
CAM,291,291,0,0,0,0,0,2.39844444444444,0.428329140766376,0.183465852829662,2.351625,1.85827083333333,2.14802083333333,2.298625,2.51770833333333,3.38602083333333,155,331,0,291,697.947333333333,0,0,,,0,0,0,0,291,291,0,0.768125,111,1.51720833333333,2.40581334586466,3.86883333333333,2.17302412280702,2.64410204678363,1.82929166666667,3.71079166666667,0.434916666666667,149,325,Chinook,PRWT,2018
CHC,291,291,1,0.00343642611683849,1,0.00343642611683849,0.00687285223367698,0.939823724042075,0.533251155652107,0.284356795004308,2.34621666666667,0.19683125,0.56934375,0.8335625,1.21922916666667,2.090625,160,333,0,290,272.548879972202,0,0,,,0,0,0,0,226,145,0,0.57025,111,0.0207,0.945396462789478,2.36691666666667,0.754731195655349,1.14608261505212,0.149412504162504,2.26100595238095,0.373666666666667,154,327,Chinook,PRWT,2018
LAK,291,291,0,0,0,0,0,1.17792812142039,0.498059606075963,0.248063371204543,2.43566666666667,0.627041666666667,0.796083333333333,1.04995833333333,1.40760416666667,2.22841666666667,155,271,0,291,342.777083333333,0,0,,,0,0,0,0,291,291,0,0.441291666666667,111,0.292625,1.18161317878028,2.72829166666667,0.974389912280702,1.38686549707602,0.559202380952381,2.62384523809524,0.42375,149,265,Chinook,PRWT,2018
MAR,291,291,5,0.0171821305841924,3,0.0103092783505155,0.0274914089347079,0.884731680632515,0.678410642008148,0.460240999189907,2.80733333333333,0.164097039473684,0.39859375,0.609479166666667,1.25295833333333,2.33935416666667,134,330,0,286,253.033260660899,0,0,,,0,0,0,0,226,71,0,0.683708333333333,111,0.02225,0.883614358269019,2.82958333333333,0.659572072370234,1.11546754385965,0.125878179824561,2.55591071428571,0.393625,128,324,Chinook,PRWT,2018
SFS,291,291,0,0,0,0,0,1.48081337863168,0.995350400845555,0.990722420463406,3.80447348484849,0.498104166666667,0.7818125,1.05845833333333,1.90639583333333,3.48897916666667,155,331,0,291,430.916693181818,0,0,,,0,0,0,0,291,291,0,0.56875,111,0.145818181818182,1.47993624591783,3.95029166666667,1.2324956804891,1.7283182748538,0.514426406926407,3.81134523809524,0.474375,149,325,Chinook,PRWT,2018
STH,291,291,49,0.168384879725086,23,0.0790378006872852,0.247422680412371,1.0618463344981,0.501573945472159,0.251576422776508,2.39708333333333,0.299133333333333,0.693010416666667,1.06283333333333,1.37045833333333,2.07940416666667,160,248,0,242,256.966812948539,0,0,,,0,0,0,0,140,48,0,0.705666666666667,111,0.015,0.998099271878115,2.41208333333333,,,0.015,2.2501369047619,0.259375,154,242,Chinook,PRWT,2018
VAL,291,291,0,0,0,0,0,1.07341102570938,0.624028486135007,0.389411551507949,2.60670833333333,0.359666666666667,0.6331875,0.814375,1.51085416666667,2.28229166666667,159,331,0,291,312.362608481431,0,0,,,0,0,0,0,291,291,0,0.412875,111,0.0225,1.07591928205682,2.62920833333333,0.886843918508392,1.26207543859649,0.23470597353774,2.510375,0.351458333333333,153,325,Chinook,PRWT,2018
,291,291,0,0,0,0,0,1.90010924971363,0.759286904703571,0.57651660365433,2.95216666666667,1.16541666666667,1.37391666666667,1.588375,2.26227083333333,3.52425,122,312,0,291,552.931791666667,0,0,,,0,0,0,0,291,291,0,0.812416666666667,112,0.766916666666667,1.91168264411028,3.71908333333333,1.69102514619883,2.14404342105263,0.963660714285714,3.63743452380952,0.357625,116,306,Chinook,PRWT,2019
BIU,291,291,0,0,0,0,0,1.45743213058419,0.626828060673718,0.392913417647974,3.332625,0.794166666666667,1.03641666666667,1.2295,1.799125,2.67139583333333,152,312,0,291,424.11275,0,0,,,0,0,0,0,291,291,0,0.796416666666667,112,0.344583333333333,1.46847161654135,3.67720833333333,1.26325365497076,1.67949795321637,0.664291666666667,3.31291071428571,0.347583333333333,146,306,Chinook,PRWT,2019
BVC,291,291,0,0,0,0,0,3.42598854524628,0.547459858086889,0.299712296216516,2.63104166666667,2.88810416666667,3.0620625,3.22295833333333,3.63958333333333,4.68208333333333,130,312,0,246,996.962666666667,0,0,,,0,0,0,0,209,49,0,0.527708333333333,112,2.262875,3.43279160401003,4.89391666666667,3.23079371345029,3.6173980994152,2.62582738095238,4.83980952380952,0.331666666666667,124,306,Chinook,PRWT,2019
CAM,291,291,0,0,0,0,0,1.60533783181433,0.988655548959984,0.977439794489368,5.05886666666667,0.645583333333333,0.905416666666667,1.19829166666667,1.99966666666667,3.74697916666667,150,312,0,286,467.153309057971,0,0,,,0,0,0,0,246,95,0,0.741083333333333,112,0.1513,1.6048673542552,5.21016666666667,1.3542511136537,1.86135950292398,0.617910714285714,4.16472023809524,0.404416666666666,144,306,Chinook,PRWT,2019
CHC,291,291,0,0,0,0,0,0.880210491446316,0.325849648185634,0.106177993222702,1.83343055555556,0.36425,0.675916666666667,0.866416666666667,1.067375,1.42810416666667,154,312,0,291,256.141253010878,0,0,,,0,0,0,0,291,291,0,0.512,112,0.0367777777777778,0.888720979653875,1.87020833333333,0.707707029130713,1.06012324561404,0.282413308913309,1.73648214285714,0.28425,148,306,Chinook,PRWT,2019
LAK,291,291,0,0,0,0,0,1.35564375715922,0.614896758079297,0.378098023096429,3.31691666666667,0.651354166666667,0.8595,1.238125,1.75960416666667,2.47960416666667,152,312,0,291,394.492333333333,0,0,,,0,0,0,0,291,291,0,0.460291666666667,112,0.13875,1.36712811194653,3.45566666666667,1.16749356725146,1.5614783625731,0.501136904761905,3.08105357142857,0.33925,146,306,Chinook,PRWT,2019
MAR,291,291,0,0,0,0,0,1.04517525517794,0.455904180458751,0.207848621759765,2.06859615384615,0.493854166666667,0.7183125,0.879916666666667,1.42429166666667,1.93785416666667,339,312,0,291,304.145999256782,0,0,,,0,0,0,0,291,291,0,0.835208333333333,112,0.130153846153846,1.04708665152756,2.19875,0.806354266006898,1.28851423849479,0.393416819291819,2.00947023809524,0.36775,333,306,Chinook,PRWT,2019
SFS,291,291,0,0,0,0,0,1.55499570446735,0.727521222373941,0.529287129004473,3.48729166666667,0.749020833333333,0.973583333333333,1.29529166666667,2.04877083333333,2.84077083333333,152,312,0,291,452.50375,0,0,,,0,0,0,0,291,291,0,0.974166666666667,112,0.185,1.5624880952381,3.67229166666667,1.30694064327485,1.82627631578947,0.571809523809524,3.37480952380952,0.428333333333333,146,306,Chinook,PRWT,2019
VAL,291,291,0,0,0,0,0,1.03839712634083,0.414307428991375,0.171650645717443,2.06579807692308,0.513291666666667,0.74375,0.909125,1.2643125,1.83070833333333,154,312,0,291,302.173563765182,0,0,,,0,0,0,0,291,291,0,0.492041666666667,112,0.131076923076923,1.04452562056288,2.196875,0.861720849018633,1.21231418128655,0.388515061692693,2.02824404761905,0.327666666666667,148,306,Chinook,PRWT,2019
,291,291,0,0,0,0,0,1.50495972026286,0.605170432653205,0.366231252557668,2.73295833333333,0.841833333333333,1.0874375,1.321875,1.71645833333333,2.81264583333333,122,357,0,291,437.943278596491,0,0,,,0,0,0,0,291,291,0,0.601083333333333,111,0.508083333333333,1.49624540109045,3.24104166666667,1.29769036842105,1.69434349799938,0.774875,3.15432142857143,0.3655,116,351,Chinook,PRWT,2020
BIU,291,291,0,0,0,0,0,1.29285044698441,0.491976990993569,0.242041359667086,2.75729166666667,0.688479166666667,0.979416666666667,1.18041666666667,1.43716666666667,2.2678125,155,360,0,291,376.219480072464,0,0,,,0,0,0,0,291,291,0,0.77725,111,0.356333333333333,1.29071597017907,3.113625,1.0879485380117,1.49974584286804,0.445428571428571,2.76141071428571,0.346583333333333,149,354,Chinook,PRWT,2020
BVC,291,291,0,0,0,0,0,3.18564110173904,0.536508672147071,0.287841555289013,2.547375,2.5496875,2.78770833333333,3.0765,3.4329375,4.32908333333333,127,297,0,262,927.021560606061,0,0,,,0,0,0,0,226,65,0,0.466166666666667,111,2.397125,3.17951186678818,4.9445,2.99638201754386,3.36328106060606,2.56114880952381,4.69727976190476,0.313333333333333,121,291,Chinook,PRWT,2020
CAM,291,291,0,0,0,0,0,1.35867423498609,0.297661894121802,0.0886026032121786,1.64633333333333,0.838916666666667,1.1851875,1.38395833333333,1.54660416666667,1.8274375,10,115,0,291,395.374202380952,0,0,,,0,0,0,0,291,291,0,0.704708333333333,111,0.607041666666667,1.35646871345029,2.253375,1.1627716374269,1.55049427736007,0.761434523809524,2.00427380952381,0.327125,4,109,Chinook,PRWT,2020
CHA,291,291,2,0.00687285223367698,2,0.00687285223367698,0.013745704467354,1.37935511424306,0.790574705450688,0.625008364898442,3.08791666666667,0.287,0.890083333333333,1.17141666666667,1.8145,2.89933333333333,188,114,0,289,398.633628016245,0,0,,,0,0,0,0,254,144,0,0.54375,111,0.05,1.37731897867431,3.13791666666667,1.09841291517378,1.64209277999634,0.215227324263039,3.05166666666667,0.461333333333333,182,108,Chinook,PRWT,2020
LAK,291,291,0,0,0,0,0,0.988290072961801,0.495595998798355,0.245615394024939,2.20729166666667,0.373375,0.604041666666667,0.828291666666667,1.36052083333333,1.8669375,155,297,0,291,287.592411231884,0,0,,,0,0,0,0,291,291,0,0.52475,111,0.222,0.986830285859577,2.42929166666667,0.79777865497076,1.16866767098907,0.390214285714286,2.16931547619048,0.326833333333333,149,291,Chinook,PRWT,2020
MAR,291,291,6,0.0206185567010309,4,0.013745704467354,0.0343642611683849,0.814408235644412,0.499492893446367,0.249493150603424,2.03979166666667,0.212659649122807,0.434625,0.635375,1.1345,1.74116666666667,120,346,0,285,232.106347158658,0,0,,,0,0,0,0,242,95,0,0.59925,111,0.007,0.794660638588749,2.04679166666667,0.619319659895352,0.969854792779049,0.107236956521739,1.91675,0.2715,114,340,Chinook,PRWT,2020
VAL,291,291,0,0,0,0,0,0.859952647009348,0.326488329226406,0.10659462912105,1.55130303030303,0.363,0.6430625,0.818708333333333,1.0645625,1.42508333333333,155,358,0,291,250.24622027972,0,0,,,0,0,0,0,291,291,0,0.564791666666667,111,0.0313636363636364,0.854292397806871,1.58266666666667,0.680748391812866,1.01643304093567,0.13142649017649,1.47977976190476,0.2965,149,352,Chinook,PRWT,2020
,291,291,0,0,0,0,0,1.48766426116838,0.680041839989244,0.462456904135956,2.881875,0.745479166666667,1.05972916666667,1.247375,1.67529166666667,3.06975,137,15,0,291,432.9103,0,0,,,0,0,0,0,291,291,0,0.442208333333333,111,0.534958333333333,1.49401297827903,3.41683333333333,1.28523070175439,1.70910128654971,0.807095238095238,3.18877976190476,0.384625,131,9,Chinook,PRWT,2021
BIU,291,291,0,0,0,0,0,1.45731844215349,0.695700344855862,0.483998969832565,3.39966666666667,0.649333333333333,1.02733333333333,1.23991666666667,1.67460416666667,2.93116666666667,162,15,0,291,424.079666666667,0,0,,,0,0,0,0,291,291,0,0.673875,111,0.428666666666667,1.46489358813701,3.82833333333333,1.23826725146199,1.70533932748538,0.71514880952381,3.42891666666667,0.408666666666667,156,9,Chinook,PRWT,2021
CAM,291,291,0,0,0,0,0,1.31419831042383,0.812987440343269,0.6609485781559,3.93625,0.40175,0.8323125,1.06316666666667,1.50145833333333,3.196625,162,15,0,290,382.431708333333,0,0,,,0,0,0,0,233,145,0,0.84775,111,0.206,1.31768295739348,4.14225,1.07226812865497,1.55944576023392,0.427976190476191,3.89049404761905,0.414583333333333,156,9,Chinook,PRWT,2021
CHA,291,291,0,0,0,0,0,2.53534189003436,1.54060530397788,2.37346470264479,5.39595833333333,0.748208333333333,1.1735,1.98891666666667,4.25566666666667,4.9205,320,239,0,201,737.78449,0,0,,,0,0,0,0,192,40,0,1.14245833333333,111,0.457083333333333,2.5287535572264,5.85304166666667,2.23970760233918,2.81524152046784,0.637434523809524,5.65675595238095,0.459125,314,233,Chinook,PRWT,2021
LAK,291,291,0,0,0,0,0,1.04055176297323,0.601912960956076,0.362299212566911,3.27866911764706,0.358729166666667,0.647166666666667,0.840333333333333,1.3049375,2.31239583333333,162,15,0,291,302.80056302521,0,0,,,0,0,0,0,291,291,0,0.691166666666667,111,0.0327058823529412,1.0487430573984,3.311375,0.832780495356037,1.28401871345029,0.330458333333333,2.83073214285714,0.381333333333333,156,9,Chinook,PRWT,2021
LOO,291,291,1,0.00343642611683849,1,0.00343642611683849,0.00687285223367698,1.05943039730135,0.518057790977283,0.268383874792262,2.59946195652174,0.390016666666667,0.72253125,0.899583333333333,1.3483125,2.0878375,164,16,0,290,307.234815217391,0,0,,,0,0,0,0,275,145,0,0.680916666666667,111,0.118913043478261,1.06063401635126,2.718375,0.821060666158149,1.31116023391813,0.349361024844721,2.44158928571429,0.37725,158,10,Chinook,PRWT,2021
VAL,291,291,0,0,0,0,0,1.07533859210663,0.516614974930649,0.266891032322595,2.63520833333333,0.438125,0.745541666666667,0.923291666666667,1.2921875,2.14964583333333,164,15,0,291,312.92353030303,0,0,,,0,0,0,0,291,291,0,0.485375,111,0.196041666666667,1.08221808878256,2.83125,0.88851769005848,1.27103406432749,0.465922619047619,2.42813095238095,0.342166666666667,158,9,Chinook,PRWT,2021
,291,291,0,0,0,0,0,1.54696414662085,0.672196945830646,0.451848733984049,3.16641666666667,0.885458333333333,1.13720833333333,1.28254166666667,1.78777083333333,3.06995833333333,134,9,0,291,450.166566666667,0,0,,,0,0,0,0,291,291,0,1.08458333333333,111,0.515666666666667,1.55307224728488,3.68208333333333,1.32202555555556,1.80001257309942,0.74972619047619,3.576375,0.386333333333333,128,3,Chinook,PRWT,2022
BVC,291,291,0,0,0,0,0,3.2652271561371,0.83584346391748,0.698634296173572,3.964625,2.54089583333333,2.79064583333333,2.96008333333333,3.28095833333333,5.36210416666667,142,283,0,250,950.181102435897,0,0,,,0,0,0,0,230,62,0,0.447291666666667,111,2.35266666666667,3.26884666268235,6.31729166666667,3.05618362573099,3.46759751147099,2.54954166666667,6.16138095238095,0.363583333333333,136,277,Chinook,PRWT,2022
CHA,291,291,0,0,0,0,0,1.67375658075601,0.777275048579519,0.604156501144293,3.18433333333333,0.864708333333334,1.13814583333333,1.32545833333333,2.15633333333333,3.32520833333333,121,9,0,291,487.063165,0,0,,,0,0,0,0,291,291,0,0.861791666666667,111,0.641875,1.6649097059315,3.82620833333333,1.40134442690058,1.93998874269006,0.863583333333333,3.5533630952381,0.387916666666667,115,3,Chinook,PRWT,2022
VAL,291,291,0,0,0,0,0,1.08396794783681,0.533098827584919,0.284194359972415,2.43433333333333,0.481,0.750125,0.90875,1.21877083333333,2.22979166666667,140,10,0,291,315.434672820513,0,0,,,0,0,0,0,291,291,0,0.413375,111,0.213041666666667,1.08858828391492,2.647375,0.917299122807018,1.25374915654521,0.434345238095238,2.56626190476191,0.305791666666667,134,4,Chinook,PRWT,2022
BVC,291,291,0,0,0,0,0,3.34074802978236,0.51831959626001,0.268655203867139,2.61795833333333,2.78272916666667,3.008125,3.15433333333333,3.5334375,4.49083333333333,136,320,0,257,972.157676666667,0,0,,,0,0,0,0,234,64,0,0.654833333333333,112,2.63745833333333,3.33517131746032,5.25541666666667,3.13467752046784,3.53808961988304,2.75942261904762,5.08735119047619,0.337458333333333,130,314,Chinook,PRWT,2023
VAL,291,291,0,0,0,0,0,1.13250400343643,0.301530718907931,0.0909207744451337,1.74358333333333,0.750416666666667,0.922270833333333,1.066625,1.29908333333333,1.71729166666667,156,320,0,291,329.558665,0,0,,,0,0,0,0,291,291,0,0.561916666666667,112,0.581958333333333,1.12764554553049,2.32554166666667,0.964559058479532,1.27670701754386,0.741446428571429,2.05039285714286,0.300958333333333,150,314,Chinook,PRWT,2023
BVC,291,291,0,0,0,0,0,3.31022136311569,0.825205835638499,0.680964671171833,3.808625,2.565625,2.7473125,3.009625,3.49152083333333,5.23033333333333,129,286,0,247,963.274416666667,0,0,,,0,0,0,0,235,123,0,0.521166666666667,111,2.36720833333333,3.30639987468672,6.17583333333333,3.10831271929825,3.50783859649123,2.49283333333333,5.8966130952381,0.333041666666666,123,280,Chinook,PRWT,2024
CHC,291,291,0,0,0,0,0,0.997984129438717,0.481262008242527,0.23161312057763,2.20391666666667,0.405625,0.6584375,0.877333333333333,1.21179166666667,1.932625,129,7,0,291,290.413381666667,0,0,,,0,0,0,0,291,291,0,0.818458333333333,111,0.186833333333333,0.997965478696742,2.39075,0.830156578947369,1.17666147368421,0.332619047619048,2.17469047619048,0.274625,123,1,Chinook,PRWT,2024
LOO,291,291,0,0,0,0,0,1.10780864424808,0.561067351118244,0.314796572490843,2.91470833333333,0.509291666666667,0.705604166666667,0.895041666666667,1.42429166666667,2.2256875,16,7,0,291,322.37231547619,0,0,,,0,0,0,0,291,291,0,0.724333333333333,111,0.313708333333333,1.09992704678363,3.22841666666667,0.894635233918129,1.31895342522974,0.508666666666667,2.90964880952381,0.284958333333333,10,1,Chinook,PRWT,2024
MAR,291,291,0,0,0,0,0,1.28805726275443,0.550614016625293,0.303175795304238,2.39133333333333,0.763583333333333,0.908479166666667,1.07954166666667,1.4800625,2.4908125,129,286,0,291,374.824663461538,0,0,,,0,0,0,0,291,291,0,0.59675,111,0.600083333333333,1.27959422434291,2.99141666666667,1.088734154296,1.47802178362573,0.717607142857143,2.76044642857143,0.288541666666667,123,280,Chinook,PRWT,2024
SFS,291,291,0,0,0,0,0,1.31905340778923,0.875847416499077,0.767108696988108,3.323875,0.4226875,0.643104166666667,0.969833333333333,1.94935416666667,3.05989583333333,129,286,0,291,383.844541666667,0,0,,,0,0,0,0,291,291,0,0.516875,111,0.258791666666667,1.29500814536341,3.58266666666667,1.08927865497076,1.51746432748538,0.373922619047619,3.3152380952381,0.357083333333333,123,280,Chinook,PRWT,2024
VAL,291,291,0,0,0,0,0,1.30072410989826,0.526056851478243,0.276735810987202,2.185125,0.734875,0.9180625,1.09858333333333,1.57397916666667,2.375625,129,286,0,291,378.510715980392,0,0,,,0,0,0,0,291,291,0,0.495041666666667,111,0.568916666666667,1.29332859826036,2.75404166666667,1.14302967836257,1.45037214482284,0.71,2.53551785714286,0.282291666666667,123,280,Chinook,PRWT,2024
