"","SiteCode","n_days","days_obs","days_missing","prop_missing","longest_na_gap","longest_na_gap_prop","missingness_score","temp_mean","temp_sd","temp_var","temp_range","q05","q25","q50","q75","q95","date_max","doy_max","date_min","doy_min","days_above_thresh","days_below_thresh","degree_days","cumulative_heat","days_in_range","exceed_1st","max_consec_above","median_consec_above","n_heat_events","max_daily_increase","min_7d","mean_7d","max_7d","mean_7d_min","mean_7d_max","min_7d_mean","max_7d_mean","median_weekly_range","Species","LHS_Code","Year","exceed_1st_doy"
"1","MAR",78,78,0,0,0,0,0,12.4164378885004,1.59216667504636,2.53499472112817,8.76241666666667,9.8021375,11.7068541666667,12.6641458333333,13.5943541666667,14.4622375,"1994-07-23",204,"1994-06-15",166,1,0,968.48215530303,0.578791666666668,28,"",1,1,0,2.73582196969697,6.816375,12.6369782647908,15.5787916666667,11.4861585648148,13.5855167824074,10.4597678571429,14.5466607142857,1.64358333333333,"Chinook","AHT",1994,NA
"2","STH",78,78,0,0,0,0,0,14.1558366452991,1.39436662481442,1.94425828439636,6.894175,11.73789375,13.3204895833333,14.3350625,14.9861666666667,15.9049875,"1994-07-08",189,"1994-06-15",166,19,0,1104.15525833333,13.682175,6,"1994-07-22",12,3,2,6.60688333333333,9.87895833333333,14.3298487433862,16.7731333333333,13.2228078703704,15.3066368055556,12.3990892857143,16.0406547619048,1.39608333333333,"Chinook","AHT",1994,203
"3","VAL",78,78,0,0,0,0,0,15.6793201312576,2.00124719122078,4.00499032036904,10.7566212121212,12.3947916666667,14.5642916666667,15.8163333333333,16.9652604166667,18.7486666666667,"1994-07-23",204,"1994-06-15",166,52,0,1222.9869702381,91.9391785714286,3,"1994-07-13",34,6,4,2.82925,8.92033333333333,15.9531838624339,19.6769545454545,14.5698579695767,17.0942282723064,12.6930119047619,18.8617993197279,2.06889583333333,"Chinook","AHT",1994,194
"4","MAR",78,78,0,0,0,0,0,10.4170819444444,1.84589440043581,3.40732613756028,7.86670833333333,7.03093958333333,9.55786458333333,11.0162083333333,11.7496458333333,12.754875,"1995-08-06",218,"1995-06-19",170,0,0,812.532391666667,0,63,"",0,0,0,1.79158333333333,5.34541666666667,10.5541511078042,13.212125,9.57550694444444,11.5813553240741,6.55083333333333,12.4674880952381,1.90214583333333,"Chinook","AHT",1995,NA
"5","STH",78,78,0,0,0,0,0,12.7564632381507,1.65843112370687,2.75039379207963,7.496,9.11642291666667,12.1911145833333,13.0594829545455,13.81834375,15.0061791666667,"1995-08-04",216,"1995-06-19",170,5,0,995.004132575758,0.75633333333333,16,"",3,2,1,1.5,7.883,12.9139387626263,15.379,12.0067152777778,13.7614645412458,8.87225,14.7150476190476,1.62925,"Chinook","AHT",1995,NA
"6","VAL",78,78,0,0,0,0,0,13.0458907203907,1.97644671920095,3.9063416338402,9.27908333333333,8.36084583333333,12.3714479166667,13.5495208333333,14.37146875,15.51050625,"1995-08-06",218,"1995-06-19",170,8,0,1017.57947619048,4.59283333333333,16,"",3,3,2,2.16258333333333,6.87466666666667,13.1876122685185,16.15375,12.0855185185185,14.2515121527778,8.44602380952381,15.3096845238095,2.10829166666667,"Chinook","AHT",1995,NA
"7","MAR",78,78,0,0,0,0,0,10.6893605769231,1.79526559283822,3.22297854882878,7.76354166666667,6.98715625,10.1677395833333,10.8460833333333,12.0728229166667,12.8383208333333,"1996-08-14",227,"1996-06-21",173,0,0,833.770125,0,57,"",0,0,0,1.57370833333333,5.5955,10.7745012400794,13.3590416666667,9.74232465277778,11.6407204861111,6.78454166666667,12.8272738095238,1.89720833333333,"Chinook","AHT",1996,NA
"8","STH",78,78,3,0.0384615384615385,3,0.0384615384615385,0.0769230769230769,13.1614022222222,1.66531819637312,2.77328469517142,6.38733333333333,9.76318333333333,12.5223958333333,13.4829166666667,14.462125,15.0783416666667,"1996-07-27",209,"1996-06-24",176,6,0,987.105166666667,1.05170833333333,16,"",4,1,1,1.11654166666667,8.97466666666667,13.2492873070988,15.362,12.3053559027778,14.0217511574074,9.66446428571428,15.0067083333333,1.504625,"Chinook","AHT",1996,NA
"9","MAR",78,78,11,0.141025641025641,11,0.141025641025641,0.282051282051282,10.8414662106136,1.71351104442399,2.93612009936298,7.047125,7.76784583333333,9.47010416666667,11.3136666666667,12.14925,13.1439666666667,"1997-08-07",219,"1997-06-23",174,0,0,726.378236111111,0,49,"",0,0,0,1.42745833333333,6.5505,10.9009031894101,13.597625,NA,NA,8.31023214285714,12.7559821428571,2.509625,"Chinook","AHT",1997,NA
"10","SEC",78,21,0,0,0,0,0,12.2764742063492,0.739840548990047,0.547364037929894,2.60420833333333,11.3972083333333,11.659125,12.15825,12.6616666666667,13.550875,"1997-08-24",236,"1997-08-12",224,0,0,257.805958333333,0,9,"",0,0,0,1.09458333333333,10.9879583333333,12.4837373015873,13.5921666666667,11.6045916666667,13.3253638888889,11.8844642857143,13.0257857142857,1.79804166666667,"Chinook","AHT",1997,NA
"11","SFS",78,5,0,0,0,0,0,12.2874638888889,1.28400821704048,1.64867710142747,3.10077777777778,11.497075,11.641375,11.8739166666667,11.89925,14.0292722222222,"1997-08-27",239,"1997-08-29",241,0,0,61.4373194444444,0,4,"",0,0,0,0.412916666666666,NA,NA,NA,NA,NA,NA,NA,NA,"Chinook","AHT",1997,NA
"12","STH",78,78,11,0.141025641025641,11,0.141025641025641,0.282051282051282,12.7983293459175,1.56554978430949,2.4509461271515,5.98770833333333,10.0326583333333,11.5225208333333,13.0819411764706,14.0911666666667,14.8307583333333,"1997-07-22",203,"1997-06-23",174,3,0,857.488066176471,0.519541666666667,20,"",2,1,0,1.47908333333333,9.31195833333333,12.9191502836831,15.2996666666667,NA,NA,10.4454047619048,14.6704285714286,1.808375,"Chinook","AHT",1997,NA
"13","MAR",78,78,0,0,0,0,0,11.6642481303419,2.15842128046727,4.65878242397396,8.8645,7.73353125,10.83303125,11.8133229166667,13.3924791666667,14.3548291666667,"1998-08-05",217,"1998-06-16",167,0,0,909.811354166667,0,41,"",0,0,0,1.961,6.04054166666667,11.8785439401455,14.9050416666667,10.7556189236111,12.866119212963,7.72399404761905,14.0796547619048,1.81933333333333,"Chinook","AHT",1998,NA
"14","SEC",78,78,0,0,0,0,0,12.5565646367521,2.86569523076038,8.21220915560279,10.18025,6.77692291666667,11.48171875,13.39,14.8024583333333,15.6443395833333,"1998-08-07",219,"1998-06-16",167,18,0,979.412041666667,7.65616666666667,25,"1998-08-16",7,4,3,1.941125,5.72166666666667,12.8076299603175,15.9019166666667,11.8361875,13.7133460648148,6.74686904761905,15.3471845238095,1.660375,"Chinook","AHT",1998,228
"15","STH",78,78,0,0,0,0,0,13.2587613960114,2.02274470520875,4.09149614245001,8.27079166666666,9.32806666666667,12.52296875,13.523375,14.7801875,15.8222604166667,"1998-07-18",199,"1998-06-16",167,16,0,1034.18338888889,7.94191666666667,15,"1998-07-22",10,5,2,1.42166666666667,7.960875,13.4598498126102,16.2316666666667,12.4895264274691,14.3282309027778,9.27731547619048,15.6846964285714,1.66329166666667,"Chinook","AHT",1998,203
"16","VAL",78,78,0,0,0,0,0,14.0022658569501,2.54215448305309,6.46254941570695,10.674625,8.99021458333333,13.0221041666667,14.2351458333333,16.0192083333333,17.1347291666667,"1998-08-05",217,"1998-06-16",167,32,0,1092.17673684211,40.6484583333333,16,"1998-07-21",16,9,3,1.82841666666667,7.18079166666667,14.2269216095795,17.8554166666667,12.99155229654,15.2659542824074,9.31513095238095,16.8694821428571,2.16902083333333,"Chinook","AHT",1998,202
"17","MAR",78,78,0,0,0,0,0,10.7591325757576,1.57408363987362,2.47773930531779,5.64991666666667,7.84061875,9.26738541666667,11.3109583333333,11.8916875,12.6702604166667,"1999-07-29",210,"1999-07-04",185,0,0,839.212340909091,0,59,"",0,0,0,2.090625,7.4455,10.822296732203,13.0954166666667,9.84023905723906,11.6839866898148,8.23473214285714,12.49375,1.69766666666667,"Chinook","AHT",1999,NA
"18","SEC",78,78,0,0,0,0,0,10.9450202991453,2.6082409312667,6.80292075553497,8.87354166666667,6.84539166666667,7.94388541666667,11.4247708333333,13.3077083333333,14.1846020833333,"1999-07-29",210,"1999-06-26",177,1,0,853.711583333333,0.0712916666666672,45,"",1,1,0,1.928375,6.19775,11.0155965608466,15.0712916666667,9.83805092592593,12.1079380787037,7.04551190476191,14.0329107142857,1.86416666666667,"Chinook","AHT",1999,NA
"19","SFS",78,78,0,0,0,0,0,11.1283904217763,2.88371893798173,8.31583491327447,9.48345833333333,6.45855625,7.8825,12.1823541666667,13.4565416666667,14.4986604166667,"1999-07-29",210,"1999-06-16",167,1,0,868.014452898551,0.313458333333333,35,"",1,1,0,1.751,5.83,11.2256182280883,15.3134583333333,10.2141116898148,12.1967048611111,6.41098214285714,14.1863154761905,1.78991666666667,"Chinook","AHT",1999,NA
"20","STH",78,78,0,0,0,0,0,12.9834951923077,1.17585262869132,1.38262940440029,4.51454166666667,10.9405270833333,11.899625,13.3746458333333,13.9710520833333,14.4956708333333,"1999-07-13",194,"1999-06-21",172,1,0,1012.712625,0.0053750000000008,21,"",1,1,0,1.52166666666667,10.4908333333333,13.0523764880952,15.005375,12.2789959490741,13.758021412037,11.0998511904762,14.3023392857143,1.44916666666667,"Chinook","AHT",1999,NA
"21","VAL",78,78,0,0,0,0,0,13.1247580128205,1.78169487187899,3.17443661647987,6.67091666666667,9.98698541666667,11.7311145833333,13.3706041666667,14.5565729166667,15.5340270833333,"1999-08-21",233,"1999-06-26",177,12,0,1023.731125,4.666375,21,"",4,3,2,1.91345833333333,9.67333333333333,13.1599165839947,16.34425,12.2128032407407,14.0817887731481,10.2908154761905,15.1186369047619,1.79239583333333,"Chinook","AHT",1999,NA
"22","MAR",78,78,0,0,0,0,0,12.1473482905983,1.23312205393816,1.52058999990866,5.24308333333334,9.92049583333333,11.28165625,12.1677083333333,13.0656354166667,13.8446166666667,"2000-08-02",215,"2000-06-16",168,0,0,947.493166666667,0,35,"",0,0,0,1.539,9.48570833333333,12.2990240575397,14.7287916666667,11.2741053240741,13.1908929398148,10.1834166666667,13.7871785714286,1.7925,"Chinook","AHT",2000,NA
"23","SEC",78,78,0,0,0,0,0,13.6079465811966,2.29695439566321,5.27599949575656,9.3155,9.60607708333333,12.06296875,13.615,15.2242708333333,17.3922770833333,"2000-08-04",217,"2000-06-17",169,23,0,1061.41983333333,31.0890833333333,18,"2000-08-01",18,3,2,1.857625,8.94708333333333,13.8547966269841,18.2625833333333,12.6337841435185,15.1634953703704,9.64118452380952,17.5137321428571,2.42410416666667,"Chinook","AHT",2000,214
"24","SFS",78,78,0,0,0,0,0,13.5766731698253,2.14756098469673,4.6120181829916,9.44116666666667,9.80633958333333,12.248875,13.658375,15.20459375,16.881075,"2000-08-04",217,"2000-06-16",168,21,0,1058.98050724638,23.3360489130435,17,"2000-08-01",17,3,2,1.93886775362319,8.517875,13.7985065490568,17.9590416666667,12.7799538043478,14.9297986111111,9.46638095238095,16.98395936853,2.07152083333333,"Chinook","AHT",2000,214
"25","STH",78,78,0,0,0,0,0,13.9005512820513,0.943152383266408,0.889536418061106,4.58016666666667,12.3721916666667,13.25253125,13.9451666666667,14.62646875,15.1390833333333,"2000-08-02",215,"2000-08-31",244,7,0,1084.243,2.49904166666667,2,"",3,1,1,1.68154166666667,11.2962083333333,14.0138344080688,15.876375,13.1749924768519,14.7580023148148,12.6332261904762,15.1253988095238,1.68060416666667,"Chinook","AHT",2000,NA
"26","VAL",78,78,0,0,0,0,0,14.9086787393162,1.56089372073123,2.4363892074182,6.90120833333333,11.8100354166667,13.9458645833333,15.0349166666667,16.2063020833333,16.9556041666667,"2000-08-02",215,"2000-06-16",168,40,0,1162.87694166667,45.22865,5,"2000-07-15",26,6,3,2.35079166666667,11.3167916666667,15.0920395337302,18.218,14.0311469907407,16.0468350694444,12.0088511904762,17.2009940476191,1.88302083333333,"Chinook","AHT",2000,197
"27","MAR",78,78,0,0,0,0,0,12.9510654380342,1.25368390770262,1.5717233404325,5.654625,11.0085604166667,12.0701979166667,12.9469166666667,13.7922604166667,14.9745104166667,"2001-07-12",193,"2001-07-30",211,4,0,1010.18310416667,1.91304166666667,18,"",2,1,0,3.28827083333333,10.0887083333333,13.0742376405423,15.7433333333333,11.8618229166667,14.1822679398148,11.5883095238095,14.910005952381,2.068625,"Chinook","AHT",2001,NA
"28","STH",78,78,0,0,0,0,0,14.2499049145299,0.906462547720123,0.821674350419257,4.19245833333333,12.6645,13.6916041666667,14.2696041666667,14.9078541666667,15.77121875,"2001-07-05",186,"2001-07-30",211,15,0,1111.49258333333,7.55420833333334,1,"",6,1,2,1.86608333333333,11.9304583333333,14.3204523809524,16.1229166666667,13.2154681712963,15.2312945601852,13.20225,15.6665654761905,1.8846875,"Chinook","AHT",2001,NA
"29","VAL",78,78,0,0,0,0,0,16.1103189102564,1.36096288696643,1.85221997969999,6.34575,13.4847,15.2630833333333,16.3582291666667,16.9340208333333,18.4179020833333,"2001-07-04",185,"2001-06-15",166,66,0,1256.604875,99.7403333333334,0,"2001-07-02",22,11,5,1.742375,12.5375833333333,16.2491463293651,18.8833333333333,14.8477945601852,17.4567436342593,13.9948511904762,18.1515892857143,2.577,"Chinook","AHT",2001,183
"30","MAR",78,78,0,0,0,0,0,12.1197651430695,1.80911699506261,3.27290430182436,7.51983333333333,9.3608125,10.4633020833333,12.3792291666667,13.3166041666667,15.2630708333333,"2002-07-14",195,"2002-06-19",170,5,0,945.34168115942,3.37995833333333,32,"",5,5,1,1.82041666666667,8.53591666666667,12.3095483163676,16.05575,11.2952459490741,13.1943547453704,9.44796428571428,15.2854523809524,1.788125,"Chinook","AHT",2002,NA
"31","SEC",78,78,0,0,0,0,0,12.8725817307692,2.35958142067825,5.56762448080999,10.715,8.83720833333333,11.65859375,12.9772916666667,14.64375,16.1073958333333,"2002-07-14",195,"2002-06-19",170,18,0,1004.061375,14.8895833333333,26,"2002-07-17",14,2,1,1.49758333333333,7.18958333333333,13.1030953207672,17.9045833333333,11.8462037037037,14.3048061342593,8.3475,16.4585714285714,2.27395833333333,"Chinook","AHT",2002,198
"32","SFS",78,78,0,0,0,0,0,13.3725502136752,2.367962184003,5.60724490486828,11.225,8.7204875,12.1713958333333,13.4701875,15.2162604166667,16.7350125,"2002-07-14",195,"2002-06-19",170,20,0,1043.05891666667,22.9041666666667,17,"2002-07-17",11,4,3,1.57425,6.96420833333333,13.6127783564815,18.1892083333333,12.3520532407407,14.7104809027778,8.37519642857143,17.0407797619048,2.264,"Chinook","AHT",2002,198
"33","STH",78,78,0,0,0,0,0,14.2288990384615,1.46419317604251,2.14386165676945,6.00454166666667,11.6949625,13.2617708333333,14.2883125,15.3009791666667,16.6729645833333,"2002-07-14",195,"2002-08-27",239,27,0,1109.854125,19.81375,8,"2002-07-09",15,2,3,2.121,11.4162083333333,14.3605816798942,17.42075,13.4755954861111,15.1394646990741,11.8241369047619,16.6795119047619,1.54641666666667,"Chinook","AHT",2002,190
"34","VAL",78,78,0,0,0,0,0,14.9645427350427,2.0081759655363,4.03277070855765,9.11358333333333,11.8027625,13.6676666666667,15.2853958333333,16.1713333333333,18.3109916666667,"2002-07-14",195,"2002-06-19",170,42,0,1167.23433333333,61.7737916666667,7,"2002-07-09",31,5,3,2.51779166666667,10.3195416666667,15.1737299933862,19.433125,13.9294577546296,16.2319965277778,11.6760654761905,18.371119047619,2.222625,"Chinook","AHT",2002,190
"35","SEC",78,78,0,0,0,0,0,13.7943787393162,2.53466271794856,6.42451509375838,10.0595416666667,7.980525,12.8721979166667,14.5305,15.5559583333333,16.7987229166667,"2003-07-20",201,"2003-06-23",174,30,0,1075.96154166667,28.9282083333333,15,"2003-07-21",20,2,2,1.64091666666667,7.33908333333333,13.9851944444444,17.398625,12.919615162037,15.065515625,8.25223214285714,16.8576130952381,1.94408333333333,"Chinook","AHT",2003,202
"36","SFS",78,78,0,0,0,0,0,13.3993061965812,2.9445356674121,8.67029029666204,11.1943,7.34164583333333,11.8697916666667,14.4633541666667,15.4625,16.622,"2003-08-18",230,"2003-06-23",174,25,0,1045.14588333333,26.196175,20,"2003-07-24",15,3,3,4.2668,6.1775,13.6156151951058,17.3718,12.4902106481481,14.719762962963,7.14,16.3464880952381,1.93708333333333,"Chinook","AHT",2003,205
"37","STH",78,78,0,0,0,0,0,14.5165984605672,1.53895372642998,2.36837857209273,7.82332575757576,11.2138104166667,13.83046875,14.6989375,15.6096770833333,16.3799895833333,"2003-08-10",222,"2003-06-24",175,33,0,1132.29467992424,25.9864507575758,6,"2003-07-14",9,2,3,3.92447159090909,9.67958333333333,14.6403895690536,17.5029090909091,13.4880251736111,15.7332689393939,11.1423869047619,16.1193333333333,1.94116666666667,"Chinook","AHT",2003,195
"38","VAL",78,78,0,0,0,0,0,15.0146784188034,2.29873668758555,5.2841903588518,10.147375,10.19573125,13.7105416666667,15.6099583333333,16.5542083333333,17.7108395833333,"2003-07-25",206,"2003-06-24",175,47,0,1171.14491666667,70.7242916666667,8,"2003-07-16",42,3,2,2.03908333333333,8.26716666666667,15.1500603505291,18.4145416666667,13.8170746527778,16.3180775462963,9.78236309523809,17.5657083333333,2.169875,"Chinook","AHT",2003,197
"39","MAR",78,78,4,0.0512820512820513,4,0.0512820512820513,0.102564102564103,11.9870844594595,1.61599611384807,2.61144343997208,6.17166666666667,8.87045833333333,11.0689791666667,12.3620833333333,13.3527083333333,13.8853541666667,"2004-07-20",202,"2004-06-17",169,0,0,887.04425,0,33,"",0,0,0,2.20041666666667,8.30541666666667,12.1793095899471,14.4770833333333,11.1332094907407,13.0865393518519,9.26154761904762,13.7510714285714,1.82416666666667,"Chinook","AHT",2004,NA
"40","SFS",78,78,2,0.0256410256410256,2,0.0256410256410256,0.0512820512820513,13.5465953947368,2.40227950811939,5.77094683513036,9.34875,9.08354166666667,11.9365625,14.4760416666667,15.3472916666667,16.3214583333333,"2004-08-16",229,"2004-06-15",167,32,0,1029.54125,21.8208333333333,21,"2004-07-25",18,10,3,1.20583333333333,7.945,13.7780621968695,17.29375,12.7084490740741,14.9436342592593,8.81869047619048,16.0802380952381,1.93479166666667,"Chinook","AHT",2004,207
"41","STH",78,78,0,0,0,0,0,14.2046741452991,1.23033380578715,1.51372127366268,5.61125,12.00025,13.6369791666667,14.4260416666667,14.8730208333333,16.109875,"2004-07-15",197,"2004-08-24",237,17,0,1107.96458333333,12.1479166666667,4,"",6,5,3,1.44,10.7704166666667,14.3280274470899,16.3816666666667,13.3324768518519,15.0620023148148,12.1291071428571,15.9297619047619,1.57083333333333,"Chinook","AHT",2004,NA
"42","VAL",78,78,0,0,0,0,0,14.802280982906,1.8605855158956,3.46177846196049,7.56791666666667,11.3699375,13.4085416666667,15.2916666666667,16.3434375,17.1310416666667,"2004-07-20",202,"2004-06-18",170,42,0,1154.57791666667,53.1270833333333,7,"2004-07-17",42,42,1,2.10958333333334,10.3683333333333,14.9920353835979,17.93625,13.8406828703704,15.9670543981481,11.7334523809524,17.0995238095238,1.72375,"Chinook","AHT",2004,199
"43","MAR",78,78,0,0,0,0,0,12.1658653846154,1.68266903865744,2.83137509365634,7.925,9.07883333333333,11.1559375,12.2375,13.353125,14.4881875,"2005-07-22",203,"2005-06-18",169,2,0,948.9375,0.87125,34,"",1,1,0,2.88,7.60333333333333,12.3524363425926,15.5283333333333,11.0440740740741,13.4376678240741,9.54339285714286,14.3057142857143,2.2225,"Chinook","AHT",2005,NA
"44","SEC",78,78,11,0.141025641025641,11,0.141025641025641,0.282051282051282,12.7915771144279,2.22481103278223,4.94978413158953,9.50458333333333,9.041375,11.4514583333333,12.8829166666667,14.5695833333333,15.8825416666667,"2005-08-09",221,"2005-06-18",169,10,0,857.035666666667,6.7875,22,"",5,1,1,2.41125,7.07541666666667,12.9224475153992,16.58,NA,NA,8.94636904761905,15.6311904761905,2.78458333333333,"Chinook","AHT",2005,NA
"45","SFS",78,78,0,0,0,0,0,13.2886965811966,2.41662325341564,5.8400679489492,10.2870833333333,8.87708333333333,11.7140625,13.891875,15.0816666666667,16.5308541666667,"2005-08-08",220,"2005-06-18",169,21,0,1036.51833333333,17.4533333333333,21,"2005-08-05",13,1,2,2.19708333333333,6.67625,13.5253786375661,16.9633333333333,12.0326793981481,14.8972800925926,8.60255952380952,15.9651785714286,2.81208333333333,"Chinook","AHT",2005,217
"46","STH",78,78,0,0,0,0,0,14.092313034188,1.43907469690028,2.07093598325864,6.575,11.4010625,13.3494791666667,14.2664583333333,15.1560416666667,15.936,"2005-07-13",194,"2005-06-18",169,22,0,1099.20041666667,14.6583333333333,7,"2005-07-18",13,1,2,1.83125,10.11875,14.2459738756614,16.69375,13.1574537037037,15.1382696759259,11.7051785714286,15.8772023809524,1.76708333333333,"Chinook","AHT",2005,199
"47","VAL",78,78,13,0.166666666666667,13,0.166666666666667,0.333333333333333,14.9222428904429,2.19890233137823,4.83517146294062,9.80503787878788,11.1316666666667,13.5125,14.9020833333333,16.7691666666667,18.0419166666667,"2005-07-16",197,"2005-06-18",169,31,0,969.945787878788,54.9499545454546,7,"2005-08-05",17,4,4,2.18833333333333,9.98041666666667,15.4627072832723,19.7854545454545,NA,NA,11.7070833333333,19.7854545454545,2.539375,"Chinook","AHT",2005,217
"48","BIL",78,52,0,0,0,0,0,15.6864171245421,1.65140345452079,2.72713336960318,6.8225,12.9872291666667,14.7730208333333,15.5522916666667,16.8594791666667,18.1045833333333,"2006-07-22",203,"2006-08-31",243,34,0,815.69369047619,55.0520238095238,1,"2006-07-19",18,2,2,1.63875,11.8154166666667,15.8081325791186,18.6379166666667,14.5935688405797,16.8533229813665,13.7988690476191,18.1248214285714,2.31895833333333,"Chinook","AHT",2006,200
"49","SFS",78,78,0,0,0,0,0,12.9513782051282,2.48778597095533,6.18907903728216,11.9966666666667,8.11883333333333,12.1909375,12.9597916666667,14.6626041666667,16.6174583333333,"2006-07-24",205,"2006-06-15",166,16,0,1010.2075,16.7441666666667,18,"2006-07-26",11,3,2,1.43208333333333,5.90291666666667,13.2399346891534,17.8995833333333,12.1917592592593,14.2605960648148,7.6027380952381,16.852619047619,1.91729166666667,"Chinook","AHT",2006,207
"50","STH",78,78,15,0.192307692307692,15,0.192307692307692,0.384615384615385,13.7364255189255,1.30404458236913,1.70053227280629,6.4825,11.7457916666667,12.9325,13.74,14.6845833333333,15.6964807692308,"2006-07-17",198,"2006-06-15",166,9,0,865.394807692308,5.34730769230769,7,"",5,1,1,1.35625,9.83541666666667,14.003285610113,16.3179166666667,NA,NA,11.5348214285714,15.4923076923077,1.590625,"Chinook","AHT",2006,NA
"51","VAL",78,78,0,0,0,0,0,14.5882648315737,2.00533550117593,4.02137047227651,9.59625,11.2963958333333,13.0582291666667,14.6947916666667,15.7301041666667,17.8902916666667,"2006-07-23",204,"2006-06-15",166,30,0,1137.88465686275,45.6295833333333,8,"2006-07-20",19,1,2,1.63458333333333,9.03291666666667,14.8236956310302,18.6291666666667,13.7013156998911,15.8150925925926,11.0192261904762,18.0915476190476,2.22458333333333,"Chinook","AHT",2006,201
"52","BIL",78,78,0,0,0,0,0,15.7374358974359,2.15947676517641,4.66333989933678,8.83333333333333,12.2327916666667,14.2639583333333,15.418125,17.8473958333333,18.5672916666667,"2007-07-19",200,"2007-06-18",169,42,0,1227.52,101.68625,3,"2007-07-04",38,3,2,2.54041666666667,10.56,15.955517526455,19.3933333333333,14.6575347222222,16.98140625,12.3041071428571,18.5620238095238,2.30875,"Chinook","AHT",2007,185
"53","MAR",78,78,0,0,0,0,0,12.7982371794872,1.4393098085965,2.0716127251221,6.42333333333333,10.8989583333333,11.5641666666667,12.7258333333333,14.1042708333333,14.9059791666667,"2007-07-14",195,"2007-08-20",232,4,0,998.2625,1.00083333333333,25,"",1,1,0,2.81583333333333,9.02833333333333,12.9234565145503,15.4516666666667,11.7792881944444,13.9143460648148,10.848630952381,14.8172023809524,2.03583333333333,"Chinook","AHT",2007,NA
"54","SEC",78,78,0,0,0,0,0,14.3378739316239,2.40792823832601,5.79811840092778,8.86375,10.7541875,12.4365625,14.0320833333333,16.5669791666667,17.5894166666667,"2007-07-14",195,"2007-06-18",169,33,0,1118.35416666667,59.6,14,"2007-07-10",32,16,1,2.13791666666667,9.43708333333333,14.5489252645503,18.3008333333333,13.1478819444444,15.9105034722222,10.7784523809524,17.5306547619048,2.71395833333333,"Chinook","AHT",2007,191
"55","SFS",78,78,0,0,0,0,0,14.8244604700855,2.25101655237585,5.06707551907005,8.80125,11.2834583333333,13.2648958333333,14.39375,16.9041666666667,17.900875,"2007-07-18",199,"2007-06-18",169,34,0,1156.30791666667,70.0933333333333,9,"2007-07-10",29,1,1,2.33541666666667,9.98416666666667,15.0096593915344,18.7854166666667,13.6910069444444,16.338443287037,11.2542857142857,17.9901785714286,2.72541666666667,"Chinook","AHT",2007,191
"56","STH",78,78,0,0,0,0,0,14.578514957265,1.11027414371234,1.23270867419617,5.17875,13.0684166666667,13.6838541666667,14.6297916666667,15.4404166666667,16.20825,"2007-07-05",186,"2007-08-20",232,31,0,1137.12416666667,21.7895833333333,1,"2007-07-09",23,1,2,2.46541666666667,11.7375,14.651513723545,16.91625,13.7407696759259,15.5328993055556,13.0761904761905,16.2075595238095,1.6225,"Chinook","AHT",2007,190
"57","VAL",78,78,0,0,0,0,0,15.6874626068376,1.63090710693735,2.65985799145877,6.47875,13.0185208333333,14.5390625,15.6352083333333,17.0148958333333,18.1207708333333,"2007-07-18",199,"2007-06-18",169,47,0,1223.62208333333,82.8879166666667,1,"2007-07-09",33,4,4,2.75708333333333,11.8608333333333,15.8350330687831,18.3395833333333,14.6711631944444,16.9563136574074,13.2235714285714,17.7380952380952,2.00104166666667,"Chinook","AHT",2007,190
"58","BIL",78,78,0,0,0,0,0,13.1681730769231,2.25503043883692,5.08516228008103,7.88625,8.83852083333333,11.8005208333333,13.7210416666667,14.9352083333333,15.9376875,"2008-08-15",228,"2008-06-19",171,17,0,1027.1175,9.53541666666667,21,"2008-08-19",7,2,2,1.11333333333334,8.34,13.3212094907407,16.22625,12.5551736111111,14.0129224537037,8.75035714285714,15.92625,1.43666666666667,"Chinook","AHT",2008,232
"59","BIU",78,19,0,0,0,0,0,10.1908793859649,0.57505558237374,0.330688922819201,1.84225,9.38146666666666,9.6668125,10.2535,10.754125,10.8417791666667,"2008-08-18",231,"2008-08-31",244,0,0,193.626708333333,0,19,"",0,0,0,0.532499999999999,9.22516666666667,10.1748974358974,11.0674166666667,9.51714423076923,10.8910032051282,9.91022619047619,10.7435595238095,1.37420833333333,"Chinook","AHT",2008,NA
"60","BVC",78,31,0,0,0,0,0,14.3769771505376,1.13857888176642,1.29636187000448,3.88858333333333,12.3674583333333,13.8583333333333,14.3897916666667,15.3431041666667,15.84275,"2008-08-01",214,"2008-08-31",244,11,0,445.686291666667,6.30670833333333,0,"",6,2,1,1.22679166666667,12.1999166666667,14.4381073809524,16.0885,13.29412,15.461475,13.3792738095238,15.4304404761905,1.9045,"Chinook","AHT",2008,NA
"61","CHA",78,13,0,0,0,0,0,11.7921826923077,1.21987201065441,1.48808772237803,4.7405,10.49305,10.7764166666667,11.6354583333333,12.3113333333333,13.712825,"2008-08-19",232,"2008-08-31",244,0,0,153.298375,0,8,"",0,0,0,0.915666666666667,10.116,11.8011241496599,14.8565,10.6564404761905,13.2226785714286,11.5576488095238,12.1921726190476,2.20595833333333,"Chinook","AHT",2008,NA
"62","MAR",78,78,0,0,0,0,0,11.4508974358974,1.2776301160234,1.63233871336996,5.17416666666667,8.67622916666667,10.7241666666667,11.65875,12.42375,12.8573333333333,"2008-07-26",208,"2008-06-18",170,0,0,893.17,0,44,"",0,0,0,1.32666666666667,7.96333333333333,11.5947685185185,13.1375,10.7638888888889,12.34625,8.58678571428571,12.7745833333333,1.54708333333333,"Chinook","AHT",2008,NA
"63","SFS",78,78,0,0,0,0,0,13.1743803418803,2.1599216520178,4.66526154285529,8.82416666666667,8.0705,12.8278125,13.735,14.5282291666667,15.623375,"2008-08-08",221,"2008-06-15",167,10,0,1027.60166666667,6.595,15,"",6,5,2,1.10125,7.40291666666667,13.399865244709,16.2270833333333,12.3777777777778,14.3292534722222,8.10851190476191,15.5008333333333,1.87020833333333,"Chinook","AHT",2008,NA
"64","STH",78,78,0,0,0,0,0,13.7442094017094,1.12190034863608,1.25866039226977,4.42125,11.55425,12.9661458333333,14.05875,14.6486458333333,15.0416458333333,"2008-07-20",202,"2008-06-15",167,6,0,1072.04833333333,0.726249999999999,8,"",2,1,0,1.36375,10.85625,13.8996246693122,15.2775,13.1330555555556,14.6260648148148,11.4535714285714,14.9083333333333,1.39708333333333,"Chinook","AHT",2008,NA
"65","SUL",78,28,0,0,0,0,0,11.2356653138528,1.03966223743698,1.08089756795248,4.47612878787879,9.73463333333333,10.6592083333333,11.0576875,11.91440625,12.6508270833333,"2008-08-04",217,"2008-08-27",240,0,0,314.598628787879,0,21,"",0,0,0,1.02525,9.49941666666667,11.2004120916962,13.9755454545455,10.2372632575758,12.1541725206612,10.2888095238095,12.2274588744589,1.97391666666667,"Chinook","AHT",2008,NA
"66","VAL",78,78,0,0,0,0,0,14.0012606837607,1.42811842493357,2.03952223563474,5.87708333333334,11.1557708333333,13.2211458333333,14.2577083333333,14.9963541666667,15.8950208333333,"2008-08-17",230,"2008-06-15",167,20,0,1092.09833333333,11.7925,9,"",6,3,3,1.47708333333333,10.3679166666667,14.1481183862434,16.245,13.1923958333333,14.9938541666667,11.0863095238095,15.5714285714286,1.71583333333333,"Chinook","AHT",2008,NA
"67","WFC",78,13,0,0,0,0,0,10.3091538461538,1.11104746810586,1.23442647638444,4.15320833333333,9.05259166666667,9.472875,10.1020416666667,10.7615416666667,12.115625,"2008-08-19",232,"2008-08-31",244,0,0,134.019,0,12,"",0,0,0,0.872791666666666,8.94054166666667,10.2937482993197,13.09375,9.19935119047619,11.6964285714286,10.0418214285714,10.7413988095238,2.33625,"Chinook","AHT",2008,NA
"68","BIL",78,78,0,0,0,0,0,13.5966218413229,2.38279739855782,5.6777234425739,8.64708333333334,8.94235416666667,12.1582291666667,13.7872916666667,15.6010416666667,16.5189791666667,"2009-08-22",234,"2009-06-22",173,30,0,1060.53650362319,27.5681702898551,19,"2009-07-24",20,4,3,1.85458333333333,8.33291666666667,13.7432550106395,16.98,12.4621122685185,14.9294618055556,8.91458333333333,16.2086904761905,2.43541666666667,"Chinook","AHT",2009,205
"69","BIU",78,78,0,0,0,0,0,9.25804754273504,1.72772854001901,2.98504590799623,6.84666666666667,5.57958958333333,8.37691666666667,9.8108125,10.6196354166667,11.1810145833333,"2009-08-05",217,"2009-06-22",173,0,0,722.127708333333,0,71,"",0,0,0,1.147625,5.05695833333333,9.37202414021164,11.903625,8.60338946759259,10.1403229166667,5.61571428571429,11.1010178571429,1.47714583333333,"Chinook","AHT",2009,NA
"70","BVC",78,78,0,0,0,0,0,13.6298157536908,2.17314265209011,4.72254898633322,9.25108333333333,9.24553958333333,12.5396145833333,13.60175,15.5291354166667,16.6780833333333,"2009-08-04",216,"2009-06-21",172,25,0,1063.12562878788,24.7223787878788,17,"2009-07-23",21,3,2,2.06004166666667,8.12245833333333,13.8070069143819,17.3735416666667,12.3893287037037,15.2084496527778,9.31,16.3294648268398,2.41814583333333,"Chinook","AHT",2009,204
"71","CAM",78,78,0,0,0,0,0,11.9804315753691,1.82376702299271,3.32612615415569,7.059375,8.43229166666667,11.0431770833333,12.2041041666667,13.412375,14.3847395833333,"2009-07-27",208,"2009-06-22",173,0,0,934.473662878788,0,36,"",0,0,0,1.392375,7.60795833333333,12.1000946067821,14.6673333333333,10.9473148148148,13.180556712963,8.21381547619048,14.1332261904762,2.09641666666667,"Chinook","AHT",2009,NA
"72","CHA",78,78,0,0,0,0,0,11.8657439845782,1.94585415177628,3.78634837998499,7.3895,8.13696875,10.9123020833333,12.0815208333333,13.3659791666667,14.4425833333333,"2009-07-26",207,"2009-06-22",173,0,0,925.528030797101,0,36,"",0,0,0,1.7905,7.35958333333333,12.0062522465206,14.7490833333333,10.7543285527375,13.2266059027778,8.05222619047619,14.348125,2.40691666666667,"Chinook","AHT",2009,NA
"73","CHC",78,78,0,0,0,0,0,9.31664015407108,1.59209583953279,2.53476916225762,6.59270833333333,6.33529166666667,8.3014375,9.37558333333333,10.6280520833333,11.5059668859649,"2009-08-04",216,"2009-06-21",172,0,0,726.697932017544,0,75,"",0,0,0,1.29829166666667,5.14716666666667,9.4408059341061,11.739875,8.29737847222222,10.5259226669103,6.20591666666667,11.22225,1.99004166666667,"Chinook","AHT",2009,NA
"74","HER",78,78,0,0,0,0,0,10.774398989899,1.53285903073664,2.34965680811087,5.656625,7.93808125,9.714125,10.9231458333333,12.0712395833333,12.795675,"2009-08-22",234,"2009-06-21",172,0,0,840.403121212121,0,56,"",0,0,0,1.53441666666667,7.3205,10.8745819579726,12.977125,9.89032118055555,11.6992543139731,7.94132142857143,12.5733928571429,1.74082954545455,"Chinook","AHT",2009,NA
"75","LAK",78,78,0,0,0,0,0,10.5239361761427,2.0397345823658,4.16051716649899,8.05275,6.36250416666667,9.4443125,10.8582708333333,12.1051458333333,13.1010854166667,"2009-07-24",205,"2009-06-22",173,0,0,820.867021739131,0,54,"",0,0,0,1.75120833333333,5.53495833333333,10.6634740122498,13.5877083333333,9.42391125704509,11.9086284722222,6.33116071428571,12.8262202380952,2.49539583333333,"Chinook","AHT",2009,NA
"76","LOO",78,78,0,0,0,0,0,10.3267128496503,1.83274040984712,3.35893740988659,6.85270833333333,6.73527708333333,9.30114583333333,10.5981041666667,11.8072850378788,12.6585833333333,"2009-08-22",234,"2009-06-22",173,0,0,805.483602272727,0,61,"",0,0,0,1.335625,6.18183333333333,10.4423984111953,13.0345416666667,9.45679571759259,11.3811379945286,6.67745833333333,12.4542202380952,1.830375,"Chinook","AHT",2009,NA
"77","MAR",78,78,0,0,0,0,0,11.1819463869464,1.7717446559338,3.13907912582998,7.64708333333333,7.994125,10.3478125,11.2720833333333,12.634375,13.7155,"2009-07-19",200,"2009-06-21",172,0,0,872.191818181818,0,52,"",0,0,0,1.62041666666667,6.6725,11.3384230699856,14.3195833333333,10.0877893518519,12.5122916666667,7.74005952380952,13.5168452380952,2.45291666666667,"Chinook","AHT",2009,NA
"78","SEC",78,78,0,0,0,0,0,11.9231737736901,2.4376836391728,5.94230152469075,9.50541666666667,7.1803125,10.4376041666667,12.1770833333333,13.8617708333333,14.9926458333333,"2009-08-04",216,"2009-06-22",173,4,0,930.007554347826,1.1175,38,"",3,2,1,1.92416666666667,6.25875,12.0793402058891,15.7641666666667,10.5856423611111,13.4842992652979,7.00869047619048,14.7145238095238,2.79713768115942,"Chinook","AHT",2009,NA
"79","STH",78,78,0,0,0,0,0,13.3036942586399,1.73739741913126,3.01854979200397,7.72875,10.0162083333333,12.4446875,13.51375,14.7214583333333,15.4349166666667,"2009-07-24",205,"2009-06-21",172,13,0,1037.68815217391,5.37898550724638,17,"2009-07-27",8,3,2,1.41916666666667,8.42,13.4843204005636,16.14875,12.2580150462963,14.5474859098229,9.72202380952381,15.4383333333333,2.31958333333333,"Chinook","AHT",2009,208
"80","SUL",78,78,0,0,0,0,0,10.7869348290598,1.51493462994851,2.29502693301721,6.59029166666667,7.84463125,10.0416354166667,10.9060208333333,11.95875,12.8930645833333,"2009-08-04",216,"2009-06-22",173,0,0,841.380916666667,0,59,"",0,0,0,1.70133333333333,6.891125,10.9091227678571,13.4814166666667,9.71160590277778,12.0094444444444,7.90856547619048,12.5669345238095,2.1270625,"Chinook","AHT",2009,NA
"81","VAL",78,78,0,0,0,0,0,13.9209801189149,2.26108160694244,5.11249003325339,9.50125,9.857375,12.66125,14.028125,15.7655208333333,17.0580027173913,"2009-08-04",216,"2009-06-21",172,28,0,1085.83644927536,34.860615942029,14,"2009-07-23",21,3,2,1.70125,8.20333333333333,14.0998663589832,17.7045833333333,12.5768865740741,15.4684981380837,9.39,16.7089880952381,2.5525,"Chinook","AHT",2009,204
"82","WFC",78,78,0,0,0,0,0,10.5880069444444,1.48700798533179,2.21119274844051,5.709875,7.8475875,9.89852083333333,10.7373541666667,11.7162916666667,12.6533208333333,"2009-07-26",207,"2009-06-22",173,0,0,825.864541666667,0,63,"",0,0,0,1.44791666666667,7.35645833333333,10.6858405257937,13.0663333333333,9.59767708333333,11.7624484953704,7.93405952380952,12.4829285714286,2.08647916666667,"Chinook","AHT",2009,NA
"83","BIU",78,78,0,0,0,0,0,8.83461217948718,1.65263236283826,2.73119372670038,6.61520833333333,5.34552916666667,7.95288541666667,9.476125,9.98423958333333,10.5685125,"2010-08-06",218,"2010-06-17",168,0,0,689.09975,0,70,"",0,0,0,1.09529166666667,4.30720833333333,9.0045646494709,10.9224166666667,8.39546585648148,9.58398668981481,5.13844047619048,10.4530357142857,1.11002083333333,"Chinook","AHT",2010,NA
"84","BVC",78,78,0,0,0,0,0,13.4835876068376,2.19218660131708,4.80568209499413,9.49941666666667,9.11083541666667,12.7065833333333,13.9878333333333,15.20603125,15.7464,"2010-07-25",206,"2010-06-17",168,25,0,1051.71983333333,11.5664583333333,16,"2010-07-29",17,3,2,2.07354166666667,6.56995833333333,13.7872296626984,16.069375,12.6291851851852,14.783203125,8.56924404761905,15.6527380952381,2.05475,"Chinook","AHT",2010,210
"85","CAM",78,78,0,0,0,0,0,11.5572844308469,1.91238903932457,3.65723183772874,8.208,7.64097291666667,10.3599270833333,12.0224166666667,13.0613541666667,13.7721854166667,"2010-07-30",211,"2010-06-17",168,0,0,901.468185606061,0,38,"",0,0,0,1.124625,5.84420833333333,11.7802545619889,14.0522083333333,10.8888443287037,12.6256377314815,7.31696428571429,13.6995654761905,1.763,"Chinook","AHT",2010,NA
"86","CHA",78,78,0,0,0,0,0,11.7154998141955,2.17527264022396,4.73181105930692,9.78670833333333,6.99980208333333,10.50328125,12.3928125,13.24696875,14.076525,"2010-08-06",218,"2010-06-17",168,2,0,913.808985507246,0.350041666666668,32,"",2,2,0,1.34516666666667,5.40941666666667,11.9871265348229,15.196125,10.8200121527778,13.032103587963,6.86636904761905,14.3263928571429,2.1888125,"Chinook","AHT",2010,NA
"87","CHC",78,78,0,0,0,0,0,9.22841127833519,1.58871849163659,2.52402644566803,7.48445833333333,6.26329375,8.54339583333333,9.751125,10.38953125,11.1128041666667,"2010-07-27",208,"2010-06-17",168,0,0,719.816079710145,0,74,"",0,0,0,1.57245833333333,4.09841666666667,9.43934634518059,11.582875,8.53195138888889,10.1663096064815,5.65617261904762,10.8772792443064,1.57245833333333,"Chinook","AHT",2010,NA
"88","HER",78,78,0,0,0,0,0,10.7201491778149,1.60965522293324,2.59098993671626,6.98233333333333,7.79653541666667,9.77291666666667,11.1927291666667,11.9334166666667,12.53338125,"2010-07-25",206,"2010-06-17",168,0,0,836.171635869565,0,61,"",0,0,0,1.39545833333333,6.00733333333333,10.9038464637969,12.9896666666667,10.0346602002818,11.6717471064815,7.192,12.4133392857143,1.437625,"Chinook","AHT",2010,NA
"89","LAK",78,78,0,0,0,0,0,10.4850491452991,2.29910931866441,5.28590365916953,10.2182083333333,5.92334166666667,8.968875,11.1022916666667,12.2198229166667,13.1848229166667,"2010-08-06",218,"2010-06-17",168,0,0,817.833833333333,0,50,"",0,0,0,1.70483333333333,4.09766666666667,10.7802123015873,14.315875,9.52697453703704,11.9300792824074,5.58442857142857,13.1319761904762,2.33120833333333,"Chinook","AHT",2010,NA
"90","LOO",78,78,0,0,0,0,0,9.90978616220736,1.79250301037808,3.21306704221448,7.31466666666667,6.53583541666667,8.73815625,10.4865625,11.3252083333333,11.95558125,"2010-08-17",229,"2010-06-17",168,0,0,772.963320652174,0,72,"",0,0,0,1.02558333333333,4.83120833333333,10.0956573966241,12.145875,9.37429969303543,10.7860978009259,6.04105357142857,11.7561547619048,1.40708333333333,"Chinook","AHT",2010,NA
"91","MAR",78,78,0,0,0,0,0,10.978344017094,1.77592016773399,3.15389244216432,8.61625,7.73183333333333,10.2415625,11.2204166666667,12.2986458333333,13.05075,"2010-07-27",208,"2010-06-17",168,0,0,856.310833333333,0,51,"",0,0,0,1.62666666666667,5.03333333333333,11.2223015873016,13.6495833333333,10.1747685185185,12.1058969907407,7.03321428571429,12.9199404761905,1.814375,"Chinook","AHT",2010,NA
"92","SFS",78,78,0,0,0,0,0,12.6190865384615,2.62218784815477,6.87586911101052,11.195,7.14139583333333,11.2901041666667,13.2791666666667,14.6682291666667,15.6885833333333,"2010-08-06",218,"2010-06-17",168,11,0,984.28875,6.0325,26,"",4,3,3,2.01875,5.23125,12.9429786706349,16.42625,11.6327546296296,14.1130960648148,6.79202380952381,15.407380952381,2.55208333333333,"Chinook","AHT",2010,NA
"93","STH",78,78,0,0,0,0,0,13.0975589929394,1.6426388267131,2.69826231502539,7.23416666666667,9.6915625,12.6235416666667,13.3558333333333,14.2147916666667,14.9536195652174,"2010-07-17",198,"2010-06-20",171,4,0,1021.60960144928,0.711250000000002,14,"",2,1,0,1.74,7.99625,13.3275250531976,15.2304166666667,12.4309953703704,14.1315340680354,9.24880952380952,14.7366071428571,1.4775,"Chinook","AHT",2010,NA
"94","SUL",78,78,0,0,0,0,0,10.4614348290598,1.68003246246237,2.82250907492739,7.87904166666667,6.96372291666667,9.6441875,10.9595625,11.5870104166667,12.34319375,"2010-07-27",208,"2010-06-17",168,0,0,815.991916666667,0,67,"",0,0,0,1.86791666666667,4.91620833333333,10.7035697751323,12.79525,9.7742037037037,11.5850752314815,6.53679761904762,12.2401607142857,1.72022916666667,"Chinook","AHT",2010,NA
"95","VAL",78,78,0,0,0,0,0,13.7790554162022,2.10639483405152,4.43689919691893,9.47965579710145,9.725125,12.624375,14.3695833333333,15.3176041666667,16.2435625,"2010-07-29",210,"2010-06-17",168,26,0,1074.76632246377,19.0959057971014,14,"2010-08-02",9,4,5,2.00916666666667,7.47208333333333,14.0499985262825,16.9517391304348,12.8802546296296,15.1441852858293,9.1360119047619,16.1283436853002,2.07632246376811,"Chinook","AHT",2010,214
"96","WFC",78,78,0,0,0,0,0,10.6449663461538,1.8614754801396,3.46509096316097,8.96995833333333,6.82323125,9.52336458333333,10.9760208333333,11.7977291666667,12.9736916666667,"2010-08-06",218,"2010-06-17",168,0,0,830.307375,0,60,"",0,0,0,1.26395833333333,5.246375,10.8845213293651,14.2163333333333,9.74915104166667,11.9767986111111,6.61144047619048,13.1153095238095,2.10525,"Chinook","AHT",2010,NA
"97","BIL",78,78,0,0,0,0,0,11.9119711538462,2.60668998415418,6.7948326734897,9.48875,7.27427083333333,9.87458333333333,12.5858333333333,14.0379166666667,15.1855416666667,"2011-08-29",241,"2011-06-16",167,7,0,929.13375,1.95416666666667,34,"",3,1,1,1.57583333333333,6.29916666666667,11.9997371031746,15.7879166666667,11.2560358796296,12.6789872685185,7.28791666666667,15.2122619047619,1.41979166666667,"Chinook","AHT",2011,NA
"98","BIU",78,78,0,0,0,0,0,8.18055950854701,1.97209128214658,3.88914402511855,7.02191666666667,4.72125833333333,6.53841666666667,8.9650625,9.74946875,10.3892229166667,"2011-08-01",213,"2011-06-16",167,0,1,638.083641666667,0,62,"",0,0,0,1.19170833333333,3.95425,8.25481297949735,10.9761666666667,7.71957951388889,8.78443981481482,4.70944642857143,10.3173630952381,1.04279166666667,"Chinook","AHT",2011,NA
"99","CAM",78,78,0,0,0,0,0,11.0007767094017,1.84681218458421,3.41071524512871,7.44408333333333,7.33314375,10.3011979166667,11.6891458333333,12.2305625,13.1266770833333,"2011-08-28",240,"2011-06-18",169,0,0,858.060583333333,0,48,"",0,0,0,1.17066666666667,6.12141666666667,11.1045517526455,13.5655,10.4255677083333,11.7417685185185,7.17633928571429,13.0416964285714,1.17516666666667,"Chinook","AHT",2011,NA
"100","CHA",78,78,0,0,0,0,0,11.2360699786325,2.49537126815638,6.22687776594037,9.85158333333333,5.662775,10.2687291666667,12.0976666666667,12.9481458333333,14.1626208333333,"2011-08-01",213,"2011-06-16",167,0,0,876.413458333333,0,33,"",0,0,0,1.82570833333333,4.754125,11.4014097222222,14.6057083333333,10.5163449074074,12.3249311342593,5.67022619047619,13.9144821428571,1.7915,"Chinook","AHT",2011,NA
"101","CHC",78,78,0,0,0,0,0,8.4344393812709,1.47857989978036,2.18619852003449,6.88316666666667,5.30094583333333,7.72715625,8.8523125,9.3453125,10.1643145833333,"2011-08-25",237,"2011-06-18",169,0,0,657.88627173913,0,73,"",0,0,0,1.30195833333333,4.04775,8.54107082111226,10.9309166666667,7.83831018518519,9.20092650462963,5.22328571428571,10.1561785714286,1.35458333333333,"Chinook","AHT",2011,NA
"102","HER",78,78,0,0,0,0,0,10.6300698392791,1.45583837176162,2.11946536469352,6.11770833333333,7.95066666666667,9.78889583333333,11.0833125,11.7039375,12.1604270833333,"2011-08-25",237,"2011-06-18",169,0,0,829.145447463768,0,69,"",0,0,0,1.61354166666667,6.36841666666667,10.7409086618645,12.486125,10.0250976499597,11.3981163194444,7.67047619047619,11.9531726190476,1.31089583333333,"Chinook","AHT",2011,NA
"103","LAK",78,78,0,0,0,0,0,9.17283080808081,2.3170220715722,5.36859128015272,9.21395833333333,4.21755208333333,7.87971875,9.943875,10.7776875,12.0448541666667,"2011-08-25",237,"2011-06-16",167,0,4,715.480803030303,0,63,"",0,0,0,1.55566666666667,3.40629166666667,9.30278570677008,12.62025,8.47455050505051,10.149181712963,4.23970238095238,11.972755952381,1.58125,"Chinook","AHT",2011,NA
"104","MAR",78,78,0,0,0,0,0,10.3517112870789,1.51635561241086,2.29933434328991,7.75833333333333,7.1928125,9.74197916666667,10.8314583333333,11.3038541666667,11.9424375,"2011-08-25",237,"2011-06-18",169,0,0,807.433480392157,0,73,"",0,0,0,1.81541666666667,5.12416666666667,10.4813016456583,12.8825,9.62847290305011,11.3029571759259,6.9039880952381,11.8089880952381,1.65270833333333,"Chinook","AHT",2011,NA
"105","SEC",78,78,0,0,0,0,0,10.1946314102564,2.7330879820896,7.46976991784257,10.4295833333333,4.99814583333333,8.10229166666667,11.035,12.2479166666667,13.8348333333333,"2011-08-25",237,"2011-06-16",167,0,0,795.18125,0,47,"",0,0,0,1.82875,4.09041666666667,10.307123015873,14.52,9.36984375,11.2446759259259,5.00386904761905,13.7269642857143,1.81708333333333,"Chinook","AHT",2011,NA
"106","SFS",78,78,0,0,0,0,0,11.1996323060997,3.01228408814451,9.07385542768857,11.2695833333333,5.63145108695652,9.0990625,12.2545833333333,13.3338541666667,14.7901458333333,"2011-08-01",213,"2011-06-18",169,3,0,873.571319875776,1.35833333333333,28,"",1,1,0,2.46730072463768,4.43375,11.3263921957672,15.7033333333333,10.2977131139291,12.3730742825512,5.45447722567288,14.6593452380952,2.01875,"Chinook","AHT",2011,NA
"107","STH",78,78,0,0,0,0,0,12.9029864253394,1.4341236092939,2.05671052673418,6.45083333333333,9.8450625,12.4064583333333,13.355,13.7567708333333,14.5171666666667,"2011-08-01",213,"2011-06-16",167,0,0,1006.43294117647,0,15,"",0,0,0,1.23208333333333,8.49416666666667,13.0458593020542,14.945,12.3361631944444,13.8069965277778,9.57071428571428,14.2255987394958,1.38625,"Chinook","AHT",2011,NA
"108","SUL",78,78,0,0,0,0,0,9.39731478937729,2.01690768925178,4.06791662696294,8.28266666666667,4.95955625,8.69676041666667,10.0978541666667,10.6978541666667,11.5829166666667,"2011-08-01",213,"2011-06-19",170,0,0,732.990553571429,0,69,"",0,0,0,1.04775,4.56391666666667,9.53425611772487,12.8465833333333,8.92472337962963,10.220402364418,4.95630952380952,11.4233112244898,1.197,"Chinook","AHT",2011,NA
"109","VAL",78,78,0,0,0,0,0,12.7805235042735,1.6491951068696,2.71984450052263,8.38208333333333,9.67891666666667,11.8120833333333,13.118125,13.88625,14.6286875,"2011-08-25",237,"2011-06-18",169,3,0,996.880833333333,1.92708333333333,21,"",2,1,0,1.68291666666667,7.73,12.8929406415344,16.1120833333333,12.0534259259259,13.7939293981481,9.27446428571429,14.776369047619,1.72708333333333,"Chinook","AHT",2011,NA
"110","WFC",78,78,0,0,0,0,0,10.2167222222222,1.8454816940723,3.40580268315596,8.11908333333333,5.6263375,9.78667708333333,10.7732083333333,11.2661458333333,12.4314708333333,"2011-08-25",237,"2011-06-16",167,0,0,796.904333333333,0,68,"",0,0,0,1.91804166666667,4.649625,10.3571811342593,12.7687083333333,9.51038136574074,11.1822835648148,5.73276785714286,12.2133392857143,1.53497916666667,"Chinook","AHT",2011,NA
"111","BIL",78,76,0,0,0,0,0,13.5750936234818,2.09465593421987,4.38758348276252,8.93625,9.475,12.5615625,14.3954166666667,15.1791666666667,15.7003125,"2012-07-31",213,"2012-06-19",171,23,0,1031.70711538462,10.2608333333333,16,"2012-08-03",7,3,4,1.51791666666667,7.15625,13.7625170722135,16.0925,12.8141607142857,14.5393035714286,9.11577380952381,15.5919642857143,1.43166666666667,"Chinook","AHT",2012,216
"112","BIU",78,78,0,0,0,0,0,9.31228151709402,1.88889283790844,3.56791615310182,7.174625,5.81127708333333,7.9526875,10.066625,10.884,11.1142916666667,"2012-08-06",219,"2012-06-19",171,0,0,726.357958333333,0,71,"",0,0,0,1.29741666666667,4.209625,9.45590525793651,11.38425,8.81658217592593,9.962734375,5.52433333333333,11.0100654761905,0.977208333333333,"Chinook","AHT",2012,NA
"113","CAM",78,78,0,0,0,0,0,12.9168547008547,1.48430034660369,2.20314751892783,7.35258333333333,10.0641479166667,12.1222916666667,13.3844791666667,13.89134375,14.6700291666667,"2012-07-23",205,"2012-06-19",171,1,0,1007.51466666667,0.367291666666667,17,"",1,1,0,1.50008333333333,8.01470833333333,13.0925534060847,15.3672916666667,12.0433159722222,14.0438686342593,9.78724404761905,14.5595535714286,1.97158333333333,"Chinook","AHT",2012,NA
"114","CHA",78,78,0,0,0,0,0,13.1119870337995,2.07078077097267,4.28813300143015,9.57358333333333,8.95981458333333,11.9796458333333,13.8574791666667,14.6375520833333,15.4352666666667,"2012-07-28",210,"2012-06-19",171,10,0,1022.73498863636,3.6809053030303,20,"",6,1,1,2.061875,6.33204166666667,13.3582439724627,15.905625,12.1579097222222,14.3691354692761,8.61491666666667,15.3938928571429,1.95552083333333,"Chinook","AHT",2012,NA
"115","CHC",78,78,0,0,0,0,0,9.48385876532887,1.46102160957143,2.13458414363469,7.66841666666667,6.86988958333333,8.59317708333333,9.78288768115942,10.57771875,11.2599229166667,"2012-08-06",219,"2012-06-19",171,0,0,739.740983695652,0,76,"",0,0,0,1.58379166666667,4.60558333333333,9.6272656465666,12.274,8.59845858494364,10.4246278935185,6.45791071428571,11.1099404761905,1.69064583333333,"Chinook","AHT",2012,NA
"116","HER",78,78,0,0,0,0,0,12.0746890096618,1.14519875242689,1.31148018256011,6.75058333333333,10.0423854166667,11.4835208333333,12.2233125,12.71790625,13.6835989130435,"2012-08-06",219,"2012-06-19",171,0,0,941.825742753623,0,31,"",0,0,0,2.40058333333333,8.00495833333333,12.1621570587474,14.7555416666667,11.1732135416667,13.0133893669485,9.66745238095238,13.4559751552795,1.47864583333333,"Chinook","AHT",2012,NA
"117","LAK",78,78,0,0,0,0,0,11.1697302350427,2.20144689760826,4.84636844298901,9.14829166666667,6.87053333333333,9.8699375,11.812625,12.8100625,13.4277458333333,"2012-08-09",222,"2012-06-19",171,0,0,871.238958333333,0,38,"",0,0,0,2.03370833333333,4.47829166666667,11.3894728009259,13.6265833333333,10.2491759259259,12.2495636574074,6.45256547619048,13.2783571428571,1.79910416666667,"Chinook","AHT",2012,NA
"118","MAR",78,78,0,0,0,0,0,10.9204754273504,1.55210044911153,2.40901580413221,8.33916666666667,8.3263125,10.165625,11.095,12.0638541666667,12.9203125,"2012-08-06",219,"2012-06-19",171,0,0,851.797083333333,0,56,"",0,0,0,1.75333333333333,5.58458333333333,11.0940319113757,13.92375,9.92177083333333,12.0612731481481,7.80976190476191,12.7380357142857,1.93791666666667,"Chinook","AHT",2012,NA
"119","SEC",78,78,0,0,0,0,0,12.8039316239316,2.72153973496515,7.40677852899415,11.1383333333333,7.50489583333333,11.175625,13.739375,15.0191666666667,15.7924166666667,"2012-07-28",210,"2012-06-19",171,20,0,998.706666666667,9.25083333333333,24,"",6,2,3,2.08291666666667,5.04166666666667,13.0537541335979,16.18,11.7937094907407,14.0517071759259,7.24476190476191,15.6292261904762,2.12125,"Chinook","AHT",2012,NA
"120","SFS",78,78,0,0,0,0,0,13.4279487179487,2.65559219023058,7.05216988081363,11.27125,7.88879166666667,12.1142708333333,14.5860416666667,15.3451041666667,16.2971458333333,"2012-08-06",219,"2012-06-19",171,25,0,1047.38,19.5258333333333,18,"2012-08-02",7,4,4,2.30916666666667,5.45041666666667,13.6909490740741,16.7216666666667,12.3802083333333,14.8307696759259,7.55970238095238,16.020119047619,2.36208333333333,"Chinook","AHT",2012,215
"121","STH",78,78,0,0,0,0,0,13.6394444444444,1.21201689373435,1.46898495069745,5.67166666666667,11.5097708333333,12.8746875,13.81375,14.4588541666667,15.1684583333333,"2012-08-06",219,"2012-06-19",171,8,0,1063.87666666667,2.8475,10,"",4,1,1,1.57041666666667,10.2591666666667,13.7861755952381,15.9308333333333,12.8890856481481,14.5780324074074,11.287380952381,15.1175,1.59166666666667,"Chinook","AHT",2012,NA
"122","VAL",78,78,0,0,0,0,0,13.6999412393162,1.74896538644979,3.05887992299945,9.03208333333333,10.6338333333333,12.4760416666667,13.9672916666667,15.0590625,16.1173333333333,"2012-08-06",219,"2012-06-19",171,20,0,1068.59541666667,13.8975,13,"2012-08-01",7,3,3,1.69875,8.47375,13.8835160383598,17.5058333333333,12.7434606481481,14.8862789351852,10.3185119047619,15.8597023809524,2.01666666666667,"Chinook","AHT",2012,214
"123","WFC",78,78,0,0,0,0,0,11.6997419871795,1.70749630915878,2.91554364579084,7.992625,8.4177375,10.8866041666667,12.2038125,12.90259375,13.6961979166667,"2012-07-28",210,"2012-06-19",171,0,0,912.579875,0,37,"",0,0,0,1.7895,6.22741666666667,11.9002771164021,14.2200416666667,10.7943113425926,12.828302662037,7.99075,13.6537976190476,1.92825,"Chinook","AHT",2012,NA
"124","BIU",78,78,0,0,0,0,0,10.1577264957265,1.46756361838507,2.15374297400747,5.905,6.66987291666667,10.0491875,10.69125,10.9731666666667,11.5528145833333,"2013-07-20",201,"2013-06-21",172,0,0,792.302666666667,0,77,"",0,0,0,1.31975,5.76720833333333,10.2534203042328,11.6722083333333,9.54648611111111,10.8903119212963,6.69054166666667,11.4739761904762,1.01254166666667,"Chinook","AHT",2013,NA
"125","BVC",78,78,0,0,0,0,0,14.8564686687105,2.04191786761327,4.16942857807834,9.6975,10.4177604166667,14.1409895833333,15.3232083333333,16.0401979166667,17.3142125,"2013-07-02",183,"2013-06-21",172,44,0,1158.80455615942,51.4022916666667,9,"2013-07-04",16,3,4,2.48620833333333,8.86579166666667,14.9837316827697,18.5632916666667,13.7543919836957,16.1477436342593,10.0419285714286,17.3523869047619,1.86083333333333,"Chinook","AHT",2013,185
"126","CAM",78,78,0,0,0,0,0,13.3433242521368,1.65538108538877,2.74028653786289,6.9365,9.583075,12.9074270833333,13.8357291666667,14.2818854166667,15.4007041666667,"2013-07-02",183,"2013-06-22",173,8,0,1040.77929166667,3.17770833333334,12,"",4,4,2,1.83704166666667,8.70133333333333,13.4581336805556,15.6378333333333,12.4761498842593,14.3937708333333,9.51239880952381,15.0252380952381,1.75122916666667,"Chinook","AHT",2013,NA
"127","CHA",78,78,0,0,0,0,0,13.480330615942,2.00924791226472,4.03707717294014,8.4445,8.60779583333333,12.85425,14.0601875,14.8612291666667,15.71095,"2013-07-02",183,"2013-06-21",172,14,0,1051.46578804348,8.01841666666667,12,"2013-07-23",8,5,2,2.10954166666667,7.78770833333333,13.6431805879055,16.2322083333333,12.5233726851852,14.6746880283816,8.88830357142857,15.52625,1.7571875,"Chinook","AHT",2013,204
"128","CHC",78,78,0,0,0,0,0,10.6154640700483,1.43536354550699,2.0602685077704,6.90904166666667,7.53695416666667,10.15715625,10.9961666666667,11.4715729166667,12.2911875,"2013-07-03",184,"2013-06-21",172,0,0,828.006197463768,0,70,"",0,0,0,1.81804166666667,5.99283333333333,10.7175918629227,12.901875,9.78025520833333,11.548884837963,7.27045238095238,11.9919821428571,1.43975,"Chinook","AHT",2013,NA
"129","HER",78,78,0,0,0,0,0,12.5541351495727,1.41428509593191,2.00020233257512,6.532375,9.37076666666667,12.3621875,13.0711458333333,13.3942395833333,13.8334020833333,"2013-07-17",198,"2013-06-21",172,0,0,979.222541666667,0,17,"",0,0,0,2.35995833333333,7.82125,12.6532248677249,14.353625,11.7448825231481,13.4922141203704,9.17172619047619,13.793755952381,1.40133333333333,"Chinook","AHT",2013,NA
"130","LAK",78,78,0,0,0,0,0,11.5686677350427,2.03513378810526,4.14176953548766,8.2285,6.45924583333333,11.5448333333333,12.3066875,12.7039895833333,13.3780020833333,"2013-07-03",184,"2013-06-21",172,0,0,902.356083333333,0,27,"",0,0,0,1.70954166666667,5.57454166666667,11.7035564649471,13.8030416666667,10.7467957175926,12.6126070601852,6.65316666666667,13.046755952381,1.47858333333333,"Chinook","AHT",2013,NA
"131","LOO",78,78,0,0,0,0,0,11.7268125,1.56458110850238,2.44791404508252,6.42116666666667,7.97722083333333,11.5638333333333,12.2023958333333,12.6257916666667,13.2644770833333,"2013-07-20",201,"2013-06-21",172,0,0,914.691375,0,29,"",0,0,0,1.401,7.02345833333333,11.8314419642857,13.444625,11.0050324074074,12.539646412037,8.10004166666667,13.1379404761905,1.3513125,"Chinook","AHT",2013,NA
"132","MAR",78,78,0,0,0,0,0,12.1572889028242,1.49536564230927,2.23611840419902,7.41191666666667,9.28651041666667,11.4332708333333,12.2779166666667,13.0729270833333,14.33986875,"2013-07-02",183,"2013-06-21",172,3,0,948.26853442029,0.728,33,"",3,3,1,2.18808333333333,8.00979166666667,12.2612957822924,15.4217083333333,11.2268622685185,13.1882824074074,9.14911309523809,14.3917857142857,1.48870833333333,"Chinook","AHT",2013,NA
"133","SEC",78,78,0,0,0,0,0,12.8099476495726,2.43710948425222,5.93950263823214,8.842375,7.07975208333333,12.8409270833333,13.670375,14.3180625,14.9240354166667,"2013-08-18",230,"2013-06-21",172,3,0,999.175916666667,0.426083333333335,15,"",2,1,0,1.76008333333333,6.36483333333333,12.9600671296296,15.2072083333333,11.9391707175926,13.853115162037,7.21195833333333,14.9245416666667,1.76008333333333,"Chinook","AHT",2013,NA
"134","SFS",78,78,0,0,0,0,0,14.5200833333333,2.20231258328857,4.85018071451118,10.7687083333333,9.40850208333333,14.32471875,15.1701041666667,15.6889583333333,16.6734104166667,"2013-07-03",184,"2013-06-21",172,46,0,1132.5665,36.4477916666667,11,"2013-07-05",16,4,5,2.27595833333333,7.32729166666667,14.6591056547619,18.096,13.4496574074074,15.8332974537037,9.20898214285714,16.5863928571429,1.780625,"Chinook","AHT",2013,186
"135","VAL",78,78,0,0,0,0,0,15.184284466741,1.6998923137434,2.8896338783239,8.31354166666667,11.7397916666667,14.433625,15.700625,16.2188229166667,17.3183666666667,"2013-07-17",198,"2013-06-21",172,49,0,1184.3741884058,60.6304384057971,7,"2013-07-04",17,8,4,2.50058333333333,10.519625,15.2927863469059,18.8331666666667,14.0527673611111,16.4135949074074,11.5703154761905,17.1176845238095,2.21097916666667,"Chinook","AHT",2013,185
"136","WFC",78,78,0,0,0,0,0,12.2100913461538,1.77196760840159,3.13986920522446,7.552875,8.38994166666667,11.7096354166667,12.6941458333333,13.3360625,14.2659083333333,"2013-07-02",183,"2013-06-21",172,0,0,952.387125,0,23,"",0,0,0,1.76791666666667,7.208875,12.3448520998677,14.76175,11.3006782407407,13.2904560185185,8.22514285714286,14.0329285714286,1.62166666666667,"Chinook","AHT",2013,NA
"137","BIU",78,78,0,0,0,0,0,9.6848320327016,1.82960153459338,3.34744177538643,7.05229166666667,6.17438541666667,8.95263541666667,10.4236458333333,10.93921875,11.6042729166667,"2014-07-14",195,"2014-06-17",168,0,0,755.416898550725,0,74,"",0,0,0,1.23166666666667,4.86466666666667,9.84445485751668,11.9169583333333,9.17246354166667,10.5116921296296,5.81497023809524,11.4402202380952,1.131875,"Chinook","AHT",2014,NA
"138","BVC",78,78,0,0,0,0,0,14.0550838675214,2.37085394038372,5.62094840663301,10.1712916666667,9.14845,12.6250625,14.7998125,15.6788333333333,16.6178083333333,"2014-07-14",195,"2014-06-16",167,37,0,1096.29654166667,31.9208333333333,15,"2014-07-17",14,6,4,2.01666666666667,7.62545833333333,14.3128460648148,17.79675,13.0697806712963,15.5187280092593,9.08779761904762,16.7916369047619,2.066625,"Chinook","AHT",2014,198
"139","CAM",78,78,9,0.115384615384615,9,0.115384615384615,0.230769230769231,12.8474167215635,2.26155532419171,5.11463248437985,11.4578787878788,8.140275,11.03375,13.6794583333333,14.2941666666667,15.1995083333333,"2014-08-07",219,"2014-06-17",168,8,0,886.471753787879,5.47683712121212,22,"",5,2,1,1.641375,6.87766666666667,13.2033650204164,18.3355454545455,NA,NA,8.34925,18.3355454545455,1.99091666666667,"Chinook","AHT",2014,NA
"140","CHA",78,78,0,0,0,0,0,12.6821010544407,2.19895955135399,4.83542310849095,9.95791666666667,8.3905125,11.0275833333333,13.3949166666667,14.23528125,14.9411958333333,"2014-07-14",195,"2014-06-17",168,4,0,989.203882246377,1.91429166666667,22,"",3,2,1,1.65208333333333,6.09658333333333,12.9323308711468,16.0545,11.8198912037037,13.9418797302738,7.85869047619048,15.0758928571429,1.79345833333333,"Chinook","AHT",2014,NA
"141","CHC",78,78,0,0,0,0,0,9.8568766025641,1.71131010291181,2.92858226832803,7.34695833333333,6.61759375,8.95913541666667,10.3309375,11.0664375,11.67414375,"2014-07-14",195,"2014-06-15",166,0,0,768.836375,0,72,"",0,0,0,1.583125,4.99,10.0379066633598,12.3369583333333,9.04756481481481,10.9160769675926,6.21407142857143,11.563630952381,1.72625,"Chinook","AHT",2014,NA
"142","HER",78,78,0,0,0,0,0,12.4336832264957,1.69126539265644,2.86037862839736,7.89083333333333,9.10271666666667,11.3758020833333,12.9941666666667,13.6446875,14.20394375,"2014-07-16",197,"2014-06-16",167,0,0,969.827291666667,0,23,"",0,0,0,1.873125,6.80895833333333,12.6186001157407,14.6997916666667,11.6783813657407,13.4185752314815,8.69019642857143,14.109130952381,1.33183333333333,"Chinook","AHT",2014,NA
"143","LAK",78,78,0,0,0,0,0,11.3820582264957,2.35507142902328,5.54636143580176,10.1937916666667,6.6029,9.66322916666667,12.2888541666667,13.0806354166667,13.77318125,"2014-07-14",195,"2014-06-17",168,0,0,887.800541666667,0,30,"",0,0,0,1.559375,4.49479166666667,11.6593575562169,14.6885833333333,10.560072337963,12.7535607638889,6.22880952380952,13.6135476190476,2.06216666666667,"Chinook","AHT",2014,NA
"144","LOO",78,78,0,0,0,0,0,11.0646554487179,1.91347656379311,3.66139256018547,7.635375,7.200075,9.87414583333333,11.8615833333333,12.389625,13.0500520833333,"2014-08-11",223,"2014-06-17",168,0,0,863.043125,0,42,"",0,0,0,1.4375,5.66945833333333,11.2459454365079,13.3048333333333,10.3972581018519,12.0247274305556,6.84814285714286,12.7972083333333,1.34408333333333,"Chinook","AHT",2014,NA
"145","MAR",78,78,0,0,0,0,0,11.7413648504274,1.89233009015398,3.58091317010218,8.43820833333333,8.18779791666667,10.6188125,12.2318541666667,13.161375,13.88615,"2014-07-14",195,"2014-06-15",166,0,0,915.826458333333,0,34,"",0,0,0,1.57858333333333,6.49541666666667,11.9518365575397,14.933625,10.877265625,12.9900306712963,7.88894047619048,13.9387321428571,1.947,"Chinook","AHT",2014,NA
"146","SEC",78,78,0,0,0,0,0,12.6640096153846,2.75153422814847,7.57094060867258,10.915625,7.03104166666667,10.59025,13.7269791666667,14.6923333333333,15.5087291666667,"2014-07-14",195,"2014-06-17",168,12,0,987.79275,5.126375,21,"",4,2,1,1.310125,5.19741666666667,12.9487101521164,16.1130416666667,11.7609646990741,14.1127291666667,6.74625,15.1610357142857,2.03895833333334,"Chinook","AHT",2014,NA
"147","SFS",78,78,0,0,0,0,0,13.6870598290598,2.7136360800111,7.36382077473799,11.4044166666667,7.85234166666667,11.80003125,14.3883541666667,15.76121875,16.7328,"2014-07-14",195,"2014-06-17",168,30,0,1067.59066666667,30.15775,20,"2014-07-17",14,3,3,1.983375,6.05795833333333,13.9767053571429,17.462375,12.5959212962963,15.3357337962963,7.71926785714286,16.3666666666667,2.52775,"Chinook","AHT",2014,198
"148","STH",78,78,0,0,0,0,0,13.7131997863248,1.79159495633648,3.2098124875703,8.59604166666667,10.5481895833333,12.8196041666667,13.8805833333333,14.92096875,16.1187666666667,"2014-07-14",195,"2014-06-17",168,17,0,1069.62958333333,14.4360833333333,10,"2014-07-16",11,2,2,1.54358333333333,8.33933333333333,13.9197181712963,16.935375,12.9114803240741,14.8471643518519,10.1691845238095,16.3108035714286,1.74970833333333,"Chinook","AHT",2014,197
"149","VAL",78,78,0,0,0,0,0,13.8902462606838,2.21952203275738,4.92627805389547,9.61729166666667,9.77810208333333,12.6768333333333,14.7393333333333,15.3036041666667,16.56633125,"2014-08-02",214,"2014-06-17",168,31,0,1083.43920833333,21.2365416666667,19,"2014-07-17",10,3,5,1.87958333333333,7.59175,14.1032770337302,17.2090416666667,12.8406695601852,15.3393206018519,9.41333333333333,15.9909047619048,2.275,"Chinook","AHT",2014,198
"150","WFC",78,78,0,0,0,0,0,11.5685973748474,1.91608618899597,3.67138628366111,8.52795833333333,7.80794375,10.4272916666667,12.1946041666667,12.9566770833333,13.71195625,"2014-07-14",195,"2014-06-17",168,0,0,902.350595238095,0,35,"",0,0,0,1.32370833333333,6.14883333333333,11.8009019510582,14.6767916666667,10.8112366898148,12.7510678736772,7.49983928571429,13.7579404761905,1.61591666666667,"Chinook","AHT",2014,NA
"151","BIU",78,78,0,0,0,0,0,10.8929652777778,0.86842075631721,0.754154610002555,4.36145833333333,9.5505125,10.280625,10.8922916666667,11.5252708333333,12.3860375,"2015-06-30",181,"2015-06-15",166,0,0,849.651291666667,0,70,"",0,0,0,0.905791666666667,8.58770833333333,10.9714136078042,12.9491666666667,10.1412094907407,11.7072418981481,9.50264880952381,12.4358869047619,1.5473125,"Chinook","AHT",2015,NA
"152","BVC",78,78,0,0,0,0,0,15.3273034188034,1.5175236944707,2.30287816328001,6.042375,13.3511770833333,14.2938854166667,15.0112708333333,16.0431770833333,18.5192625,"2015-06-30",181,"2015-07-28",209,40,0,1195.52966666667,58.9779166666667,0,"2015-06-29",15,5,5,2.06933333333333,13.0890833333333,15.4399957010582,19.1314583333333,14.1223773148148,16.6631059027778,13.9507023809524,18.6547261904762,2.64995833333333,"Chinook","AHT",2015,180
"153","CAM",78,78,0,0,0,0,0,14.9224695512821,1.74867912622448,3.05787868649319,7.404125,12.5139395833333,13.7244583333333,14.771375,15.9186875,18.5192625,"2015-06-30",181,"2015-08-23",235,35,0,1163.952625,50.5572083333333,2,"2015-06-29",15,3,4,2.06933333333333,11.7273333333333,15.0230260416667,19.1314583333333,13.7059380787037,16.162666087963,12.3939345238095,18.6547261904762,2.62802083333333,"Chinook","AHT",2015,180
"154","CHA",78,78,0,0,0,0,0,14.0126940263842,1.64610790290686,2.70967122801244,7.23545833333333,11.4709333333333,12.8540208333333,13.6326041666667,15.1908333333333,17.0428270833333,"2015-06-30",181,"2015-08-22",234,21,0,1092.99013405797,24.489625,8,"2015-07-02",11,4,3,1.825875,11.0124166666667,14.1311261178686,18.247875,12.7703148148148,15.478203125,11.9997929606625,17.2964166666667,2.581875,"Chinook","AHT",2015,183
"155","CHC",78,78,0,0,0,0,0,11.0128888888889,1.09149262881626,1.19135615876022,5.276875,9.5488375,10.2735104166667,10.7222916666667,11.6346770833333,13.0923895833333,"2015-06-30",181,"2015-07-18",199,0,0,859.005333333333,0,61,"",0,0,0,1.84704166666667,8.53866666666667,11.080796875,13.8155416666667,9.93178472222222,12.1196064814815,9.81914880952381,13.1401904761905,2.19916666666667,"Chinook","AHT",2015,NA
"156","HER",78,78,0,0,0,0,0,12.880981221236,1.11570917813804,1.24480697018145,6.25866666666667,10.9356916666667,12.2598541666667,12.8953958333333,13.59915625,14.5081583333333,"2015-08-14",226,"2015-06-15",166,1,0,1004.71653525641,0.946291666666667,13,"",1,1,0,1.87629166666667,9.687625,12.9676273911274,15.9462916666667,12.0129330929487,13.9800740740741,10.7563273809524,14.1931130952381,1.8359375,"Chinook","AHT",2015,NA
"157","LAK",78,78,0,0,0,0,0,12.9890389957265,1.46971307207219,2.16005651421987,6.10229166666667,10.8773541666667,11.872125,12.7073541666667,13.9535104166667,15.5684729166667,"2015-06-30",181,"2015-06-15",166,9,0,1013.14504166667,5.83070833333333,24,"2015-07-04",7,1,1,2.03070833333333,10.452,13.0984363425926,16.5542916666667,11.8361394675926,14.4529924768519,11.3964821428571,15.7436488095238,2.7885,"Chinook","AHT",2015,185
"158","LOO",78,78,0,0,0,0,0,12.1788880259698,1.15353866306968,1.33065144719659,5.278875,10.1652708333333,11.4695,12.159875,13.1090833333333,13.9256458333333,"2015-06-30",181,"2015-06-15",166,0,0,949.953266025641,0,31,"",0,0,0,1.33616666666667,9.0045,12.2653274381868,14.283375,11.2225189191595,13.2460902777778,9.984875,13.8396130952381,2.12547916666667,"Chinook","AHT",2015,NA
"159","MAR",78,78,0,0,0,0,0,12.3822401282051,1.27875231966302,1.63520749504356,5.63554166666667,10.8170666666667,11.4097604166667,12.1473541666667,13.02987,14.97713125,"2015-06-30",181,"2015-07-18",199,4,0,965.81473,1.73479166666667,36,"",4,4,1,1.774,10.4081666666667,12.4592197123016,16.0437083333333,11.281259837963,13.5333996064815,11.2025654761905,15.1712678571429,2.32552083333333,"Chinook","AHT",2015,NA
"160","SEC",78,78,0,0,0,0,0,14.5583247863248,1.66318814627232,2.76619480990075,7.24054166666667,12.24858125,13.4055729166667,14.2246041666667,15.8470625,17.4191770833333,"2015-06-30",181,"2015-06-15",166,28,0,1135.54933333333,40.1871666666667,1,"2015-07-02",12,5,4,2.18770833333333,11.181625,14.7067599206349,18.4221666666667,13.3241793981481,16.1090625,12.3592142857143,17.614505952381,2.842875,"Chinook","AHT",2015,183
"161","SFS",78,78,0,0,0,0,0,15.3271127136752,1.54915975692504,2.39989595247605,7.185875,13.3572895833333,14.1498229166667,15.0489791666667,16.39825,18.2634645833333,"2015-06-30",181,"2015-06-15",166,40,0,1195.51479166667,61.6498333333333,0,"2015-07-01",13,3,5,1.70058333333333,12.307,15.4525732473545,19.492875,14.0832349537037,16.8275271990741,13.4677321428571,18.4660892857143,2.91525,"Chinook","AHT",2015,182
"162","STH",78,78,0,0,0,0,0,14.2798098290598,1.09803067088004,1.20567135419326,4.84458333333333,12.96239375,13.4491458333333,14.0428333333333,14.7609375,16.47401875,"2015-06-30",181,"2015-08-31",243,19,0,1113.82516666667,16.5852083333333,0,"2015-07-01",10,3,3,1.23379166666667,12.7364166666667,14.3372126322751,17.581,13.4137233796296,15.2983472222222,13.2737976190476,16.7432261904762,1.93983333333333,"Chinook","AHT",2015,182
"163","SUL",78,78,0,0,0,0,0,12.3290138888889,1.17920370524231,1.39052137845719,5.11420833333333,10.7397125,11.411125,12.064375,13.0811979166667,14.7227166666667,"2015-06-30",181,"2015-06-15",166,3,0,961.663083333333,0.996041666666667,38,"",3,3,1,1.54391666666667,10.5910833333333,12.4057225529101,15.7052916666667,11.3521174768519,13.4124994212963,11.1341130952381,14.9150297619048,2.04320833333333,"Chinook","AHT",2015,NA
"164","VAL",78,78,0,0,0,0,0,15.5074448717949,1.35963177702787,1.84859856910395,5.54979166666667,13.8068354166667,14.6015520833333,15.065625,16.2677958333333,18.1649916666667,"2015-06-30",181,"2015-06-15",166,40,0,1209.5807,61.9981583333333,0,"2015-07-01",11,1,4,1.69775,13.4605833333333,15.6109393683862,19.010375,14.3900462962963,16.8416318287037,14.1117857142857,18.2083511904762,2.488,"Chinook","AHT",2015,182
"165","WFC",78,78,0,0,0,0,0,12.5125213675214,1.4469597513543,2.0936925220393,6.58491666666667,10.3529875,11.60359375,12.2400833333333,13.4751145833333,15.1044833333333,"2015-06-30",181,"2015-07-28",209,5,0,975.976666666667,2.44304166666667,32,"",5,5,1,1.87591666666667,9.57625,12.6015122354497,16.1611666666667,11.3514739583333,13.8810248842593,10.7844345238095,15.3203928571429,2.25758333333333,"Chinook","AHT",2015,NA
"166","BIU",78,78,0,0,0,0,0,9.95844444444444,1.28140777719046,1.6420058914442,6.14491666666667,7.3199,9.62207291666667,10.2514166666667,10.8613854166667,11.3995958333333,"2016-07-30",212,"2016-06-15",167,0,0,776.758666666667,0,76,"",0,0,0,1.06425,5.64495833333333,10.1166726190476,11.789875,9.39029456018518,10.7780358796296,7.06860119047619,11.5088035714286,1.17533333333333,"Chinook","AHT",2016,NA
"167","BVC",78,78,0,0,0,0,0,14.0628792735043,2.05324955992876,4.21583375534766,10.0676666666667,10.55961875,12.9826875,14.4143333333333,15.5073645833333,16.7286020833333,"2016-07-29",211,"2016-06-16",168,31,0,1096.90458333333,25.3321666666667,10,"2016-07-04",18,3,3,1.93970833333333,7.15445833333333,14.3824546130952,17.222125,13.0466863425926,15.5262071759259,10.1664523809524,16.591130952381,2.33425,"Chinook","AHT",2016,186
"168","CHA",78,78,0,0,0,0,0,13.1400897203642,1.9506677411561,3.80510463638705,8.83725,9.69975833333334,11.963875,13.4199375,14.7027395833333,15.71231875,"2016-07-29",211,"2016-06-16",168,11,0,1024.92699818841,7.95158333333333,21,"",5,2,2,2.26179166666667,7.64666666666667,13.3833206593628,16.4839166666667,12.0108367803945,14.6027800925926,9.78022023809524,15.9100357142857,2.51304166666667,"Chinook","AHT",2016,NA
"169","CHC",78,78,0,0,0,0,0,9.78432959401709,1.33590942170793,1.78465398300802,6.805,7.53866875,9.09183333333333,10.0553125,10.7977083333333,11.3344375,"2016-07-29",211,"2016-06-15",167,0,0,763.177708333333,0,76,"",0,0,0,1.34916666666667,5.07920833333333,9.95938095238095,11.8842083333333,8.95798032407407,10.7825746527778,7.25317857142857,11.3936547619048,1.74804166666667,"Chinook","AHT",2016,NA
"170","LAK",78,78,0,0,0,0,0,11.3162960562988,1.99080420410623,3.96330137908704,9.10533333333333,7.49011875,10.3189791666667,11.5949375,12.7428958333333,14.0202541666667,"2016-07-30",212,"2016-06-16",168,0,0,882.671092391304,0,44,"",0,0,0,1.68291666666667,5.348875,11.5283614022602,14.4542083333333,10.0587586805556,12.8150886674718,7.58675,14.0511488095238,2.57977083333333,"Chinook","AHT",2016,NA
"171","LOO",78,78,0,0,0,0,0,11.2893114316239,1.51714425952754,2.30172670421737,7.38004166666667,8.56714583333334,10.5861666666667,11.4707291666667,12.3886875,13.1890833333333,"2016-07-29",211,"2016-06-16",168,0,0,880.566291666667,0,49,"",0,0,0,1.43741666666667,6.44145833333333,11.4541507109788,13.8215,10.5437824074074,12.2714386574074,8.11221428571429,13.1851607142857,1.705125,"Chinook","AHT",2016,NA
"172","MAR",78,78,0,0,0,0,0,11.3528958333333,1.42000926912238,2.01642632439349,7.23825,9.41855,10.2881875,11.598875,12.4324479166667,13.2352291666667,"2016-07-29",211,"2016-06-15",167,0,0,885.525875,0,51,"",0,0,0,1.47575,6.47016666666667,11.5509645337302,13.7084166666667,10.4608148148148,12.4456278935185,9.14873214285714,13.0662976190476,1.9950625,"Chinook","AHT",2016,NA
"173","SEC",78,78,0,0,0,0,0,12.6690010683761,2.34936559861445,5.51951871595303,10.8222083333333,8.19974583333333,11.5497291666667,13.038375,14.3323333333333,15.6961770833333,"2016-07-30",212,"2016-06-16",168,10,0,988.182083333333,7.2935,24,"2016-07-31",7,5,2,1.75633333333333,5.58966666666667,12.9218169642857,16.411875,11.3583119212963,14.2812303240741,8.03076785714286,15.9186547619048,2.57704166666667,"Chinook","AHT",2016,213
"174","SFS",78,78,0,0,0,0,0,13.8984946581197,2.15602555671882,4.6484462012247,10.1079166666667,9.86578333333333,12.9914583333333,14.2008541666667,15.4226666666667,16.3196458333333,"2016-07-29",211,"2016-06-15",167,30,0,1084.08258333333,23.1712083333333,11,"2016-07-24",16,6,3,1.857875,7.05920833333333,14.1602829034392,17.167125,12.8046163194444,15.4275804398148,9.4132619047619,16.6224404761905,2.54952083333333,"Chinook","AHT",2016,206
"175","STH",78,78,0,0,0,0,0,13.6744732905983,1.17759032553406,1.38671897479141,6.1115,11.9980729166667,13.0131979166667,13.748875,14.3755520833333,15.4504666666667,"2016-07-02",184,"2016-06-15",167,10,0,1066.60891666667,4.02183333333333,4,"",6,1,1,1.24816666666667,9.547375,13.8435681216931,15.658875,12.9766174768519,14.5775225694444,11.6159345238095,15.3914166666667,1.48591666666667,"Chinook","AHT",2016,NA
"176","SUL",78,78,0,0,0,0,0,11.3529272575251,1.48658110182888,2.20992337231475,7.15408333333333,8.9875125,10.5810625,11.6000833333333,12.4404166666667,13.4043791666667,"2016-07-29",211,"2016-06-15",167,0,0,885.528326086957,0,49,"",0,0,0,1.50145833333333,6.47283333333333,11.5750037022659,13.6269166666667,10.5876412037037,12.4584027777778,8.54371428571429,13.262125,1.6808125,"Chinook","AHT",2016,NA
"177","VAL",78,78,0,0,0,0,0,14.1459342948718,1.62703657935276,2.64724803055191,8.705375,11.7951583333333,13.223125,14.4814375,15.3575729166667,16.1535708333333,"2016-07-29",211,"2016-06-15",167,25,0,1103.382875,19.9082916666667,5,"2016-07-24",13,3,3,1.62033333333333,8.33008333333333,14.3666677414021,17.0354583333333,13.1540596064815,15.373697337963,11.0049047619048,16.3415416666667,2.14464583333333,"Chinook","AHT",2016,206
"178","WFC",78,78,0,0,0,0,0,11.9449283259012,1.79742227962454,3.23072685129069,8.01016666666667,8.62469166666667,10.9985208333333,12.08875,13.4084583333333,14.2837395833333,"2016-07-30",212,"2016-06-15",167,1,0,931.70440942029,0.0999999999999996,38,"",1,1,0,2.00145833333333,7.08983333333333,12.1596232459167,15.1,10.7943500150966,13.3433234953704,9.08467261904762,14.4599583333333,2.482875,"Chinook","AHT",2016,NA
"179","BIU",78,78,0,0,0,0,0,9.69078704477889,1.75580875405686,3.0828643808227,6.518875,6.14865416666667,8.91896875,10.4097916666667,10.76665625,11.51508125,"2017-07-31",212,"2017-06-16",167,0,0,755.881389492754,0,74,"",0,0,0,1.06733333333333,5.10670833333333,9.82396192417184,11.6255833333333,9.21288368055555,10.3514247685185,5.94220238095238,11.4912440476191,1.02489583333333,"Chinook","AHT",2017,NA
"180","BVC",78,78,0,0,0,0,0,13.9361904728725,1.383034042921,1.91278316387841,7.4265,11.8611291666667,13.3786979166667,14.0884583333333,14.8906354166667,15.63213125,"2017-07-09",190,"2017-06-16",167,19,0,1087.02285688406,6.79695833333333,7,"2017-08-05",7,2,2,2.09679166666667,8.64858333333333,14.1344398938923,16.0750833333333,13.2357323872786,14.9706689814815,11.4681547619048,15.4655654761905,1.5761875,"Chinook","AHT",2017,217
"181","CHA",78,78,0,0,0,0,0,13.3617836538462,1.83011703858317,3.34932837491241,7.97445833333334,10.274575,12.2545625,13.52375,14.9934270833333,15.61354375,"2017-07-09",190,"2017-06-15",166,20,0,1042.219125,8.30720833333333,17,"",6,3,4,2.113125,8.08304166666667,13.5841222718254,16.0575,12.4793854166667,14.5951851851852,10.0565595238095,15.4368630952381,2.1985,"Chinook","AHT",2017,NA
"182","CHC",78,78,0,0,0,0,0,8.9075641996892,1.17865265778438,1.38922208770218,5.25033333333333,6.68843541666667,8.339875,9.27102083333333,9.63067708333333,10.3118,"2017-08-29",241,"2017-06-16",167,0,0,694.790007575758,0,76,"",0,0,0,1.46483333333333,5.27683333333333,9.0011627209596,10.5271666666667,8.39603424873737,9.57701736111111,6.4904880952381,10.2180238095238,1.02230871212121,"Chinook","AHT",2017,NA
"183","LAK",78,78,0,0,0,0,0,11.4097610722611,1.6893870265976,2.8540285256363,7.64741666666667,7.99885833333333,10.9319375,11.8061875,12.5616145833333,13.2922416666667,"2017-07-30",211,"2017-06-15",166,0,0,889.961363636364,0,47,"",0,0,0,1.44408333333334,6.10070833333333,11.5708189559283,13.748125,10.824255787037,12.3066325231481,7.677625,13.2238928571429,1.36202083333333,"Chinook","AHT",2017,NA
"184","LOO",78,78,0,0,0,0,0,10.2693221153846,1.53456637909435,2.35489397184673,5.74425,7.03909166666667,9.59097916666667,10.8498333333333,11.2489895833333,11.9035708333333,"2017-08-04",216,"2017-06-15",166,0,0,801.007125,0,76,"",0,0,0,1.071125,6.45720833333333,10.3657917493386,12.2014583333333,9.82593981481481,10.8854762731481,7.12040476190476,11.8056845238095,0.987208333333333,"Chinook","AHT",2017,NA
"185","MAR",78,78,0,0,0,0,0,11.1914118125232,1.13190684930937,1.28121311551347,5.45720833333333,9.16159166666667,10.5962083333333,11.2076666666667,12.02359375,12.6429333333333,"2017-07-16",197,"2017-06-15",166,0,0,872.930121376812,0,57,"",0,0,0,1.67341666666667,7.48745833333333,11.3114605978261,12.9446666666667,10.5895549265298,11.9986805555556,9.2586369047619,12.4850357142857,1.34975,"Chinook","AHT",2017,NA
"186","SEC",78,78,7,0.0897435897435897,7,0.0897435897435897,0.17948717948718,12.6799615610329,2.33017235094632,5.42970318511468,9.69241666666667,8.03029166666667,11.8361041666667,13.5385416666667,14.2046666666667,15.3878958333333,"2017-07-30",211,"2017-06-16",167,6,0,900.277270833333,3.27841666666667,19,"",5,3,1,1.41754166666667,6.31420833333333,12.9412749182596,16.006625,NA,NA,7.96930952380952,15.3356845238095,1.59154166666667,"Chinook","AHT",2017,NA
"187","SFS",78,78,0,0,0,0,0,13.2628622491639,2.27513067125341,5.17621957127798,9.06391666666667,8.5119875,12.7774375,14.1155625,14.7466979166667,15.4527625,"2017-08-04",216,"2017-06-16",167,12,0,1034.50325543478,4.66670833333333,17,"",6,2,1,1.61125,6.56695833333333,13.4518437428111,15.630875,12.5667685185185,14.2767917421498,8.22623214285714,15.3666369047619,1.447,"Chinook","AHT",2017,NA
"188","STH",78,78,0,0,0,0,0,13.2486519416574,1.25302814235404,1.57007952553122,6.012125,11.3483979166667,12.5942083333333,13.266,14.319875,14.8185416666667,"2017-07-10",191,"2017-06-16",167,3,0,1033.39485144928,0.139666666666669,10,"",2,1,0,0.956333333333333,9.0735,13.396346481769,15.085625,12.7697303240741,13.9622378472222,10.8416726190476,14.632880952381,0.997375,"Chinook","AHT",2017,NA
"189","SUL",78,78,0,0,0,0,0,10.7859690867707,1.54439116077304,2.3851440574739,7.38216666666667,7.61455625,10.4421458333333,11.098125,11.8994791666667,12.2703145833333,"2017-07-09",190,"2017-06-16",167,0,0,841.305588768116,0,61,"",0,0,0,1.344,5.50333333333333,10.9750993645043,12.8855,10.2446157407407,11.5811511171498,7.1318630952381,12.3035773809524,1.11966666666667,"Chinook","AHT",2017,NA
"190","VAL",78,78,0,0,0,0,0,13.4081898457822,1.17930312253585,1.39075585482282,5.97233333333333,11.1241875,12.99678125,13.7293541666667,14.1851979166667,14.7787833333333,"2017-08-04",216,"2017-06-16",167,2,0,1045.83880797101,0.114708333333333,9,"",1,1,0,1.481,9.09833333333333,13.5157671742006,15.0706666666667,12.7879456018519,14.1849912942834,11.1246071428571,14.7441904761905,1.22991666666667,"Chinook","AHT",2017,NA
"191","WFC",78,78,0,0,0,0,0,12.0041121794872,1.57781491076918,2.48949989264555,6.96416666666667,9.14698125,11.2480833333333,12.0537916666667,13.3951354166667,14.0141270833333,"2017-07-09",190,"2017-06-15",166,0,0,936.32075,0,37,"",0,0,0,1.70341666666667,7.328,12.1787369378307,14.2921666666667,11.2663894675926,13.0084542824074,9.14694642857143,13.7762321428571,1.7331875,"Chinook","AHT",2017,NA
"192","BIU",78,78,0,0,0,0,0,10.4653135683761,1.47754035543081,2.1831255019266,6.14616666666667,7.44386875,9.64028125,11.0891666666667,11.65203125,11.9965791666667,"2018-07-14",195,"2018-06-17",168,0,0,816.294458333333,0,74,"",0,0,0,1.69733333333333,6.08641666666667,10.6332819113757,12.2325833333333,10.0071805555556,11.2219756944444,7.10569642857143,11.9489702380952,1.04175,"Chinook","AHT",2018,NA
"193","BVC",78,78,0,0,0,0,0,14.7001955128205,1.97828303670819,3.91360377332737,8.137125,11.3675395833333,13.0992708333333,15.2787291666667,16.3169583333333,17.1295395833333,"2018-07-25",206,"2018-06-17",168,40,0,1146.61525,52.1216666666667,8,"2018-07-11",30,4,2,1.66895833333333,9.5475,14.9718774801587,17.684625,13.9878078703704,15.8809953703704,10.9226964285714,16.9648571428571,1.78841666666667,"Chinook","AHT",2018,192
"194","CHA",78,78,0,0,0,0,0,13.5361097175771,2.14912144116535,4.61872296887664,8.13604166666667,9.6573625,11.8106354166667,14.2830208333333,15.43234375,15.988275,"2018-08-10",222,"2018-06-17",168,25,0,1055.81655797101,17.6971666666667,21,"2018-07-18",10,7,3,2.541625,8.268,13.8015561126927,16.4040416666667,12.7501643518519,14.7252725694444,9.53944642857143,15.884,1.98670833333333,"Chinook","AHT",2018,199
"195","CHC",78,78,0,0,0,0,0,10.0145984067261,1.3904167308473,1.9332586854201,5.09075,7.29265625,8.95120833333333,10.4155,11.2300833333333,11.6729020833333,"2018-08-10",222,"2018-06-17",168,0,0,781.138675724638,0,78,"",0,0,0,1.501625,6.77441666666667,10.2018166767311,11.8651666666667,9.40728844605475,10.8657887731481,7.29381547619048,11.4981011904762,1.25854166666667,"Chinook","AHT",2018,NA
"196","LAK",78,78,0,0,0,0,0,11.8660128205128,1.96482287313979,3.8605289228133,7.831375,8.4386,10.4281875,12.565125,13.5170104166667,14.1962916666667,"2018-08-01",213,"2018-06-17",168,0,0,925.549,0,35,"",0,0,0,2.21858333333333,6.83679166666667,12.1241064814815,14.6681666666667,11.1101116898148,13.0222204861111,8.10730357142857,13.9309166666667,1.93839583333333,"Chinook","AHT",2018,NA
"197","LOO",78,78,0,0,0,0,0,11.2019011752137,1.5185066390202,2.30586241274842,5.78329166666667,8.36496875,9.97847916666667,11.7442916666667,12.4161875,13.02498125,"2018-08-10",222,"2018-06-18",169,0,0,873.748291666667,0,45,"",0,0,0,1.54625,7.60108333333333,11.3717154431217,13.384375,10.6774895833333,11.9978605324074,8.14339285714286,12.8349523809524,1.27460416666667,"Chinook","AHT",2018,NA
"198","MAR",78,78,0,0,0,0,0,11.7834284188034,1.50042383161001,2.25127167446327,5.5105,8.99877708333333,10.8148645833333,11.98875,13.01384375,13.6876979166667,"2018-07-17",198,"2018-06-17",168,0,0,919.107416666667,0,39,"",0,0,0,1.57504166666667,8.48308333333333,11.9878742559524,13.9935833333333,11.1248570601852,12.7327048611111,9.39609523809524,13.6784047619048,1.399375,"Chinook","AHT",2018,NA
"199","SEC",78,78,0,0,0,0,0,13.3959305555556,2.32890707677298,5.42380817224327,9.36370833333334,9.282475,11.6986666666667,14.15775,15.4047604166667,16.0357729166667,"2018-08-10",222,"2018-06-17",168,26,0,1044.88258333333,18.5739166666667,23,"2018-07-19",10,6,3,2.21070833333333,7.20375,13.6901053240741,16.5674583333333,12.5217216435185,14.7184768518519,8.72159523809524,15.8632916666667,2.18475,"Chinook","AHT",2018,200
"200","SFS",78,78,0,0,0,0,0,14.4363028846154,2.14332029074453,4.59382186871722,8.8415,10.171125,12.98021875,15.0058333333333,16.0128229166667,17.0430770833333,"2018-07-25",206,"2018-06-17",168,39,0,1126.031625,46.5632916666667,10,"2018-07-15",26,6,3,2.0825,8.66858333333333,14.7104712301587,17.5100833333333,13.6835121527778,15.7123408564815,10.025630952381,16.6345773809524,2.06339583333333,"Chinook","AHT",2018,196
"201","STH",78,78,0,0,0,0,0,13.5834342948718,1.43560315191585,2.06095640979073,5.67491666666667,10.9315375,12.6724375,13.829125,14.6965208333333,15.582,"2018-07-14",195,"2018-06-18",169,12,0,1059.507875,5.03616666666667,15,"2018-07-18",7,1,1,1.39025,10.1745,13.7794856150794,15.8494166666667,12.934083912037,14.5465358796296,11.0395952380952,15.5113869047619,1.34808333333333,"Chinook","AHT",2018,199
"202","SUL",78,78,0,0,0,0,0,11.5107238247863,1.33671249538716,1.78680029532418,5.772,9.22035416666667,10.41509375,11.8204791666667,12.5425,13.19635625,"2018-07-25",206,"2018-06-17",168,0,0,897.836458333333,0,41,"",0,0,0,1.62458333333333,7.77904166666667,11.6945321593915,13.5510416666667,10.9493200231481,12.3717517361111,9.07201785714286,13.1788154761905,1.41858333333333,"Chinook","AHT",2018,NA
"203","VAL",78,78,0,0,0,0,0,14.315781517094,1.83572595611331,3.36988978594814,6.88983333333333,10.91183125,12.6728854166667,14.717,15.9459791666667,16.6020958333333,"2018-08-10",222,"2018-06-18",169,36,0,1116.63095833333,34.6597916666667,10,"2018-07-13",27,4,2,1.73954166666667,10.1603333333333,14.5511344246032,17.0501666666667,13.5750329861111,15.4538703703704,10.9402202380952,16.3989285714286,1.57477083333333,"Chinook","AHT",2018,194
"204","WFC",78,78,0,0,0,0,0,12.1379155982906,1.85444483730993,3.43896565462547,7.17725,9.00454791666667,10.7574270833333,12.9545833333333,13.75615625,14.3215895833333,"2018-08-10",222,"2018-06-17",168,0,0,946.757416666667,0,32,"",0,0,0,2.54283333333333,7.51554166666667,12.3733442460317,14.6927916666667,11.4551701388889,13.1807291666667,8.8203630952381,14.1288333333333,1.53266666666667,"Chinook","AHT",2018,NA
"205","BVC",78,78,0,0,0,0,0,14.1436586538462,1.94149342465691,3.76939671798601,9.82391666666667,10.5744291666667,13.3801979166667,14.5325416666667,15.3063125,16.5231229166667,"2019-07-14",195,"2019-06-21",172,30,0,1103.205375,24.00425,9,"2019-08-02",12,4,4,2.05133333333333,7.33820833333333,14.2028071263228,17.162125,12.9200613425926,15.293974537037,9.83945238095238,16.3213214285714,1.97402083333333,"Chinook","AHT",2019,214
"206","CAM",78,78,0,0,0,0,0,12.714765491453,1.73659984468722,3.01577902056768,7.94908333333333,9.182425,11.7616041666667,13.3687083333333,13.896875,14.6648729166667,"2019-08-05",217,"2019-06-21",172,1,0,991.751708333333,0.0886250000000004,21,"",1,1,0,1.75275,7.13954166666667,12.7803927744709,15.088625,11.7195850694444,13.7481394675926,8.77829761904762,14.4292857142857,1.78033333333333,"Chinook","AHT",2019,NA
"207","CHA",78,78,0,0,0,0,0,13.328874465812,2.03412201266197,4.137652362396,9.46629166666667,9.58351666666667,12.3143541666667,13.7115416666667,14.5558125,15.9730770833333,"2019-08-05",217,"2019-06-21",172,15,0,1039.65220833333,11.285125,18,"2019-08-05",9,2,2,1.78925,7.12333333333333,13.3798268022487,16.589625,12.1975434027778,14.524109375,8.79567261904762,15.7497321428571,1.83966666666667,"Chinook","AHT",2019,217
"208","CHC",78,78,0,0,0,0,0,9.4139561965812,1.49038633232902,2.22125141959314,6.666375,6.55916875,8.729125,9.79039583333333,10.4643333333333,11.2735916666667,"2019-08-05",217,"2019-06-20",171,0,0,734.288583333333,0,76,"",0,0,0,1.546125,4.77,9.48040211640212,11.436375,8.42289525462963,10.3607170138889,6.22127380952381,11.0846845238095,2.020625,"Chinook","AHT",2019,NA
"209","HER",78,78,0,0,0,0,0,11.4956324786325,1.68290316372484,2.83216305847509,7.24454166666667,8.66176458333333,10.64003125,12.1865625,12.6388125,13.31450625,"2019-08-03",215,"2019-06-21",172,0,0,896.659333333333,0,34,"",0,0,0,2.06925,6.39258333333333,11.5626025132275,13.637125,10.5681111111111,12.3727112268519,8.05664880952381,12.923869047619,1.7755,"Chinook","AHT",2019,NA
"210","LAK",78,78,0,0,0,0,0,11.2159615384615,1.99667793505221,3.98672277632437,9.52454166666667,7.60944791666667,9.9836875,11.6314166666667,12.6566458333333,13.8187479166667,"2019-08-05",217,"2019-06-21",172,0,0,874.845,0,50,"",0,0,0,1.88516666666667,5.19279166666667,11.303412037037,14.7173333333333,10.1508315972222,12.3904872685185,7.07985119047619,13.8917142857143,2.07714583333333,"Chinook","AHT",2019,NA
"211","MAR",78,78,0,0,0,0,0,11.1574145299145,1.48964236914009,2.21903438793729,7.396625,8.35176666666667,10.5124270833333,11.3929375,12.20625,13.0485979166667,"2019-07-14",195,"2019-06-21",172,0,0,870.278333333333,0,54,"",0,0,0,1.722625,6.21854166666667,11.2323776455026,13.6151666666667,10.0305954861111,12.1803686342593,7.90151190476191,12.8272916666667,2.24575,"Chinook","AHT",2019,NA
"212","SEC",78,61,0,0,0,0,0,12.3612040398126,2.71726445600033,7.38352612384275,10.6894166666667,8.53454166666667,10.2832916666667,12.8697916666667,14.3695416666667,15.944125,"2019-08-05",217,"2019-06-21",172,14,0,754.033446428571,9.16025,23,"2019-08-05",9,2,2,2.16554166666667,5.71204166666667,12.5124722634508,16.4014583333333,11.1568126623377,13.7353553030303,7.72279166666667,15.9269047619048,2.453125,"Chinook","AHT",2019,217
"213","SFS",78,78,0,0,0,0,0,13.64775,2.41138989848478,5.81480124251443,11.3671666666667,9.4614625,12.20353125,14.2268541666667,15.3118020833333,16.4663166666667,"2019-08-05",217,"2019-06-21",172,25,0,1064.5245,22.665375,17,"2019-08-05",9,2,3,2.16754166666667,5.95204166666667,13.746656332672,17.3192083333333,12.3569444444444,15.0170659722222,8.60204761904762,16.5875178571429,2.44758333333333,"Chinook","AHT",2019,217
"214","STH",78,78,0,0,0,0,0,13.2882623717949,1.30288141248325,1.69749997499434,5.68675,10.85865,12.6328229166667,13.5475625,14.1970729166667,14.9473666666667,"2019-07-14",195,"2019-06-21",172,4,0,1036.484465,0.491715000000001,11,"",1,1,0,2.082,9.54816666666667,13.3350941732804,15.2349166666667,12.2819513888889,14.1147604861111,10.585244047619,14.8201190476191,1.6074375,"Chinook","AHT",2019,NA
"215","SUL",78,53,0,0,0,0,0,10.8847224842767,1.62605039224945,2.64403987813457,7.11675,7.878625,10.0137083333333,11.1085833333333,12.1580416666667,12.7764333333333,"2019-07-14",195,"2019-06-21",172,0,0,576.890291666667,0,36,"",0,0,0,1.79441666666667,6.038375,10.8738300405268,13.155125,9.52324556737589,11.8671427304965,8.05503571428572,12.5202083333333,1.94229166666667,"Chinook","AHT",2019,NA
"216","VAL",78,78,0,0,0,0,0,13.8525678418803,1.85349039957196,3.43542666130542,8.392125,10.7113416666667,12.6945104166667,14.38675,15.2425416666667,16.1008,"2019-07-31",212,"2019-06-21",172,23,0,1080.50029166667,15.223875,15,"2019-08-05",9,2,3,2.80029166666667,7.93045833333333,13.9229342757937,16.3225833333333,12.5371365740741,14.8942210648148,10.0088095238095,16.0809702380952,2.26995833333334,"Chinook","AHT",2019,217
"217","WFC",78,78,0,0,0,0,0,11.6830657051282,1.74181413426729,3.0339164783333,8.042875,8.3808375,10.9107916666667,11.9592291666667,12.8684791666667,13.9869145833333,"2019-08-05",217,"2019-06-21",172,0,0,911.279125,0,40,"",0,0,0,1.70133333333333,6.45391666666667,11.7091354993386,14.4967916666667,10.6178686342593,12.8119681712963,7.70428571428572,13.7031547619048,1.89191666666667,"Chinook","AHT",2019,NA
"218","BIU",78,78,0,0,0,0,0,9.514625,1.85285459856404,3.43307016341991,7.562875,5.83520625,8.49076041666667,10.1955208333333,10.8506354166667,11.5060833333333,"2020-08-06",219,"2020-06-17",169,0,0,742.14075,0,72,"",0,0,0,1.47329166666667,4.15995833333333,9.70635243055556,11.7228333333333,8.91188368055556,10.3647685185185,5.45669642857143,11.5155,1.27591666666667,"Chinook","AHT",2020,NA
"219","BVC",78,78,0,0,0,0,0,14.2612996794872,2.52367571994355,6.36893913943262,11.6120833333333,8.96188125,13.5630729166667,14.7527291666667,16.0069583333333,17.18205,"2020-08-06",219,"2020-06-15",167,34,0,1112.381375,41.422375,13,"2020-07-22",20,2,3,1.75379166666667,6.31383333333333,14.5810374503968,17.9259166666667,13.1087453703704,15.939224537037,8.79307142857143,17.3683035714286,2.31970833333333,"Chinook","AHT",2020,204
"220","CAM",78,78,0,0,0,0,0,11.8504829059829,2.36335607547906,5.58545193950378,11.3719166666667,7.32707083333333,10.5505,12.5889791666667,13.4903333333333,14.6668958333333,"2020-08-18",231,"2020-06-17",169,3,1,924.337666666667,0.466416666666666,31,"",1,1,0,2.92454166666667,3.99375,12.0808919477513,15.3656666666667,10.828921875,13.1254809027778,7.012125,14.6537678571429,1.79152083333333,"Chinook","AHT",2020,NA
"221","CHA",78,78,0,0,0,0,0,12.6053365384615,2.60803442651453,6.80184356988498,10.9529166666667,7.427625,11.72,13.0260416666667,14.2342708333333,16.1908958333333,"2020-08-18",231,"2020-06-17",169,13,0,983.21625,10.5208333333333,22,"2020-08-05",9,3,2,1.91416666666667,5.41625,12.905517526455,16.3691666666667,11.5138541666667,14.1669270833333,7.15202380952381,16.0292261904762,2.29729166666667,"Chinook","AHT",2020,218
"222","CHC",78,78,0,0,0,0,0,9.39279113247863,1.5883702238476,2.52291996800566,7.34566666666667,6.10216875,8.81030208333333,9.66575,10.4996041666667,11.2401729166667,"2020-08-18",231,"2020-06-15",167,0,0,732.637708333333,0,74,"",0,0,0,1.74958333333333,4.6125,9.59342567791005,11.9581666666667,8.4756556712963,10.5607679398148,6.04914285714286,11.2892440476191,1.808375,"Chinook","AHT",2020,NA
"223","HER",78,78,0,0,0,0,0,12.6700138888889,1.8452329524343,3.4048846487494,8.80545833333333,9.03213125,11.9862916666667,13.0441875,14.0019583333333,14.7685666666667,"2020-08-18",231,"2020-06-17",169,3,0,988.261083333333,0.560874999999999,20,"",1,1,0,3.000625,6.489625,12.8812525628307,15.2950833333333,11.5656950231481,13.9404172453704,9.00355952380952,14.7055952380952,2.16095833333333,"Chinook","AHT",2020,NA
"224","LAK",78,78,0,0,0,0,0,10.6676479700855,2.44432487636559,5.97472410121967,10.3513333333333,5.25397916666667,9.88475,11.1953541666667,12.2375208333333,13.8217291666667,"2020-08-18",231,"2020-06-15",167,0,1,832.076541666667,0,48,"",0,0,0,2.03320833333333,3.98175,10.9351553406085,14.3330833333333,9.53924537037037,12.1815671296296,5.51333928571429,13.7453273809524,2.308375,"Chinook","AHT",2020,NA
"225","MAR",78,78,0,0,0,0,0,11.246952457265,1.75680869084604,3.08637677623216,8.12383333333333,7.659175,10.7545833333333,11.6001041666667,12.4985520833333,13.2682354166667,"2020-08-06",219,"2020-06-15",167,0,0,877.262291666667,0,47,"",0,0,0,1.91016666666667,5.745,11.4906548445767,13.8688333333333,10.1995943287037,12.6180445601852,7.66872619047619,13.3205952380952,2.09914583333333,"Chinook","AHT",2020,NA
"226","SFS",78,78,0,0,0,0,0,13.490375534188,2.86795796572229,8.22518289314996,12.3198333333333,7.90443333333333,12.2567708333333,14.2104583333333,15.40265625,16.9048291666667,"2020-08-18",231,"2020-06-15",167,27,0,1052.24929166667,30.6765,17,"2020-08-01",13,3,3,2.315875,5.62945833333333,13.7952057705026,17.9492916666667,12.3037928240741,15.1759189814815,7.46013690476191,16.9757619047619,2.4629375,"Chinook","AHT",2020,214
"227","STH",78,78,0,0,0,0,0,13.7680918803419,1.62399635360944,2.63736415653675,7.6985,10.44139375,13.2832083333333,14.0334791666667,14.9009583333333,15.70496875,"2020-07-31",213,"2020-06-17",169,17,0,1073.91116666667,6.81741666666667,10,"2020-08-05",8,2,1,2.428875,8.25583333333333,13.9946220238095,15.9543333333333,12.7318755787037,15.0425127314815,10.5174285714286,15.502005952381,2.09041666666667,"Chinook","AHT",2020,218
"228","VAL",78,78,0,0,0,0,0,14.5276495726496,2.32481089163892,5.40474568188293,10.5670833333333,9.68538333333333,13.7615729166667,14.9351458333333,16.1310520833333,17.35165,"2020-07-31",213,"2020-06-15",167,36,0,1133.15666666667,47.1051666666667,11,"2020-08-01",19,6,4,2.20066666666667,7.543125,14.8235152116402,18.1102083333333,13.3602181712963,16.1011684027778,9.74522619047619,17.3958571428571,2.50175,"Chinook","AHT",2020,214
"229","WFC",78,78,0,0,0,0,0,10.9841420940171,2.05518685920873,4.22379302626424,9.02258333333333,7.09258958333333,10.3002708333333,11.2137708333333,12.2577395833333,13.92879375,"2020-08-18",231,"2020-06-17",169,0,0,856.763083333333,0,50,"",0,0,0,1.79541666666667,5.36225,11.2215791997355,14.3848333333333,10.0143628472222,12.3748935185185,6.67647619047619,13.7998273809524,2.0999375,"Chinook","AHT",2020,NA
"230","BIU",78,78,0,0,0,0,0,11.1955631503159,0.871251929284397,0.759079924281783,3.55870833333333,9.54903333333333,10.481125,11.445875,11.7840520833333,12.3499666666667,"2021-07-07",188,"2021-06-17",168,0,0,873.253925724638,0,65,"",0,0,0,1.26454166666667,9.15054166666667,11.3150054168104,12.70925,10.635280394525,11.8861284722222,9.57304761904762,12.3261428571429,1.316625,"Chinook","AHT",2021,NA
"231","BVC",78,78,0,0,0,0,0,16.1107858391608,1.83854181566184,3.38023600793714,7.66354166666667,12.75146875,15.3298854166667,16.5232291666667,17.35509375,18.52534375,"2021-07-05",186,"2021-08-26",238,59,0,1256.64129545455,117.481087121212,2,"2021-06-25",51,7,2,1.86904166666666,11.72675,16.2870936372655,19.3902916666667,15.108212962963,17.3652314814815,12.6010119047619,18.3740833333333,1.98122916666667,"Chinook","AHT",2021,176
"232","CAM",78,78,0,0,0,0,0,14.704414453602,1.4909571169109,2.22295312446726,5.514375,12.0657291666667,13.6692291666667,15.2905833333333,15.8058541666667,16.4890666666667,"2021-07-05",186,"2021-08-26",238,44,0,1146.94432738095,35.5377857142857,3,"2021-07-03",13,6,5,1.55879166666667,11.3787083333333,14.8914370866402,16.8930833333333,13.8599427083333,15.7578912037037,11.9800357142857,16.1538095238095,1.84970833333333,"Chinook","AHT",2021,184
"233","CHA",78,78,0,0,0,0,0,14.9005649124621,1.80828600519015,3.26989827656654,6.499125,11.6088229166667,13.4936354166667,15.4379166666667,16.0584375,17.4467291666667,"2021-07-07",188,"2021-08-19",231,46,0,1162.24406317204,53.85375,6,"2021-07-02",23,6,4,1.85375,11.0212916666667,15.0859376333419,17.5204166666667,14.0235954861111,15.9829887246117,11.78425,17.1676190476191,1.80125,"Chinook","AHT",2021,183
"234","CHC",78,78,0,0,0,0,0,10.7937748154623,1.1667001095202,1.36118914555444,4.37341666666667,8.78110625,9.82229166666667,11.171875,11.5878020833333,12.4297270833333,"2021-07-29",210,"2021-08-25",237,0,0,841.914435606061,0,66,"",0,0,0,2.0255,8.31008333333333,10.9160219231,12.6835,9.94925173611111,11.7345804398148,8.83435119047619,12.1180773809524,1.88972916666667,"Chinook","AHT",2021,NA
"235","HER",78,78,0,0,0,0,0,14.6894953337725,1.19868794199449,1.43685278228299,5.36058333333333,12.5772583333333,13.7987604166667,14.8934393939394,15.5307916666667,16.4493729166667,"2021-07-30",211,"2021-08-19",231,35,0,1145.78063603426,25.4103405797101,1,"2021-07-11",10,2,5,2.28,11.832875,14.7938114958461,17.1934583333333,13.6234074074074,15.8741997534219,12.6255952380952,16.03458436853,2.1565,"Chinook","AHT",2021,192
"236","LAK",78,78,0,0,0,0,0,13.3666998095504,1.84535348730519,3.40532949310944,6.29229166666667,10.3240708333333,11.6942083333333,13.954375,14.7005416666667,15.63479375,"2021-07-04",185,"2021-08-19",231,14,0,1042.60258514493,7.44875,20,"",6,3,2,1.58825,9.641125,13.5807398565102,15.9334166666667,12.5373472222222,14.4438715277778,10.2885238095238,15.4876130952381,1.84172916666667,"Chinook","AHT",2021,NA
"237","MAR",78,78,0,0,0,0,0,12.4560877926421,1.48972808952404,2.21928978071695,5.817875,9.72155416666667,11.6355,12.8055416666667,13.5034479166667,14.5472979166667,"2021-07-05",186,"2021-08-31",243,0,0,971.574847826087,0,24,"",0,0,0,2.23758333333333,9.152875,12.5769763090925,14.97075,11.5603877314815,13.4901145833333,9.75475595238095,14.2009285714286,2.11239583333333,"Chinook","AHT",2021,NA
"238","VAL",78,78,0,0,0,0,0,16.2311734168609,1.67916129453138,2.81958265305231,6.4205,13.01198125,15.208125,16.808875,17.4120520833333,18.3364416666667,"2021-07-05",186,"2021-08-31",243,60,0,1266.03152651515,120.403359848485,0,"2021-06-25",60,60,1,2.35333333333334,12.527625,16.4174766414141,18.948125,15.3003570601852,17.467083912037,13.2109880952381,17.9969523809524,2.24595833333333,"Chinook","AHT",2021,176
"239","WFC",78,78,0,0,0,0,0,13.1846427125506,1.63013369098234,2.65733585047569,5.75391666666667,10.2202020833333,11.8270208333333,13.6172916666667,14.3400208333333,15.3134416666667,"2021-07-05",186,"2021-08-19",231,10,0,1028.40213157895,3.532,21,"",3,2,2,1.76920833333333,9.92325,13.359809284496,15.6771666666667,12.4230005787037,14.217931712963,10.4172023809524,15.2253988095238,1.65154166666667,"Chinook","AHT",2021,NA
"240","BIU",78,78,0,0,0,0,0,10.3349257478632,2.19031379740411,4.79747453109882,7.49479166666667,6.17843541666667,8.327,11.3988958333333,11.9151979166667,12.5189791666667,"2022-08-13",225,"2022-06-19",170,0,0,806.124208333333,0,58,"",0,0,0,1.290125,5.30308333333333,10.4706740244709,12.797875,9.88404861111111,11.0402025462963,5.94514285714286,12.3485535714286,1.138875,"Chinook","AHT",2022,NA
"241","CAM",78,78,0,0,0,0,0,12.7373525641026,1.99189062499325,3.96762826193598,8.14220833333333,8.59607083333333,11.22265625,13.5439166666667,14.1883645833333,14.72416875,"2022-07-28",209,"2022-06-15",166,2,0,993.5135,0.497916666666667,24,"",2,2,0,1.297375,7.19804166666667,12.8961131779101,15.34025,12.1369490740741,13.6157916666667,8.35895833333333,14.580130952381,1.38154166666667,"Chinook","AHT",2022,NA
"242","CHA",78,78,0,0,0,0,0,14.0669770299145,2.3847227404881,5.68690254900106,9.75583333333334,8.83852291666667,12.84865625,14.9144375,15.7015104166667,16.55529375,"2022-07-28",209,"2022-06-15",166,38,0,1097.22420833333,30.413875,13,"2022-07-26",18,9,3,1.5725,7.33741666666667,14.2908388723545,17.09325,13.3417876157407,15.1082303240741,8.47573214285714,16.6214226190476,1.600625,"Chinook","AHT",2022,207
"243","HER",78,78,0,0,0,0,0,11.9730742521368,1.71215369686399,2.93147028168504,6.88479166666667,8.49366041666667,10.7799166666667,12.6024583333333,13.1628645833333,13.7670375,"2022-08-21",233,"2022-06-15",166,0,0,933.899791666667,0,24,"",0,0,0,1.43875,7.06391666666667,12.0845241402116,13.9487083333333,11.3355515046296,12.7533391203704,8.18652380952381,13.4990833333333,1.34895833333333,"Chinook","AHT",2022,NA
"244","LAK",78,78,0,0,0,0,0,11.6578579059829,2.41011388942024,5.80864895997637,9.108625,6.35720208333333,10.2130208333333,12.5938541666667,13.38725,13.9615458333333,"2022-07-28",209,"2022-06-15",166,0,0,909.312916666667,0,25,"",0,0,0,1.37920833333333,5.267,11.876978505291,14.375625,11.0264212962963,12.6668703703704,6.05392857142857,13.966880952381,1.39725,"Chinook","AHT",2022,NA
"245","LOO",78,78,0,0,0,0,0,10.9521260683761,1.97945558535947,3.91824441441082,7.05866666666667,7.17254166666667,9.26064583333333,11.9427708333333,12.4808854166667,12.94905625,"2022-08-12",224,"2022-06-15",166,0,0,854.265833333333,0,44,"",0,0,0,1.17054166666667,6.023125,11.0723693783069,13.0817916666667,10.5313541666667,11.6328061342593,6.75622023809524,12.7841369047619,0.977937499999999,"Chinook","AHT",2022,NA
"246","VAL",78,78,0,0,0,0,0,14.6996025641026,2.02604942677814,4.10487627974803,9.01158333333333,10.6269895833333,13.655625,15.437375,16.0083229166667,16.9909604166667,"2022-07-28",209,"2022-06-20",171,46,0,1146.569,46.1117083333333,8,"2022-07-26",38,2,2,2.21179166666667,8.415,14.8791224371693,17.4265833333333,13.8997916666667,15.7449322916667,9.96317261904762,16.9622619047619,1.69508333333333,"Chinook","AHT",2022,207
"247","WFC",78,78,0,0,0,0,0,12.3352724358974,1.91501583450521,3.66728564640568,7.672625,8.10617291666667,11.2985833333333,12.9159583333333,13.6511458333333,14.3486604166667,"2022-07-28",209,"2022-06-15",166,0,0,962.15125,0,25,"",0,0,0,1.38875,7.09020833333333,12.5067258597884,14.7628333333333,11.6792065972222,13.2406510416667,7.96729166666667,14.45375,1.30733333333333,"Chinook","AHT",2022,NA
"248","BIU",78,38,0,0,0,0,0,9.52125614035088,1.94524295987944,3.78397017296053,6.6465,6.16511666666667,7.90515625,10.0443125,11.2288729166667,12.05770625,"2023-07-21",202,"2023-06-20",171,0,0,361.807733333333,0,33,"",0,0,0,1.100125,5.512,9.53923225446429,12.1585,8.69749557291667,10.33020703125,6.69049404761905,11.849880952381,1.5625,"Chinook","AHT",2023,NA
"249","BVC",78,78,0,0,0,0,0,14.3294726742275,2.31089412097349,5.34023163834982,10.4007083333333,9.78622083333333,13.3724895833333,14.718875,15.9962764423077,17.3575458333333,"2023-08-18",230,"2023-06-20",171,36,0,1117.69886858974,40.8571185897436,13,"2023-07-15",24,5,2,1.66008333333333,7.24491666666667,14.4993321695665,17.645625,13.2638094284188,15.6670578703704,9.11084523809524,16.9291428571429,2.202875,"Chinook","AHT",2023,196
"250","CAM",78,33,0,0,0,0,0,11.0347876262626,2.15269490296316,4.63409534524358,7.31683333333333,7.80545833333333,9.35154166666667,11.9505833333333,12.6022,14.00725,"2023-07-16",197,"2023-06-20",171,0,0,364.147991666667,0,18,"",0,0,0,1.23058333333333,7.045125,11.0222173280423,14.3619583333333,10.0476709876543,12.0206111111111,8.24169642857143,13.6132857142857,2.001375,"Chinook","AHT",2023,NA
"251","CHA",78,78,0,0,0,0,0,13.8873237179487,2.21440792713413,4.90360246775447,9.926875,9.55237291666667,12.9697916666667,14.3069791666667,15.5217083333333,16.69976875,"2023-08-15",227,"2023-06-19",170,30,0,1083.21125,23.951875,13,"2023-07-15",21,4,2,1.52158333333333,7.18075,14.1010675429894,17.107625,12.9983587962963,15.1917228009259,8.89335119047619,16.0963273809524,2.11025,"Chinook","AHT",2023,196
"252","HER",78,78,0,0,0,0,0,11.1502143537769,1.794876600011,3.22158200926705,7.86025,7.75494791666667,10.6092291666667,11.5111666666667,12.394125,13.311825,"2023-08-18",230,"2023-06-20",171,0,0,869.716719594595,0,47,"",0,0,0,1.80541666666667,6.46729166666667,11.2471760823323,14.3275416666667,10.2470885885886,12.1734594907407,7.40520833333333,13.5084166666667,1.76054166666667,"Chinook","AHT",2023,NA
"253","LOO",78,78,0,0,0,0,0,11.2254110042735,1.95970389616054,3.84043936062679,8.69041666666667,7.46400416666667,10.4947708333333,11.9082708333333,12.4407395833333,13.6259791666667,"2023-08-18",230,"2023-06-20",171,0,0,875.582058333333,0,39,"",0,0,0,1.11679166666667,5.87304166666667,11.3552181547619,14.5634583333333,10.523890162037,12.1863478009259,7.08959523809524,13.7358928571429,1.55816666666667,"Chinook","AHT",2023,NA
"254","VAL",78,78,0,0,0,0,0,14.5928962442472,2.33788010719841,5.46568339563404,10.2609166666667,9.85795208333333,13.904,15.1416041666667,16.20115625,17.7065208333333,"2023-08-18",230,"2023-06-20",171,43,0,1138.24590705128,51.984625,13,"2023-07-15",15,10,4,1.70225,7.93791666666667,14.7544887884107,18.1988333333333,13.5131425836895,15.9782488425926,9.51467857142857,17.2916369047619,2.55654166666667,"Chinook","AHT",2023,196
"255","WFC",78,78,0,0,0,0,0,11.867217948718,1.91456133210139,3.66554509437784,8.61004166666667,7.90997291666667,11.0714791666667,12.3898541666667,13.32034375,14.26668125,"2023-08-15",227,"2023-06-19",170,0,0,925.643,0,33,"",0,0,0,0.989750000000001,6.185625,12.0360339781746,14.7956666666667,11.0900636574074,12.9967650462963,7.50266666666667,13.9,1.69154166666667,"Chinook","AHT",2023,NA
"256","BVC",78,78,0,0,0,0,0,14.7110069444444,2.3033214454599,5.30528968111547,10.3344583333333,10.56716875,13.37165625,14.9374166666667,16.5910833333333,17.6494229166667,"2024-07-23",205,"2024-06-18",170,38,0,1147.45854166667,59.325,10,"2024-07-12",35,2,1,1.97970833333333,7.68645833333333,15.0139500661376,18.0209166666667,13.7498240740741,16.2120706018519,10.25475,17.7010952380952,2.26435416666667,"Chinook","AHT",2024,194
"257","CHA",78,78,0,0,0,0,0,14.0606884920635,2.49640399728937,6.23203291768235,11.1737916666667,9.2814375,12.544,14.3152916666667,16.0070833333333,17.4888428571429,"2024-07-25",207,"2024-06-17",169,28,0,1096.73370238095,43.2107023809524,12,"2024-07-14",19,8,2,1.77733333333333,6.7685,14.3804122850529,17.9422916666667,12.9521614583333,15.6542106481481,8.83331547619048,17.477369047619,2.5624375,"Chinook","AHT",2024,196
"258","CHC",78,78,0,0,0,0,0,9.73801372630992,1.66324828786106,2.76639486707274,7.15929166666667,6.81478333333333,8.89894791666667,10.0375833333333,11.1734864130435,11.8562958333333,"2024-07-25",207,"2024-06-18",170,0,0,759.565070652174,0,72,"",0,0,0,1.621625,5.08366666666667,9.97290268432252,12.2429583333333,8.81103975442834,10.9769305555556,6.74420238095238,11.7637619047619,1.85866666666667,"Chinook","AHT",2024,NA
"259","HER",78,78,0,0,0,0,0,12.1762473290598,1.68753492154743,2.84777411144209,8.440875,8.9145,11.3411666666667,12.2779166666667,13.4627708333333,14.3682833333333,"2024-08-04",217,"2024-06-18",170,0,0,949.747291666667,0,32,"",0,0,0,1.834375,6.34558333333333,12.3772292493386,14.7864583333333,11.2505885416667,13.4794820601852,8.33429166666667,13.9932142857143,1.82747916666667,"Chinook","AHT",2024,NA
"260","LOO",78,78,0,0,0,0,0,11.8300336538462,1.87774005884282,3.52590772858305,8.74566666666667,8.13266875,10.7837083333333,12.0032916666667,13.3041979166667,14.2301354166667,"2024-07-25",207,"2024-06-18",170,0,0,922.742625,0,39,"",0,0,0,1.3375,6.00108333333333,12.0639126984127,14.74675,10.9936880787037,13.0146319444444,7.60765476190476,14.0848273809524,1.87625,"Chinook","AHT",2024,NA
"261","VAL",78,78,0,0,0,0,0,14.7459337606838,2.33548407713877,5.45448587456872,9.67908333333333,10.29941875,13.4763229166667,15.045375,16.7700104166667,17.6548270833333,"2024-07-23",205,"2024-06-18",170,40,0,1150.18283333333,61.356875,11,"2024-07-11",22,2,2,2.15183333333333,8.723125,15.0813048115079,18.4022083333333,13.4908460648148,16.4624241898148,10.916505952381,17.6780833333333,2.79383333333333,"Chinook","AHT",2024,193
"262","WFC",78,78,0,0,0,0,0,11.911199543512,2.19820222291288,4.83209301281912,9.98483333333333,7.4745375,10.342375,12.2623958333333,13.4723854166667,15.0290270833333,"2024-07-25",207,"2024-06-18",170,5,0,929.073564393939,1.11195833333333,35,"",2,2,0,1.468,5.84295833333333,12.1879551767677,15.8277916666667,10.925134837963,13.3649398674242,7.3418630952381,14.9210297619048,2.3675,"Chinook","AHT",2024,NA
"263","BVC",78,48,0,0,0,0,0,15.0139088541667,2.05611121016328,4.22759330855912,8.54095833333333,10.6970270833333,13.8497916666667,15.4099375,16.349125,17.4297041666667,"2025-07-14",195,"2025-06-22",173,29,0,720.667625,38.7629166666667,4,"2025-07-13",15,9,3,1.866625,9.57595833333333,15.169387755102,18.1169166666667,13.7064027777778,16.4483353174603,11.4112321428571,17.405244047619,2.58220833333333,"Chinook","AHT",2025,194
"264","CHA",78,63,0,0,0,0,0,14.4496248110355,1.9679337266148,3.872763152348,8.76458333333333,10.7959625,13.5573125,14.3725416666667,16.0581458333333,16.7808583333333,"2025-07-14",195,"2025-06-23",174,29,0,910.326363095238,31.405,7,"2025-07-13",13,6,4,2.02575,8.669625,14.5170756802721,17.4342083333333,12.9786708437761,15.8987777777778,10.6687738095238,16.7017619047619,2.67245833333333,"Chinook","AHT",2025,194
"265","CHC",78,43,0,0,0,0,0,9.74711531007752,1.44836162641202,2.09775140086286,6.26745833333333,7.136675,8.8916875,10.0414583333333,10.9628958333333,11.3294541666667,"2025-07-14",195,"2025-06-22",173,0,0,419.125958333333,0,41,"",0,0,0,1.329375,5.75433333333333,9.87864671814672,12.0217916666667,8.78171846846847,10.8245225225225,7.41148214285714,11.3807440476191,1.67754166666667,"Chinook","AHT",2025,NA
"266","HER",78,41,0,0,0,0,0,12.4344664634146,1.62655522405298,2.64568189689405,7.45533333333333,9.54875,11.64725,12.734875,13.460375,14.5685,"2025-07-13",194,"2025-06-22",173,0,0,509.813125,0,12,"",0,0,0,2.10579166666667,7.44295833333333,12.5126481292517,14.8982916666667,11.0552297619048,13.6322654761905,9.84609523809524,14.3563333333333,2.28541666666667,"Chinook","AHT",2025,NA
"267","LOO",78,39,0,0,0,0,0,11.1450387667888,1.82987240636861,3.34843302358924,7.39575,7.95215416666667,9.90929166666667,11.494375,12.7843333333333,13.4655416666667,"2025-07-14",195,"2025-06-22",173,0,0,434.656511904762,0,25,"",0,0,0,1.53175,6.42658333333333,11.2119867037724,13.8223333333333,10.0226645021645,12.1540050505051,8.44242261904762,13.3642678571429,1.84775,"Chinook","AHT",2025,NA
"268","MAR",78,42,0,0,0,0,0,12.1366721611722,1.51920148611921,2.30797315542681,6.88154166666667,9.15547820512821,11.3551770833333,12.5263125,13.2401666666667,13.9385291666667,"2025-07-14",195,"2025-06-22",173,0,0,509.740230769231,0,16,"",0,0,0,1.30420833333333,7.81241666666667,12.2496642755393,14.6939583333333,11.0021082621083,13.2913333333333,9.66642261904762,13.9019107142857,1.78504166666667,"Chinook","AHT",2025,NA
"269","SFS",78,49,0,0,0,0,0,15.0210854591837,2.45848917085012,6.0441690031873,10.0837916666667,10.081425,13.5914583333333,15.748125,16.9832916666667,17.4724,"2025-07-14",195,"2025-06-22",173,31,0,736.0331875,49.1337708333333,7,"2025-07-13",15,11,3,1.82866666666667,8.14866666666667,15.1502814922481,18.2324583333333,13.4442078488372,16.6091753875969,10.7004107142857,17.4126964285714,2.83329166666667,"Chinook","AHT",2025,194
"270","VAL",78,43,0,0,0,0,0,14.8456957364341,1.88608380695636,3.557312126863,8.45004166666667,11.1053375,14.0215,15.4081666666667,16.1215625,17.0567375,"2025-07-14",195,"2025-06-22",173,24,0,638.364916666667,28.9337916666667,3,"2025-07-12",20,12,2,1.54404166666667,9.61725,14.9651418918919,18.0672916666667,13.5975135135135,16.1223682432432,11.8087321428571,17.0031071428571,2.00175,"Chinook","AHT",2025,193
"271","WFC",78,61,0,0,0,0,0,12.3199644808743,1.76678388802729,3.12152530699283,7.56116666666667,8.893375,11.260625,12.5121666666667,13.7663333333333,14.4022083333333,"2025-07-14",195,"2025-06-22",173,0,0,751.517833333333,0,23,"",0,0,0,1.765,7.24645833333333,12.3777717532468,14.807625,10.9914151515152,13.6928424242424,8.97079761904762,14.1830892857143,2.60754166666667,"Chinook","AHT",2025,NA
"822","MAR",61,61,0,0,0,0,0,10.4209084699454,1.83000958977229,3.34893509865855,7.52491666666667,8.153875,8.89133333333333,10.0162916666667,11.8244583333333,13.6662916666667,"1994-08-03",215,"1994-09-11",254,3,0,635.675416666667,1.31941666666667,55,"",3,3,1,1.787625,7.10370833333333,10.3418057359307,14.628625,9.54262954545455,11.0411507575758,8.27581547619048,13.7281369047619,1.31654166666667,"Chinook","AST",1994,NA
"823","STH",61,61,0,0,0,0,0,12.6965683060109,1.51490399016677,2.29493409942319,6.04175,10.7580416666667,11.3744583333333,12.4745833333333,13.887,15.3163333333333,"1994-08-03",215,"1994-09-11",254,15,0,774.490666666667,11.8027083333333,37,"1994-08-07",9,2,2,1.52495833333333,9.8495,12.6548543290043,15.89125,11.9073287878788,13.2435628787879,10.8780773809524,15.2704523809524,1.15429166666667,"Chinook","AST",1994,219
"824","VAL",61,61,3,0.0491803278688525,3,0.0491803278688525,0.0983606557377049,13.5370946969697,2.24464263073161,5.03842053969771,9.26245833333333,10.6220229166667,11.4257291666667,13.3120625,15.2622083333333,17.2117604166667,"1994-08-03",215,"1994-09-11",254,23,0,785.151492424242,43.1119166666667,26,"1994-08-07",11,5,2,2.01658333333334,9.22883333333333,13.3296523538961,18.4912916666667,12.2386502066116,14.2291659090909,10.6192916666667,17.3132738095238,1.91683333333333,"Chinook","AST",1994,219
"825","MAR",61,61,0,0,0,0,0,10.2666690722262,1.83839386627679,3.37969200756414,8.17083333333333,6.707875,9.47352173913043,10.5579166666667,11.5204166666667,12.733,"1995-08-06",218,"1995-09-30",273,0,0,626.266813405797,0,59,"",0,0,0,1.28329166666667,5.04129166666667,10.3374341614907,13.212125,9.38227084980237,11.3206727272727,7.09426190476191,12.4674880952381,1.96254166666667,"Chinook","AST",1995,NA
"826","STH",61,61,0,0,0,0,0,12.330049863388,1.73929750434256,3.02515580861225,7.80879166666667,9.00379166666667,11.562,12.5371666666667,13.4745833333333,14.5204166666667,"1995-08-04",216,"1995-09-30",273,10,0,752.133041666667,5.47933333333333,34,"1995-08-07",7,2,1,1.621,7.57020833333333,12.3874145021645,15.379,11.5848060606061,13.2384068181818,9.29419642857143,14.7150476190476,1.74566666666667,"Chinook","AST",1995,219
"827","VAL",61,61,0,0,0,0,0,12.9472056010929,2.14261742052946,4.5908094107563,9.57904166666667,8.762,11.9162083333333,13.3745833333333,14.6536666666667,15.7372083333333,"1995-08-06",218,"1995-09-30",273,20,0,789.779541666667,19.5872083333333,25,"1995-08-07",7,3,3,1.76241666666667,6.57470833333333,13.05414004329,16.15375,11.9585545454545,14.1029204545455,9.17227380952381,15.3096845238095,2.15829166666667,"Chinook","AST",1995,219
"828","MAR",61,61,0,0,0,0,0,9.67778961748634,2.33651574433387,5.45930582352004,8.02770833333333,5.77958333333333,7.40829166666667,10.35425,11.317625,12.7592083333333,"1996-08-14",227,"1996-09-23",267,0,0,590.345166666667,0,53,"",0,0,0,1.25145833333333,5.33133333333333,9.73302261904762,13.3590416666667,8.66634242424243,10.8308227272727,6.02011904761905,12.8272738095238,1.95375,"Chinook","AST",1996,NA
"829","SEC",61,51,0,0,0,0,0,10.7356209150327,2.04756550434926,4.19252449460103,6.74258333333333,7.057375,8.808125,11.5928333333333,12.1641458333333,13.2275416666667,"1997-08-24",236,"1997-09-19",262,0,0,547.516666666667,0,47,"",0,0,0,1.09458333333333,6.84958333333333,10.8800436507937,13.5921666666667,9.90698796296296,11.8862074074074,7.61458928571429,13.0257857142857,1.84933333333333,"Chinook","AST",1997,NA
"830","SFS",61,35,0,0,0,0,0,10.6419043650794,1.82723994621135,3.33880582103045,6.84944444444444,7.8535875,9.1244375,11.0800416666667,11.9695208333333,13.0696625,"1997-08-27",239,"1997-09-28",271,1,0,372.466652777778,0.561777777777778,33,"",1,1,0,1.195625,7.71233333333333,10.656685892173,14.5617777777778,9.6053275862069,11.9588170498084,8.42581547619048,12.3726547619048,1.96266666666667,"Chinook","AST",1997,NA
"831","MAR",61,61,0,0,0,0,0,11.3079918032787,1.84276998890037,3.39580123199188,7.72791666666667,8.27620833333333,10.635375,11.4982083333333,12.4635416666667,14.267,"1998-08-05",217,"1998-09-25",268,5,0,689.7875,1.93858333333333,52,"",5,5,1,1.79633333333334,7.177125,11.3585438311688,14.9050416666667,10.3458560606061,12.2454287878788,8.1784880952381,14.0796547619048,1.70425,"Chinook","AST",1998,NA
"832","SEC",61,61,0,0,0,0,0,12.3823442622951,2.50939773872247,6.29707701110542,8.44275,7.907,11.4320416666667,12.63175,14.2463333333333,15.6349583333333,"1998-08-07",219,"1998-09-22",265,16,0,755.323,19.7605416666667,34,"1998-08-08",15,8,1,1.09333333333333,7.45916666666667,12.4974547619048,15.9019166666667,11.5273659090909,13.4890575757576,7.97018452380952,15.3471845238095,1.65558333333333,"Chinook","AST",1998,220
"833","SFS",61,61,0,0,0,0,0,12.8734590163934,2.09292851403082,4.38034976484328,7.542125,8.984625,12.1407916666667,13.158,14.062,15.6365416666667,"1998-08-05",217,"1998-09-24",267,17,0,785.281,18.8106666666667,27,"1998-08-09",14,2,1,1.33033333333333,8.464875,13.0031446969697,16.007,12.0098204545455,13.9403893939394,8.91314285714286,15.3380833333333,1.60795833333333,"Chinook","AST",1998,221
"834","STH",61,61,0,0,0,0,0,12.7666352459016,1.76115414946407,3.10166393817452,7.34029166666667,9.743375,12.1719166666667,12.99925,13.7659166666667,15.1915833333333,"1998-08-05",217,"1998-09-25",268,14,0,778.76475,12.1949166666667,31,"1998-08-08",7,7,2,1.29704166666667,8.76133333333333,12.8317270562771,16.101625,11.9560189393939,13.5843886363636,9.61667261904762,15.2011904761905,1.32033333333333,"Chinook","AST",1998,220
"835","VAL",61,61,0,0,0,0,0,14.0496933060109,2.18553615069029,4.77656826597412,9.24875,10.2221666666667,13.315,14.2462916666667,15.5650416666667,17.147125,"1998-08-05",217,"1998-09-25",268,36,0,857.031291666667,53.3277916666667,13,"1998-08-08",21,6,3,2.16341666666667,8.60666666666667,14.1432538961039,17.8554166666667,12.8292522727273,15.1767742424242,10.1159642857143,16.8694821428571,2.20508333333333,"Chinook","AST",1998,220
"836","MAR",61,61,0,0,0,0,0,9.87079030054645,2.08783621822452,4.35906007413005,8.66608333333333,5.51379166666667,8.6375,10.135875,11.528375,12.5625,"1999-08-19",231,"1999-09-27",270,0,0,602.118208333333,0,57,"",0,0,0,2.090625,4.12316666666667,10.0230069264069,12.78925,8.95131818181818,10.9518348484848,6.04930952380952,12.1135416666667,1.64370833333333,"Chinook","AST",1999,NA
"837","SEC",61,61,0,0,0,0,0,10.5412691553813,2.91975466023656,8.52496727597313,11.9970833333333,5.040375,8.83033333333333,9.95404347826087,13.421375,14.0875416666667,"1999-08-27",239,"1999-09-28",271,4,2,643.017418478261,1.36604166666667,37,"",3,2,1,1.82891666666667,2.82379166666667,10.7447855307736,14.820875,9.1860946969697,12.1222902832675,5.68143452380952,14.0329107142857,2.16891666666667,"Chinook","AST",1999,NA
"838","SFS",61,61,0,0,0,0,0,11.1516516393443,2.7581303150786,7.6072828349556,10.6339166666667,5.62545833333333,9.60054166666667,11.240875,13.553875,14.4304166666667,"1999-08-19",231,"1999-09-28",271,11,1,680.25075,3.72070833333333,35,"",4,3,2,1.751,3.99554166666667,11.3590353896104,14.6294583333333,10.0225378787879,12.6407924242424,6.37961904761905,14.1863154761905,2.240875,"Chinook","AST",1999,NA
"839","STH",61,61,0,0,0,0,0,11.7871400273224,1.91271870936917,3.65849286117088,7.88175,7.474,10.7496666666667,11.7682916666667,13.4094583333333,14.1429166666667,"1999-08-21",233,"1999-09-28",271,7,0,719.015541666667,0.860250000000002,41,"",2,1,0,1.52166666666667,6.34279166666667,11.9127303030303,14.2245416666667,10.9773772727273,12.7371787878788,8.22475,13.7862916666667,1.64795833333333,"Chinook","AST",1999,NA
"840","VAL",61,61,0,0,0,0,0,12.3666980874317,2.52759105825934,6.38871655779258,11.2363333333333,6.83916666666667,11.0054166666667,12.7408333333333,14.5065416666667,15.5300833333333,"1999-08-21",233,"1999-09-28",271,20,0,754.368583333333,18.3513333333333,29,"1999-08-30",7,2,3,1.91345833333333,5.10791666666667,12.567471969697,16.34425,11.3515553030303,13.6596272727273,7.58655357142857,15.1186369047619,1.79395833333333,"Chinook","AST",1999,242
"841","MAR",61,61,0,0,0,0,0,10.3172971311475,2.22458953934114,4.94879861854603,9.14283333333334,6.56791666666667,8.79679166666667,10.6195833333333,11.8980416666667,13.3482083333333,"2000-08-02",215,"2000-09-23",267,2,0,629.355125,0.878000000000002,54,"",2,2,0,3.244375,5.58595833333333,10.314657034632,14.7287916666667,9.02082196969697,11.4147659090909,6.41797619047619,13.2859285714286,1.72358333333333,"Chinook","AST",2000,NA
"842","SEC",61,61,0,0,0,0,0,11.5775573770492,3.69538977632507,13.6559055989678,13.662875,5.80079166666667,8.68170833333333,11.9786666666667,14.1186666666667,17.3237083333333,"2000-08-04",217,"2000-09-24",268,17,0,706.231,33.4117916666667,35,"2000-08-07",15,8,1,2.54745833333333,4.59970833333333,11.5487482683983,18.2625833333333,9.84875151515151,13.1265833333333,5.57176785714286,17.1555238095238,2.595875,"Chinook","AST",2000,220
"843","SFS",61,61,0,0,0,0,0,12.0239324958422,3.31444579740417,10.9855509439302,12.7004166666667,6.40716666666667,9.52083333333333,12.6539166666667,14.3106666666667,17.12375,"2000-08-04",217,"2000-09-24",268,17,0,733.459882246377,31.0687155797102,32,"2000-08-07",15,8,1,2.013875,5.258625,12.0105569828722,17.9590416666667,10.3300431818182,13.5223121212121,6.35289285714286,16.8135546066253,2.64383333333333,"Chinook","AST",2000,220
"844","STH",61,61,0,0,0,0,0,12.1394241803279,1.96557701253777,3.86349299221691,7.89883333333333,8.85195833333333,10.8724166666667,12.5292083333333,13.6285,14.724125,"2000-08-02",215,"2000-09-23",267,10,0,740.504875,7.24083333333334,39,"",5,2,1,3.201125,7.97754166666667,12.139276948052,15.876375,11.0168401515152,13.0850939393939,8.66722619047619,14.7966369047619,1.78675,"Chinook","AST",2000,NA
"845","VAL",61,61,0,0,0,0,0,13.0184307377049,2.78981318612729,7.78305761348968,10.8365416666667,8.15379166666667,11.1155833333333,13.5282916666667,14.9917083333333,16.82465,"2000-08-02",215,"2000-09-24",268,25,0,794.124275,39.5718166666667,25,"2000-08-07",19,2,2,3.675,7.38145833333333,13.0069131385281,18.218,11.5007916666667,14.359371969697,8.03205357142857,16.8327892857143,2.52645833333333,"Chinook","AST",2000,220
"846","MAR",61,61,0,0,0,0,0,11.1854969262295,1.77120931835256,3.13718244941893,6.47383333333333,8.54025,9.59745833333333,11.5103333333333,12.5767083333333,13.6193333333333,"2001-08-08",220,"2001-09-30",273,2,0,682.3153125,0.600958333333333,49,"",2,2,0,3.28827083333333,7.984625,11.254109469697,14.4584583333333,10.2730806818182,12.195203030303,8.71651190476191,13.7376726190476,1.78908333333333,"Chinook","AST",2001,NA
"847","SEC",61,61,0,0,0,0,0,12.8622110655738,2.58572757775411,6.68598710635815,9.11983333333333,8.72625,10.3025,13.5700833333333,15.0583333333333,16.1734583333333,"2001-08-08",220,"2001-09-30",273,25,0,784.594875,34.78375,29,"2001-08-08",20,12,2,2.30075,8.338125,12.999880952381,17.4579583333333,11.672603030303,14.2487371212121,9.47397023809524,16.3556547619048,2.66795833333334,"Chinook","AST",2001,220
"848","STH",61,61,0,0,0,0,0,13.106125,1.58252588603689,2.50438817997685,6.49525,10.4352916666667,11.8453333333333,13.5328333333333,14.31175,15.17375,"2001-08-08",220,"2001-09-06",249,22,0,799.473625,14.6532916666667,27,"2001-08-07",8,4,4,1.18370833333333,9.26675,13.150933982684,15.762,12.1700083333333,13.9437265151515,10.8964285714286,15.1369404761905,1.40095833333333,"Chinook","AST",2001,219
"849","VAL",61,61,0,0,0,0,0,14.2909863387978,2.31585695535313,5.36319343765748,8.32575,10.6682916666667,12.273625,14.9720833333333,16.3065,17.3866666666667,"2001-08-08",220,"2001-09-06",249,35,0,871.750166666667,70.8589166666667,18,"2001-08-07",34,17,1,1.58675,9.77920833333333,14.356011038961,18.1049583333333,13.1565287878788,15.4414833333333,11.1748035714286,17.2687023809524,1.97733333333333,"Chinook","AST",2001,219
"850","MAR",61,61,0,0,0,0,0,9.99605419933476,1.85685581637367,3.44791352280074,7.15958333333333,6.54875,8.78666666666667,10.0545833333333,11.4358333333333,12.583875,"2002-08-05",217,"2002-09-30",273,0,0,609.75930615942,0,59,"",0,0,0,1.82041666666667,5.745,10.0649319734613,12.9045833333333,9.04170378787879,10.9386954545455,6.68071428571429,12.2666726190476,1.93833333333333,"Chinook","AST",2002,NA
"851","SEC",61,61,0,0,0,0,0,10.9109419398907,2.36212854523084,5.57965126419437,9.56008333333333,7.01329166666667,9.5855,11.123375,12.7317916666667,13.8091666666667,"2002-08-04",216,"2002-09-30",273,2,0,665.567458333333,0.591666666666667,47,"",1,1,0,1.49758333333333,4.84033333333333,11.0243079004329,14.4004166666667,9.61119772727273,12.2180234848485,6.5601369047619,13.6271428571429,2.49125,"Chinook","AST",2002,NA
"852","SFS",61,61,0,0,0,0,0,11.7308702185792,2.23650315964622,5.00194638310754,9.6745,7.86966666666667,10.2007083333333,12.1938333333333,13.429125,14.282625,"2002-08-04",216,"2002-09-30",273,9,0,715.583083333333,3.83645833333333,38,"",5,4,2,1.17720833333333,5.78533333333333,11.8407028138528,15.4598333333333,10.5826689393939,12.9791598484848,7.61213690476191,14.0632142857143,2.42604166666667,"Chinook","AST",2002,NA
"853","STH",61,61,0,0,0,0,0,12.0838224043716,1.68196662950265,2.82901174276051,7.17870833333333,9.089,11.051125,12.2007916666667,13.5345416666667,14.227875,"2002-08-15",227,"2002-09-30",273,7,0,737.113166666667,1.772625,40,"",4,2,1,2.121,7.3175,12.1803574675325,14.4962083333333,11.2989984848485,12.9164984848485,8.92199404761905,14.162869047619,1.58183333333333,"Chinook","AST",2002,NA
"854","VAL",61,61,0,0,0,0,0,12.7971051912568,2.28999381125597,5.24407165559066,9.17445833333333,8.543,11.2799166666667,12.8241666666667,14.5025,15.742375,"2002-08-05",217,"2002-09-30",273,24,0,780.623416666667,24.9457083333333,32,"2002-08-07",12,5,3,2.51779166666667,6.952125,12.9108493506494,16.1265833333333,11.6777159090909,13.9652356060606,8.64686309523809,15.5839404761905,2.175125,"Chinook","AST",2002,219
"855","MAR",61,61,8,0.131147540983607,8,0.131147540983607,0.262295081967213,10.3756394654088,2.35339426069662,5.53846454627978,9.54039166666667,7.254225,8.063,10.977,12.4183333333333,13.2915,"2003-08-09",221,"2003-09-18",261,2,0,549.908891666667,1.92964166666667,46,"",1,1,0,1.70579166666667,6.14620833333333,10.7069224985025,15.6866,NA,NA,7.15175595238095,15.6866,1.92004166666667,"Chinook","AST",2003,NA
"856","SEC",61,61,0,0,0,0,0,12.0821168032787,3.13916962289168,9.85438592128586,10.0070833333333,7.3225,8.77791666666667,13.0708333333333,14.7755833333333,15.858,"2003-08-01",213,"2003-09-18",261,23,0,737.009125,24.6969583333333,27,"2003-08-07",11,5,2,1.49083333333333,6.27916666666667,12.0752930735931,16.28625,11.0692340909091,13.1601992424242,7.15505952380952,15.4627023809524,1.64625,"Chinook","AST",2003,219
"857","SFS",61,61,0,0,0,0,0,12.4651702185792,3.02482512161993,9.14956701638301,10.8492583333333,7.805875,9.33708333333333,13.600125,14.8804166666667,16.0033333333333,"2003-08-18",230,"2003-09-18",261,26,0,760.375383333333,30.8320916666667,24,"2003-08-07",16,3,3,4.2668,6.52254166666667,12.4810471212121,17.3718,11.264121969697,13.7633343939394,7.64401785714286,15.6965369047619,1.828,"Chinook","AST",2003,219
"858","STH",61,61,0,0,0,0,0,12.8652700260805,2.2068144896949,4.87003019192738,8.83920075757576,9.62258333333333,10.7957083333333,13.47825,14.523375,15.6487083333333,"2003-08-10",222,"2003-09-18",261,23,0,784.781471590909,23.8962424242424,26,"2003-08-07",11,5,3,3.92447159090909,8.66370833333333,12.8491148514364,17.5029090909091,11.751884469697,13.9520596418733,9.51302976190476,15.5517965367965,1.94583333333333,"Chinook","AST",2003,219
"859","VAL",61,61,0,0,0,0,0,13.5669788251366,2.90957901500172,8.46565004453837,9.98420833333333,8.95570833333333,10.91225,14.6195833333333,15.8221666666667,17.1300416666667,"2003-08-16",228,"2003-09-18",261,35,0,827.585708333333,63.5285,23,"2003-08-07",20,8,3,2.023625,7.48041666666667,13.5421318181818,17.464625,12.1185560606061,14.757521969697,8.901,16.5694583333333,2.31458333333333,"Chinook","AST",2003,219
"860","MAR",61,61,0,0,0,0,0,10.2971106557377,2.2594960002547,5.10532217516697,7.9675,6.71916666666667,8.4025,10.0670833333333,12.38375,13.4254166666667,"2004-08-18",231,"2004-09-20",264,0,0,628.12375,0,53,"",0,0,0,1.52625,5.7725,10.2615075757576,13.74,9.15326515151515,11.3635227272727,6.93333333333333,13.0648214285714,2.1975,"Chinook","AST",2004,NA
"861","SFS",61,61,0,0,0,0,0,11.8540300546448,3.05486850140677,9.33222156088722,11.0120833333333,7.58458333333333,9.11916666666667,11.19375,14.9370833333333,16.0991666666667,"2004-08-16",229,"2004-09-20",264,21,0,723.095833333333,30.7908333333333,37,"2004-08-07",21,21,1,1.16625,6.28166666666667,11.7959090909091,17.29375,10.4219318181818,13.2513333333333,7.62125,16.0802380952381,2.66208333333333,"Chinook","AST",2004,220
"862","STH",61,61,0,0,0,0,0,12.3296174863388,2.08285280610341,4.33827581189284,7.72166666666667,8.95083333333333,10.5441666666667,12.2579166666667,14.2883333333333,14.9216666666667,"2004-08-01",214,"2004-09-19",263,20,0,752.106666666667,12.3783333333333,35,"2004-08-13",15,10,2,1.3875,7.61,12.3216071428571,15.3316666666667,11.1832045454545,13.2481818181818,9.07595238095238,14.7407142857143,2.10583333333333,"Chinook","AST",2004,226
"863","VAL",61,61,0,0,0,0,0,12.8299453551913,2.78331907272982,7.74686506062159,9.47208333333333,8.4425,10.4733333333333,12.6491666666667,15.58875,16.4583333333333,"2004-08-15",228,"2004-09-20",264,25,0,782.626666666667,42.8133333333333,33,"2004-08-07",22,12,2,1.91666666666667,7.255,12.8092683982684,16.7270833333333,11.4832045454545,14.0435151515152,8.60291666666667,16.1342261904762,2.84833333333333,"Chinook","AST",2004,220
"864","MAR",61,61,0,0,0,0,0,10.1889412568306,2.26332815129624,5.12265432045006,8.58291666666667,7.17458333333333,7.92333333333333,10.3929166666667,12.1758333333333,13.3929166666667,"2005-08-08",220,"2005-09-12",255,0,0,621.525416666667,0,51,"",0,0,0,2.34083333333333,5.31458333333333,10.1732727272727,13.8975,9.24125757575758,10.9540757575758,7.21309523809524,13.3531547619048,1.2825,"Chinook","AST",2005,NA
"865","SFS",61,61,0,0,0,0,0,12.0325136612022,2.93339104856338,8.60478304379174,10.11875,7.35458333333333,9.63958333333333,12.1254166666667,14.2233333333333,16.4454166666667,"2005-08-08",220,"2005-09-12",255,17,0,733.983333333333,25.29125,35,"2005-08-07",11,4,2,1.56583333333333,6.84458333333333,12.0289632034632,16.9633333333333,10.9287954545455,13.2106060606061,7.84529761904762,15.9335714285714,1.875,"Chinook","AST",2005,219
"866","STH",61,61,0,0,0,0,0,12.5307581967213,1.88432108977641,3.55066596937614,5.96125,9.82375,10.6229166666667,12.7045833333333,14.2833333333333,15.20625,"2005-08-08",220,"2005-09-29",272,17,0,764.37625,13.1658333333333,34,"2005-08-07",11,2,2,1.16166666666667,9.44,12.5361872294372,15.40125,11.8099318181818,13.1740151515152,10.0051785714286,15.1477380952381,1.13625,"Chinook","AST",2005,219
"867","VAL",61,61,0,0,0,0,0,13.2736680327869,2.87103520478321,8.24284314710458,10.3558333333333,9.265,10.3920833333333,13.62125,15.69125,17.3341666666667,"2005-08-08",220,"2005-09-12",255,27,0,809.69375,54.0266666666667,26,"2005-08-07",24,13,2,2.3025,7.71416666666667,13.2789296536797,18.07,12.1762651515152,14.2633333333333,9.59922619047619,17.3631547619048,1.62833333333333,"Chinook","AST",2005,219
"868","BIL",61,61,0,0,0,0,0,12.8004644808743,2.53550399865384,6.42878052718959,8.45125,8.60333333333333,10.16625,12.8529166666667,14.9995833333333,16.2404166666667,"2006-08-10",222,"2006-09-16",259,23,0,780.828333333333,31.4233333333333,31,"2006-08-07",15,5,3,1.63875,8.145,12.815038961039,16.59625,11.6724015151515,13.9041136363636,8.80351190476191,16.1219642857143,2.20833333333333,"Chinook","AST",2006,219
"869","SFS",61,61,0,0,0,0,0,11.1803278688525,2.56961497682752,6.60292112913631,8.71833333333333,7.02291666666667,8.25416666666667,12.0125,12.9025,14.7075,"2006-08-09",221,"2006-09-24",267,8,0,682,5.89291666666667,49,"2006-08-10",8,8,1,1.43208333333333,6.54458333333333,11.2396948051948,15.2629166666667,10.1022878787879,12.228196969697,7.29172619047619,14.7850595238095,1.71875,"Chinook","AST",2006,222
"870","STH",61,61,3,0.0491803278688525,3,0.0491803278688525,0.0983606557377049,11.8066274314766,2.15159841810757,4.62937575280298,7.94605769230769,8.43564583333333,9.82885416666667,12.0070833333333,13.5995833333333,14.6910208333333,"2006-08-04",216,"2006-09-16",259,10,0,684.784391025641,6.09689102564103,37,"2006-08-10",9,5,1,0.923333333333333,7.54625,11.9257619186369,15.4923076923077,10.9359393939394,12.7706223776224,8.55565476190476,14.7680769230769,1.70166666666667,"Chinook","AST",2006,222
"871","VAL",61,61,0,0,0,0,0,12.1605135004822,2.74705668576337,7.54632043479724,9.46166666666667,7.49458333333333,9.84541666666667,12.4975,14.5916666666667,15.7358333333333,"2006-08-09",221,"2006-09-16",259,22,0,741.791323529412,22.5646568627451,36,"2006-08-07",16,2,2,1.06666666666667,6.57541666666667,12.1430462184874,16.0370833333333,10.9039420677362,13.209446969697,7.725,15.7638095238095,1.97583333333333,"Chinook","AST",2006,219
"872","BIL",61,61,0,0,0,0,0,12.9400478142077,2.63776887792448,6.95782465334699,9.97583333333333,8.55583333333333,10.84625,14.1641666666667,14.80375,16.6379166666667,"2007-08-01",213,"2007-09-30",273,31,0,789.342916666667,33.9608333333333,26,"2007-08-07",12,4,4,2.54041666666667,7.35375,12.9866266233766,17.3295833333333,11.6777196969697,14.1474242424242,8.5852380952381,15.9010714285714,2.54666666666667,"Chinook","AST",2007,219
"873","MAR",61,61,0,0,0,0,0,10.1403961748634,2.36342489296547,5.58577722468883,8.55416666666667,6.16541666666667,8.27875,11.2075,11.8879166666667,13.0916666666667,"2007-08-17",229,"2007-09-18",261,0,0,618.564166666667,0,54,"",0,0,0,2.81583333333333,5.31583333333333,10.2318744588745,13.87,9.00273484848485,11.36,6.42428571428571,12.5061904761905,2.19166666666667,"Chinook","AST",2007,NA
"874","SEC",61,61,0,0,0,0,0,11.0314959016393,3.09750301297294,9.59452491537644,12.10875,5.91,9.3975,11.9016666666667,13.0995833333333,15.3854166666667,"2007-08-03",215,"2007-09-30",273,8,0,672.92125,9.16416666666667,40,"",4,1,1,2.13791666666667,4.46375,11.0913398268398,16.5725,9.71619696969697,12.5451060606061,5.77482142857143,14.4948214285714,2.98125,"Chinook","AST",2007,NA
"875","SFS",61,61,0,0,0,0,0,12.1279713114754,2.8102794170788,7.89767040205677,10.4320833333333,7.27625,10.0033333333333,13.0325,14.1679166666667,15.6191666666667,"2007-08-03",215,"2007-09-30",273,18,0,739.80625,18.875,30,"",5,2,3,2.33541666666667,6.04166666666667,12.2139242424242,16.47375,10.7386287878788,13.6535,7.31446428571429,14.9275595238095,2.89958333333333,"Chinook","AST",2007,NA
"876","STH",61,61,0,0,0,0,0,12.2378142076503,2.18252619285508,4.76342058249848,8.32083333333334,8.25875,11.0891666666667,13.0716666666667,13.77,14.8420833333333,"2007-08-01",213,"2007-09-30",273,11,0,746.506666666667,7.42791666666667,27,"",3,1,2,2.46541666666667,7.13916666666667,12.3399480519481,15.46,11.2436212121212,13.3841136363636,8.29964285714286,14.0723214285714,2.18291666666667,"Chinook","AST",2007,NA
"877","VAL",61,61,0,0,0,0,0,12.7941461748634,3.03816263865215,9.23043221890179,11.4683333333333,7.41208333333333,10.8758333333333,13.98625,15.0866666666667,16.5595833333333,"2007-08-17",229,"2007-09-30",273,30,0,780.442916666667,39.31875,27,"2007-08-12",13,8,3,2.75708333333333,6.13291666666667,12.9210974025974,17.60125,11.5691287878788,14.3240378787879,7.65440476190476,15.7541071428571,2.78291666666667,"Chinook","AST",2007,224
"878","BIL",61,61,0,0,0,0,0,12.8409767759563,2.30440773789798,5.31029502248406,7.37916666666667,9.18708333333333,11.1895833333333,12.96125,14.8808333333333,15.93875,"2008-08-15",228,"2008-09-24",268,26,0,783.299583333333,29.7008333333333,31,"2008-08-07",20,4,2,1.92166666666667,8.84708333333333,12.9318344155844,16.22625,11.9220681818182,13.8828484848485,9.11845238095238,15.92625,1.67958333333333,"Chinook","AST",2008,220
"879","BIU",61,49,0,0,0,0,0,8.7889056122449,1.25794133923693,1.58241641296119,4.05941666666667,7.090575,8.011625,8.37395833333333,9.82670833333333,10.7808166666667,"2008-08-18",231,"2008-09-23",267,0,0,430.656375,0,49,"",0,0,0,0.532499999999999,7.008,8.76996746954596,11.0674166666667,8.2047984496124,9.32954748062016,7.11056547619048,10.7435595238095,1.08570833333333,"Chinook","AST",2008,NA
"880","BVC",61,61,0,0,0,0,0,12.1340191256831,2.57898881662848,6.65118331629478,8.51691666666667,8.176,10.313375,12.1999166666667,14.3897916666667,15.783,"2008-08-01",214,"2008-09-22",266,22,0,740.175166666667,21.174,35,"2008-08-07",10,5,3,1.22679166666667,7.57158333333333,12.1455091991342,16.0885,11.0225128787879,13.2101856060606,8.05309523809524,15.4304404761905,1.86125,"Chinook","AST",2008,220
"881","CHA",61,43,0,0,0,0,0,9.21036337209302,1.98668033808527,3.94689876573459,8.738,6.90764583333333,7.77097916666667,8.75020833333333,10.7475625,12.3637208333333,"2008-08-19",232,"2008-09-23",267,1,0,396.045625,0.856500000000001,42,"",1,1,0,1.57116666666667,6.1185,9.11732014157014,14.8565,8.0393277027027,10.200027027027,6.85406547619048,12.1921726190476,1.84908333333333,"Chinook","AST",2008,NA
"882","MAR",61,61,0,0,0,0,0,10.0379098360656,2.00036520463643,4.00146095192016,6.54166666666667,6.64583333333333,8.51666666666667,10.1758333333333,11.9395833333333,12.7158333333333,"2008-08-17",230,"2008-09-25",269,0,0,612.3125,0,61,"",0,0,0,1.22208333333333,6.45625,10.0578214285714,12.9979166666667,9.14411363636364,10.9056439393939,6.785,12.4995833333333,1.60333333333333,"Chinook","AST",2008,NA
"883","SFS",61,61,0,0,0,0,0,12.1530054644809,2.53905157831241,6.44678291733075,8.14666666666667,8.38041666666667,10.1079166666667,11.93,14.4891666666667,15.7204166666667,"2008-08-08",221,"2008-09-23",267,20,0,741.333333333333,21.6270833333333,35,"2008-08-07",10,4,2,1.50958333333333,8.08041666666667,12.204762987013,16.2270833333333,11.0241666666667,13.3669318181818,8.44130952380952,15.5008333333333,2.27875,"Chinook","AST",2008,220
"884","STH",61,61,0,0,0,0,0,11.9448838797814,1.9875101533213,3.95019660955525,6.3625,8.91416666666667,10.355,11.7891666666667,13.7254166666667,14.6283333333333,"2008-08-17",230,"2008-09-23",267,15,0,728.637916666667,6.37333333333334,38,"2008-08-07",9,7,2,1.6075,8.55625,11.9614437229437,14.91875,10.9981439393939,12.7952575757576,8.95946428571429,14.381130952381,1.52416666666667,"Chinook","AST",2008,220
"885","SUL",61,58,0,0,0,0,0,9.46973354231975,1.93547225837166,3.74605286292629,7.77958712121212,6.7649875,7.96976041666667,8.7483125,10.975625,12.1792166666667,"2008-08-04",217,"2008-09-23",267,0,0,549.244545454546,0,57,"",0,0,0,1.02525,6.19595833333333,9.43074188311688,13.9755454545455,8.57435977564103,10.2619319638695,6.75148214285714,12.2274588744589,1.70858333333333,"Chinook","AST",2008,NA
"886","VAL",61,61,0,0,0,0,0,12.5336270491803,2.49362726114019,6.21817691750152,8.07875,8.48208333333333,10.5925,12.2566666666667,14.915,16.0391666666667,"2008-08-17",230,"2008-09-23",267,25,0,764.55125,27.0525,31,"2008-08-07",19,2,2,1.33541666666667,8.16625,12.5829956709957,16.245,11.4176439393939,13.663946969697,8.52363095238095,15.5714285714286,2.13125,"Chinook","AST",2008,220
"887","WFC",61,43,0,0,0,0,0,8.05213178294574,1.73718295156836,3.01780460721976,7.759125,6.11890416666667,6.71666666666667,7.574875,9.22991666666667,10.7650291666667,"2008-08-19",232,"2008-09-23",267,0,0,346.241666666667,0,40,"",0,0,0,1.37216666666667,5.334625,7.96080148005148,13.09375,6.96845608108108,8.9941981981982,6.01903571428571,10.7413988095238,1.57683333333333,"Chinook","AST",2008,NA
"888","BIL",61,61,0,0,0,0,0,13.7286107151342,1.89869526003037,3.60504369046179,8.94625,10.4570833333333,12.4675,14.15375,15.1445833333333,16.4516666666667,"2009-08-22",234,"2009-09-30",273,32,0,837.445253623188,36.2073369565217,18,"2009-08-24",12,6,5,1.85458333333333,8.03375,13.8122611048372,16.98,12.2487651515152,15.1432121212121,10.6418452380952,15.7964285714286,2.76625,"Chinook","AST",2009,236
"889","BIU",61,61,0,0,0,0,0,9.59198019125683,1.03835064309761,1.07817205802121,5.70145833333333,7.87783333333333,8.97808333333333,9.73466666666667,10.227625,11.1042916666667,"2009-08-05",217,"2009-09-30",273,0,0,585.110791666667,0,61,"",0,0,0,0.8985,6.20216666666667,9.63305119047619,11.903625,8.85439696969697,10.3530174242424,7.93002380952381,10.9148452380952,1.319125,"Chinook","AST",2009,NA
"890","BVC",61,61,0,0,0,0,0,12.853368852459,2.02763323276447,4.11129652661088,10.7468333333333,9.99879166666667,11.5567083333333,12.788625,13.941375,16.0820833333333,"2009-08-04",216,"2009-09-30",273,15,0,784.0555,21.7101666666667,33,"",6,3,2,1.5475,6.62670833333333,12.892904004329,17.3735416666667,11.2706378787879,14.3381257575758,9.81607738095238,15.605630952381,2.90225,"Chinook","AST",2009,NA
"891","CAM",61,61,0,0,0,0,0,11.6270839542971,1.65508561992031,2.739308409267,7.28720833333333,8.65779166666667,10.673875,11.7890416666667,12.788125,13.9128333333333,"2009-08-04",216,"2009-09-30",273,3,0,709.252121212121,1.26608333333333,48,"",2,1,0,1.64833333333333,7.31966666666667,11.6731340220386,14.606875,10.1365227272727,12.8606075757576,9.09188690476191,13.4352619047619,2.533375,"Chinook","AST",2009,NA
"892","CHA",61,61,0,0,0,0,0,11.1264520076028,1.91896719320637,3.68243508860234,8.8295,7.69733333333333,9.91583333333333,11.3882083333333,12.2075416666667,14.0360416666667,"2009-08-04",216,"2009-09-30",273,4,0,678.713572463768,1.08175,50,"",2,1,0,1.6535,5.6395,11.1782938499906,14.469,9.63283162055336,12.5683113636364,8.22127976190476,13.4736904761905,2.75754166666667,"Chinook","AST",2009,NA
"893","CHC",61,61,0,0,0,0,0,8.9590794866264,1.47321695696475,2.17036820228847,7.43758333333333,6.449625,8.021375,9.09070833333333,9.87754166666667,11.3122083333333,"2009-08-04",216,"2009-09-30",273,0,0,546.503848684211,0,60,"",0,0,0,1.47745833333333,4.30229166666667,9.00430455684666,11.739875,7.5928,10.1374560606061,6.76991071428571,10.6103414786967,2.60766666666667,"Chinook","AST",2009,NA
"894","HER",61,61,0,0,0,0,0,10.9477328614009,1.17344895544064,1.37698245102474,5.56425,8.989875,10.143125,11.0915833333333,11.7187083333333,12.761,"2009-08-22",234,"2009-09-30",273,0,0,667.811704545455,0,61,"",0,0,0,1.3445,7.412875,10.9888687622983,12.977125,9.73648939393939,11.9507670110193,9.21331547619048,12.1772261904762,2.179375,"Chinook","AST",2009,NA
"895","LAK",61,61,0,0,0,0,0,10.077555684248,1.85226251352936,3.4308764190261,8.60791666666667,6.858375,8.96845833333333,10.3007916666667,11.2719166666667,12.746,"2009-08-04",216,"2009-09-30",273,0,0,614.730896739131,0,57,"",0,0,0,1.66166666666667,4.79191666666667,10.1220608930924,13.3998333333333,8.59337397891963,11.4812045454545,7.34842857142857,12.452619047619,2.77529166666667,"Chinook","AST",2009,NA
"896","LOO",61,61,0,0,0,0,0,10.6043343268753,1.32345929262851,1.75154449924477,6.50258333333333,8.497625,9.6115,10.6564166666667,11.6235416666667,12.3911666666667,"2009-08-22",234,"2009-09-30",273,0,0,646.864393939394,0,60,"",0,0,0,1.27133333333333,6.53195833333333,10.6636894234553,13.0345416666667,9.35967878787879,11.6696730716253,8.61499404761905,12.1371904761905,2.6205,"Chinook","AST",2009,NA
"897","MAR",61,61,0,0,0,0,0,10.2738139592648,1.67105292382449,2.79241787422238,8.18125,7.4625,9.14125,10.3195833333333,11.2758333333333,12.8854166666667,"2009-08-04",216,"2009-09-30",273,0,0,626.702651515152,0,58,"",0,0,0,1.52708333333333,5.49166666666667,10.3143713105077,13.6729166666667,8.77017424242424,11.4952121212121,7.71833333333333,12.3003787878788,2.53666666666667,"Chinook","AST",2009,NA
"898","SEC",61,61,0,0,0,0,0,11.5972344975053,2.15169954487779,4.62981093142728,10.0375,8.02541666666667,10.2245833333333,11.70625,12.9375,14.8713043478261,"2009-08-04",216,"2009-09-30",273,7,0,707.431304347826,6.84505434782608,46,"",5,3,1,1.99541666666667,5.72666666666667,11.6455074816488,15.7641666666667,9.82293939393939,13.2065372200264,8.41714285714286,14.3335119047619,3.10208333333333,"Chinook","AST",2009,NA
"899","STH",61,61,0,0,0,0,0,12.5153522214303,1.60750597374914,2.58407545563918,8.55,9.81666666666667,11.5845833333333,12.6308333333333,13.3795833333333,14.9433333333333,"2009-08-04",216,"2009-09-30",273,10,0,763.436485507246,8.87523550724638,38,"",6,3,2,1.53541666666667,7.16541666666667,12.5616977225673,15.7154166666667,11.0616515151515,13.5651742424242,9.92857142857143,14.566700310559,2.55416666666667,"Chinook","AST",2009,NA
"900","SUL",61,61,0,0,0,0,0,10.0886243169399,1.57733928494162,2.48799921982013,8.03375,7.62370833333333,8.926375,10.147,10.9083333333333,12.4133333333333,"2009-08-04",216,"2009-09-30",273,0,0,615.406083333333,0,58,"",0,0,0,1.31879166666667,5.44766666666667,10.1139435064935,13.4814166666667,8.75574090909091,11.1962446969697,7.74929166666667,12.15625,2.36420833333333,"Chinook","AST",2009,NA
"901","VAL",61,61,0,0,0,0,0,13.2983639225469,2.14896659928895,4.6180574448595,10.7775,9.52083333333333,12.0516666666667,13.2716666666667,14.62125,16.60875,"2009-08-04",216,"2009-09-30",273,23,0,811.200199275362,32.0685326086957,25,"",6,4,4,1.72458333333333,6.92708333333333,13.3525589121024,17.7045833333333,11.3691060606061,14.8645757575758,9.9797619047619,15.8924689440994,3.5975,"Chinook","AST",2009,NA
"902","WFC",61,61,0,0,0,0,0,9.84579713114754,1.69305337128668,2.8664297180252,7.45833333333334,6.9375,8.82833333333333,10.16575,10.7732916666667,12.36625,"2009-08-04",216,"2009-09-30",273,0,0,600.593625,0,60,"",0,0,0,1.606625,5.21908333333333,9.89272218614719,12.6774166666667,8.47970227272727,11.1188772727273,7.30716666666667,11.8950833333333,2.50679166666667,"Chinook","AST",2009,NA
"903","BIU",61,61,0,0,0,0,0,8.88803005464481,1.02234675083495,1.04519287894277,3.65470833333333,7.565875,7.96579166666667,8.83358333333333,9.7905,10.516625,"2010-08-06",218,"2010-09-23",266,0,0,542.169833333333,0,61,"",0,0,0,0.674625000000001,7.26770833333333,8.85933971861472,10.9224166666667,8.32706893939394,9.43875151515152,7.72397619047619,10.2916785714286,1.01308333333333,"Chinook","AST",2010,NA
"904","BVC",61,61,0,0,0,0,0,11.9436584699454,2.40458094406083,5.78200951654049,7.56629166666667,8.80808333333333,9.82091666666667,11.5804583333333,14.1768333333333,15.3922083333333,"2010-08-07",219,"2010-09-09",252,16,0,728.563166666667,17.7914583333333,36,"2010-08-07",9,8,2,1.35604166666667,8.45491666666667,11.8746047619048,16.0212083333333,10.6573371212121,13.0995242424242,9.18969047619048,15.4594523809524,2.27779166666667,"Chinook","AST",2010,219
"905","CAM",61,61,0,0,0,0,0,10.8779005837059,1.84075843537065,3.38839161738821,5.906625,8.37666666666667,9.19775,10.78075,12.6894583333333,13.5491666666667,"2010-08-17",229,"2010-09-06",249,0,0,663.551935606061,0,51,"",0,0,0,1.47670833333333,7.85641666666667,10.8508217237308,13.7630416666667,9.88233863636364,11.8578674242424,8.63845238095238,13.3119166666667,1.90954166666667,"Chinook","AST",2010,NA
"906","CHA",61,61,0,0,0,0,0,10.8911432050368,2.16164534034565,4.67271057743804,7.74045833333333,8.10833333333333,9.03745833333333,10.373875,12.572625,14.041,"2010-08-06",218,"2010-09-06",249,5,0,664.359735507246,2.98033333333333,49,"",5,5,1,1.050875,7.45566666666667,10.822229390175,15.196125,9.64118939393939,11.90835,8.33479166666667,14.3263928571429,2.0085,"Chinook","AST",2010,NA
"907","CHC",61,61,0,0,0,0,0,8.42271174863388,1.62856379315443,2.65222002837356,5.316125,6.23916666666667,6.91858333333333,8.25616666666667,9.90479166666667,10.738,"2010-08-07",219,"2010-09-23",266,0,0,513.785416666667,0,59,"",0,0,0,0.823208333333333,5.85675,8.39238387445887,11.172875,7.526375,9.23478484848485,6.39970238095238,10.6488928571429,1.54629166666667,"Chinook","AST",2010,NA
"908","HER",61,61,0,0,0,0,0,10.4527747683535,1.24542441459975,1.55108197248113,4.86345833333333,8.602375,9.54166666666667,10.3723333333333,11.7411666666667,12.1105416666667,"2010-08-27",239,"2010-09-09",252,0,0,637.619260869565,0,61,"",0,0,0,0.936780797101449,7.94170833333333,10.4176859119142,12.8051666666667,9.44218471673254,11.3300560606061,8.81164880952381,12.0022142857143,1.665625,"Chinook","AST",2010,NA
"909","LAK",61,61,0,0,0,0,0,9.70196721311475,2.15775872567713,4.65592271823581,7.782125,6.899,7.76529166666667,9.24525,11.4109166666667,12.8839583333333,"2010-08-06",218,"2010-09-23",266,1,0,591.82,0.315875,58,"",1,1,0,1.15058333333333,6.53375,9.63181623376623,14.315875,8.36533712121212,10.8601204545455,7.2051130952381,13.1319761904762,2.26516666666667,"Chinook","AST",2010,NA
"910","LOO",61,61,0,0,0,0,0,9.81919651342362,1.36658942094585,1.86756664544111,4.56108333333333,7.85266666666667,8.656125,9.555125,11.136875,11.8214166666667,"2010-08-17",229,"2010-09-06",249,0,0,598.970987318841,0,61,"",0,0,0,0.682125,7.58479166666667,9.8008186006023,12.145875,9.06207944664032,10.6164772727273,8.15399404761905,11.661994047619,1.39966666666667,"Chinook","AST",2010,NA
"911","MAR",61,61,0,0,0,0,0,9.55984972677596,1.87599380149437,3.51935274324529,6.2875,7.08833333333333,7.96166666666667,9.31208333333333,11.21125,12.30625,"2010-08-07",219,"2010-09-22",265,0,0,583.150833333333,0,61,"",0,0,0,0.9625,6.66708333333333,9.52604545454546,12.9545833333333,8.54769696969697,10.4622651515152,7.22059523809524,12.1598214285714,1.675,"Chinook","AST",2010,NA
"912","SFS",61,61,0,0,0,0,0,11.9036612021858,2.2534791094503,5.0781680967289,7.88291666666667,8.89583333333333,9.81916666666667,11.64875,14.0570833333333,15.1583333333333,"2010-08-06",218,"2010-09-10",253,17,0,726.123333333333,14.2666666666667,39,"2010-08-07",10,5,2,1.29333333333333,8.54333333333333,11.8476374458874,16.42625,10.544196969697,13.1758712121212,9.10125,15.2296428571429,2.5525,"Chinook","AST",2010,219
"913","STH",61,61,0,0,0,0,0,11.8940846994536,1.62553770096035,2.64237281724347,5.59708333333333,9.84875,10.5070833333333,11.4654166666667,13.2466666666667,14.3058333333333,"2010-08-07",219,"2010-09-09",252,8,0,725.539166666667,2.54833333333333,39,"",5,2,1,1.09541666666667,9.22958333333333,11.8572976190476,14.8266666666667,10.9419772727273,12.7718560606061,9.99892857142857,14.2805952380952,1.62625,"Chinook","AST",2010,NA
"914","SUL",61,61,0,0,0,0,0,9.28090573770492,1.68975579103243,2.85527463332764,5.51354166666667,7.00883333333333,7.67716666666667,9.03954166666667,11.009125,11.6519166666667,"2010-08-07",219,"2010-09-23",266,0,0,566.13525,0,61,"",0,0,0,1.06120833333333,6.80508333333333,9.25671504329004,12.318625,8.44272727272727,10.1595886363636,7.22304166666667,11.6569821428571,1.53791666666667,"Chinook","AST",2010,NA
"915","VAL",61,61,0,0,0,0,0,12.4718032786885,2.33252163426476,5.44065717431314,7.93291666666667,9.30958333333333,10.445,11.78375,14.7154166666667,15.7954166666667,"2010-08-07",219,"2010-09-23",266,23,0,760.78,24.7270833333333,34,"2010-08-07",10,10,3,1.26625,8.925,12.4254264069264,16.8579166666667,11.1687878787879,13.7603939393939,9.6910119047619,15.7592261904762,2.32958333333333,"Chinook","AST",2010,219
"916","WFC",61,61,0,0,0,0,0,9.67839480874317,2.03953509168073,4.15970339019714,7.65058333333333,6.957875,7.94029166666667,9.29033333333333,11.2857916666667,12.9625416666667,"2010-08-06",218,"2010-09-06",249,1,0,590.382083333333,0.216333333333333,58,"",1,1,0,1.08825,6.56575,9.5988448051948,14.2163333333333,8.53096363636364,10.6862378787879,7.20308928571429,13.1153095238095,1.902125,"Chinook","AST",2010,NA
"917","BIL",61,61,0,0,0,0,0,12.936543715847,1.5937700676737,2.54010302861263,5.53375,10.4658333333333,11.6125,13.1825,14.1133333333333,15.1933333333333,"2011-08-29",241,"2011-09-30",273,20,0,789.129166666667,13.2295833333333,29,"2011-08-24",13,2,2,0.930833333333334,10.2541666666667,12.992933982684,15.7879166666667,12.3201212121212,13.6752424242424,10.6731547619048,15.2122619047619,1.09416666666667,"Chinook","AST",2011,236
"918","BIU",61,61,0,0,0,0,0,9.1698718579235,0.877032267265266,0.769185597824454,3.30170833333333,7.91720833333333,8.40883333333333,9.246375,9.84754166666667,10.5078333333333,"2011-08-01",213,"2011-09-17",260,0,0,559.362183333333,0,61,"",0,0,0,0.522583333333333,7.67445833333333,9.17688071428571,10.9761666666667,8.77937681818182,9.55193787878788,7.99314285714286,10.3173630952381,0.574249999999999,"Chinook","AST",2011,NA
"919","CAM",61,61,0,0,0,0,0,11.1254467213115,1.32382297640825,1.75250727286639,4.70491666666667,8.99270833333333,9.881375,11.5645833333333,12.1688333333333,13.341125,"2011-08-28",240,"2011-09-18",261,0,0,678.65225,0,57,"",0,0,0,1.17066666666667,8.86058333333333,11.188358008658,13.5655,10.5047825757576,11.9560492424242,9.1942380952381,13.0416964285714,1.12591666666667,"Chinook","AST",2011,NA
"920","CHA",61,61,0,0,0,0,0,11.4661734972678,1.81889325592713,3.3083726764572,6.001,8.94241666666667,9.63595833333333,11.8307083333333,13.045875,14.1862083333333,"2011-08-01",213,"2011-09-29",272,5,0,699.436583333333,1.712625,45,"",2,2,0,1.03375,8.60470833333333,11.4760805194805,14.6057083333333,10.7256787878788,12.2469333333333,9.06336904761905,13.9144821428571,1.3235,"Chinook","AST",2011,NA
"921","CHC",61,61,0,0,0,0,0,8.53197950819672,1.08522485492273,1.17771298574207,4.4565,6.84283333333333,7.78116666666667,8.49604166666667,9.32958333333333,10.2152083333333,"2011-08-25",237,"2011-09-17",260,0,0,520.45075,0,61,"",0,0,0,1.06816666666667,6.47441666666667,8.57349491341991,10.9309166666667,8.00249318181818,9.15404772727273,7.05154761904762,10.1561785714286,0.971541666666667,"Chinook","AST",2011,NA
"922","HER",61,61,0,0,0,0,0,10.8306617070563,0.922287599347505,0.850614415910184,3.25225,9.48829166666667,10.070125,10.841875,11.668125,12.0809583333333,"2011-08-25",237,"2011-09-18",261,0,0,660.670364130435,0,61,"",0,0,0,1.08813586956522,9.233875,10.8562307547525,12.486125,10.3278278326746,11.4423992424242,9.57095833333333,11.9531726190476,1.05604166666667,"Chinook","AST",2011,NA
"923","LAK",61,61,0,0,0,0,0,9.71525906607054,1.5439352552287,2.3837360723381,5.336375,7.36904166666667,8.42666666666667,9.6925,10.8859583333333,12.2010416666667,"2011-08-25",237,"2011-09-21",264,0,0,592.630803030303,0,61,"",0,0,0,1.20920833333333,7.283875,9.72398029319166,12.62025,8.92311990358127,10.5604628787879,7.54995238095238,11.972755952381,1.319125,"Chinook","AST",2011,NA
"924","MAR",61,61,0,0,0,0,0,10.0415027322404,1.32528784713744,1.75638787777019,5.11333333333333,7.94916666666667,9.13333333333333,10.1958333333333,11.0420833333333,11.8733333333333,"2011-08-25",237,"2011-09-17",260,0,0,612.531666666667,0,61,"",0,0,0,1.35583333333333,7.76916666666667,10.0797413419913,12.8825,9.44984848484848,10.747053030303,8.18815476190476,11.8089880952381,1.12291666666667,"Chinook","AST",2011,NA
"925","SEC",61,61,0,0,0,0,0,11.0171038251366,1.88168152646773,3.54072536704994,6.48166666666667,8.26666666666667,9.51416666666667,11.04625,12.3129166666667,14.13375,"2011-08-25",237,"2011-09-20",263,4,0,672.043333333333,1.08166666666667,50,"",2,1,0,1.63791666666667,8.03833333333333,11.0451948051948,14.52,10.161803030303,12.0136666666667,8.36702380952381,13.7269642857143,1.63791666666667,"Chinook","AST",2011,NA
"926","SFS",61,61,0,0,0,0,0,12.3422131147541,1.63253484156318,2.66517000891773,6.04291666666667,9.99541666666667,10.9795833333333,12.22125,13.5229166666667,14.9491666666667,"2011-08-01",213,"2011-09-29",272,12,0,752.875,8.02125,37,"",5,3,3,1.39041666666667,9.66041666666667,12.3546385281385,15.7033333333333,11.5562878787879,13.2069848484848,10.1590476190476,14.6593452380952,1.29541666666667,"Chinook","AST",2011,NA
"927","STH",61,61,0,0,0,0,0,12.3855601092896,1.35824700834513,1.84483493567851,4.71458333333333,10.5625,11.0483333333333,12.52,13.4908333333333,14.4379166666667,"2011-08-01",213,"2011-09-17",260,5,0,755.519166666667,2.91333333333333,33,"",2,1,0,1.23208333333333,10.2304166666667,12.3903365800866,14.945,11.7981666666667,13.0697803030303,10.6223214285714,13.8593452380952,1.12916666666667,"Chinook","AST",2011,NA
"928","SUL",61,61,0,0,0,0,0,9.71884084699454,1.31989686832991,1.74212774302709,5.27954166666667,7.84104166666667,8.7155,9.89820833333333,10.8749583333333,11.5661666666667,"2011-08-01",213,"2011-09-29",272,0,0,592.849291666667,0,61,"",0,0,0,0.743499999999999,7.56704166666667,9.71387012987013,12.8465833333333,9.14589015151515,10.2879659090909,7.9267619047619,11.2673690476191,1.02420833333333,"Chinook","AST",2011,NA
"929","VAL",61,61,0,0,0,0,0,12.6128005464481,1.65081189889323,2.72517992552747,6.26041666666667,10.0770833333333,11.48,13.1008333333333,13.8925,14.83375,"2011-08-25",237,"2011-09-29",272,13,0,769.380833333333,8.64375,30,"",5,1,1,1.68291666666667,9.85166666666667,12.6638430735931,16.1120833333333,11.9724090909091,13.4552803030303,10.3401785714286,14.776369047619,1.11916666666666,"Chinook","AST",2011,NA
"930","WFC",61,61,0,0,0,0,0,10.0353715846995,1.57009593791004,2.46520125424161,5.27666666666667,7.81766666666667,8.5085,10.1894166666667,11.293375,12.489625,"2011-08-25",237,"2011-09-29",272,0,0,612.157666666667,0,61,"",0,0,0,1.20841666666667,7.49204166666667,10.0500377705628,12.7687083333333,9.31964545454546,10.7769401515152,7.90641666666667,12.2133392857143,1.20841666666667,"Chinook","AST",2011,NA
"931","BIL",61,29,0,0,0,0,0,14.8300298408488,0.814607248526862,0.663584969352505,3.31791666666667,13.1456025641026,14.5466666666667,15.0691666666667,15.3316666666667,15.827,"2012-08-06",219,"2012-08-26",239,24,0,430.070865384615,27.1475,1,"2012-08-07",23,12,1,1.17875,12.7545833333333,14.9188097228858,16.0725,14.1939855072464,15.505615942029,13.6620283882784,15.4730952380952,1.18708333333334,"Chinook","AST",2012,220
"932","BIU",61,61,0,0,0,0,0,9.49350956284153,1.2571176631272,1.58034481894638,3.83104166666667,7.662875,8.22379166666667,9.54283333333333,10.7525833333333,11.1136666666667,"2012-08-06",219,"2012-09-21",265,0,0,579.104083333333,0,61,"",0,0,0,0.8935,7.55320833333333,9.50091677489177,11.38425,9.01604090909091,9.95259545454545,7.85495833333333,10.9668154761905,0.922166666666666,"Chinook","AST",2012,NA
"933","BVC",61,61,0,0,0,0,0,12.4401070491803,2.31863948271188,5.37608905079041,8.025625,9.23704166666667,10.1529166666667,12.3124166666667,14.5965,15.71225,"2012-08-06",219,"2012-09-28",272,21,0,758.84653,22.98678,35,"2012-08-07",21,21,1,1.28691666666667,8.74158333333333,12.4219177532468,16.7672083333333,11.656203030303,13.2989878787879,9.48517261904762,15.6991547619048,1.61320833333333,"Chinook","AST",2012,220
"934","CAM",61,61,0,0,0,0,0,11.5212370218579,2.08445589143582,4.34495636334149,6.725875,8.24520833333333,9.56516666666667,11.1219583333333,13.50925,14.2937916666667,"2012-08-06",219,"2012-09-21",265,6,0,702.795458333333,2.54266666666667,38,"",2,1,0,1.94729166666667,8.10891666666667,11.4959271645022,14.8347916666667,10.5515795454545,12.563675,8.58823214285714,13.9547380952381,2.235625,"Chinook","AST",2012,NA
"935","CHA",61,61,0,0,0,0,0,11.5362716716344,2.51296848009647,6.31501058195838,8.06479166666667,8.23016666666667,9.25570833333333,10.980375,14.128875,14.9280833333333,"2012-08-06",219,"2012-09-12",256,18,0,703.712571969697,10.114071969697,36,"2012-08-11",11,3,2,2.061875,7.36225,11.5155947068083,15.4270416666667,10.5654636363636,12.5229849173554,8.22229761904762,14.7288571428571,2.00091666666667,"Chinook","AST",2012,224
"936","CHC",61,61,0,0,0,0,0,8.81297924091233,1.52362974541428,2.3214476011112,6.13616666666667,6.69783333333333,7.59229166666667,8.58095833333333,10.2169583333333,10.9600416666667,"2012-08-06",219,"2012-09-28",272,0,0,537.591733695652,0,61,"",0,0,0,1.46466666666667,6.13783333333333,8.79858206286467,12.274,8.0170442687747,9.64376439393939,6.83096428571429,10.9308988095238,1.543375,"Chinook","AST",2012,NA
"937","HER",61,61,0,0,0,0,0,11.5314711926823,1.49595514245912,2.23788178824988,5.48929166666667,9.39733333333333,10.1607083333333,11.3734583333333,12.7204166666667,13.7748260869565,"2012-08-06",219,"2012-09-12",256,2,0,703.419742753623,0.807499999999999,48,"",1,1,0,2.40058333333333,9.26625,11.5101523056653,14.7555416666667,10.4973325757576,12.5134378787879,9.59188690476191,13.4087549171843,1.85883333333333,"Chinook","AST",2012,NA
"938","LAK",61,61,0,0,0,0,0,10.1890423497268,2.28329375880004,5.21343038897522,7.23533333333333,7.09770833333333,8.19808333333333,9.892875,12.51625,13.411875,"2012-08-09",222,"2012-09-12",256,0,0,621.531583333333,0,56,"",0,0,0,2.03370833333333,6.39125,10.1929003246753,13.6265833333333,9.30976590909091,11.1229083333333,7.10826190476191,13.2280416666667,1.8615,"Chinook","AST",2012,NA
"939","MAR",61,61,0,0,0,0,0,9.67262295081967,1.77433753832492,3.14827369990893,6.97458333333333,7.15916666666667,8.11625,9.3725,11.2141666666667,12.1466666666667,"2012-08-06",219,"2012-09-28",272,0,0,590.03,0,60,"",0,0,0,1.75333333333333,6.94916666666667,9.62797186147186,13.92375,8.75696212121212,10.6406818181818,7.36511904761905,12.3340476190476,1.88458333333333,"Chinook","AST",2012,NA
"940","SEC",61,61,0,0,0,0,0,11.9270901639344,2.70857404538395,7.33637335932757,8.19291666666667,8.12,9.3325,11.4258333333333,14.74125,15.3416666666667,"2012-08-09",222,"2012-09-12",256,21,0,727.5525,22.0691666666667,36,"2012-08-11",18,10,2,2.08291666666667,7.74208333333333,11.9397088744589,15.935,10.9629772727273,12.9315757575758,8.38565476190476,15.4401785714286,2.04916666666667,"Chinook","AST",2012,224
"941","SFS",61,61,0,0,0,0,0,12.3009494535519,2.88639005556115,8.33124755284229,9.62875,7.86541666666667,9.54083333333333,12.2825,14.9258333333333,16.00875,"2012-08-06",219,"2012-09-12",256,24,0,750.357916666667,31.1175,33,"2012-08-07",22,12,1,2.30916666666667,7.09291666666667,12.3139047619048,16.7216666666667,11.1796818181818,13.6285909090909,8.08672619047619,15.770119047619,2.115,"Chinook","AST",2012,220
"942","STH",61,61,0,0,0,0,0,12.1859153005464,1.64772553116099,2.71499942603977,6.21083333333333,9.98,10.58625,12.0566666666667,13.6595833333333,14.4354166666667,"2012-08-06",219,"2012-09-06",250,9,0,743.340833333333,5.16541666666667,37,"",3,2,2,1.57041666666667,9.72,12.1609134199134,15.9308333333333,11.3298257575758,12.9726893939394,10.2192857142857,14.5727976190476,1.60291666666667,"Chinook","AST",2012,NA
"943","VAL",61,61,0,0,0,0,0,12.4479576502732,2.21128545041109,4.88978334319976,8.43,9.42208333333333,10.4658333333333,12.0816666666667,14.3645833333333,15.3770833333333,"2012-08-06",219,"2012-09-17",261,21,0,759.325416666667,20.1208333333333,34,"2012-08-07",14,10,2,1.90416666666667,9.07583333333333,12.400053030303,17.5058333333333,11.3696136363636,13.5224166666667,9.54315476190476,15.5925595238095,2.0825,"Chinook","AST",2012,220
"944","WFC",61,61,0,0,0,0,0,10.2178107923497,2.24864835968617,5.05641944551932,7.13491666666667,7.301875,8.384875,9.72216666666667,12.6220416666667,13.3265833333333,"2012-08-06",219,"2012-09-12",256,0,0,623.286458333333,0,56,"",0,0,0,1.7895,6.25345833333333,10.1972571428571,13.388375,9.30273257575758,11.1238939393939,7.13956547619048,13.053380952381,1.66916666666667,"Chinook","AST",2012,NA
"945","BIU",61,61,0,0,0,0,0,9.82924658469945,1.42631945752853,2.03438719492448,5.71891666666667,6.63320833333333,9.62233333333333,10.354875,10.7500833333333,11.1825416666667,"2013-08-18",230,"2013-09-30",273,0,0,599.584041666667,0,60,"",0,0,0,1.041625,5.63025,10.0008296536797,11.3491666666667,9.36169090909091,10.6351863636364,6.54272619047619,11.1298988095238,1.21366666666667,"Chinook","AST",2013,NA
"946","BVC",61,61,0,0,0,0,0,13.0504640354003,2.85904957187771,8.17416445445414,9.92916666666667,6.66466666666667,13.0372083333333,14.0034166666667,14.9263333333333,15.7777916666667,"2013-08-01",213,"2013-09-30",273,31,0,796.07830615942,30.6995416666667,15,"2013-08-07",10,9,4,0.977958333333333,6.16475,13.2902914972708,16.0939166666667,12.2887760210804,14.2764189393939,6.70858928571429,15.5738869047619,1.88183333333333,"Chinook","AST",2013,219
"947","CAM",61,61,0,0,0,0,0,12.1954665300546,2.39849504407166,5.75277847643632,9.12804166666667,7.04741666666667,11.77025,13.1396666666667,13.8819166666667,14.4125,"2013-08-23",235,"2013-09-26",269,12,0,743.923458333333,3.83895833333333,28,"2013-08-22",8,1,1,1.48720833333333,5.73733333333333,12.4133327922078,14.865375,11.3024431818182,13.5497,6.84989285714286,14.352244047619,2.13675,"Chinook","AST",2013,234
"948","CHA",61,61,0,0,0,0,0,11.8733776728439,2.68169049488551,7.1914639103593,9.75279166666667,6.03245833333333,11.2538333333333,12.798,13.5111666666667,14.5048333333333,"2013-08-18",230,"2013-09-27",270,11,0,724.276038043478,5.19637137681159,30,"2013-08-21",7,3,2,1.67725,5.41208333333333,12.1396630293619,15.164875,11.0263204545455,13.1729423583663,6.06318452380952,14.579201863354,1.98908333333333,"Chinook","AST",2013,233
"949","CHC",61,61,0,0,0,0,0,9.54429626989784,1.99121115726467,3.96492187281532,6.701,5.18325,9.265875,10.3085416666667,10.8597391304348,11.4137916666667,"2013-08-23",235,"2013-09-27",270,0,0,582.202072463768,0,54,"",0,0,0,1.00991666666667,4.92891666666667,9.70621771597967,11.6299166666667,8.82302045454546,10.5078992424242,5.22786904761905,11.2955,1.58508333333333,"Chinook","AST",2013,NA
"950","HER",61,61,0,0,0,0,0,11.8791482240437,1.82165310076663,3.31842001953267,7.37083333333333,8.0845,11.7657916666667,12.4521666666667,13.136875,13.6072916666667,"2013-09-06",249,"2013-09-26",269,0,0,724.628041666667,0,42,"",0,0,0,0.9575,6.53129166666667,12.0185380952381,13.902125,11.0972181818182,12.8926462121212,7.96913095238095,13.3184880952381,1.652375,"Chinook","AST",2013,NA
"951","LAK",61,61,0,0,0,0,0,10.7539719945355,2.60394103112192,6.78050889356026,9.41929166666667,4.90420833333333,10.103,11.9069583333333,12.5644166666667,12.97,"2013-08-23",235,"2013-09-26",269,0,1,655.992291666667,0,52,"",0,0,0,1.58345833333333,3.855375,11.049866017316,13.2746666666667,9.99471287878788,12.0696583333333,4.95980357142857,12.9333869047619,1.60608333333333,"Chinook","AST",2013,NA
"952","LOO",61,61,0,0,0,0,0,11.1791256830601,2.08911315763107,4.36439378538726,7.55058333333333,6.322,10.9941666666667,11.9177083333333,12.5172916666667,13.18,"2013-08-23",235,"2013-09-26",269,0,0,681.926666666667,0,53,"",0,0,0,0.885166666666667,5.83725,11.3821556277056,13.3878333333333,10.4704954545455,12.3161242424242,6.5273630952381,13.1018988095238,1.53270833333333,"Chinook","AST",2013,NA
"953","MAR",61,61,0,0,0,0,0,10.5490552090758,2.05532127450939,4.2243455414509,6.86433333333333,6.068375,10.3454583333333,11.3042916666667,11.962,12.612125,"2013-08-01",213,"2013-09-25",268,0,0,643.492367753623,0,58,"",0,0,0,0.921833333333334,5.87908333333333,10.7056218755882,12.7434166666667,9.79602954545455,11.5861242424242,6.08384523809524,12.3382857142857,1.87729166666667,"Chinook","AST",2013,NA
"954","SEC",61,61,0,0,0,0,0,12.2406366120219,2.99483949507828,8.96906360128074,10.216375,5.65670833333333,11.6270416666667,13.504875,14.3005,14.98775,"2013-08-18",230,"2013-09-27",270,24,0,746.678833333333,12.1521666666667,18,"2013-08-19",14,3,4,1.87608333333333,4.99083333333333,12.5856152597403,15.2072083333333,11.3752833333333,13.7428878787879,5.65625595238095,14.9245416666667,1.96770833333333,"Chinook","AST",2013,231
"955","SFS",61,61,0,0,0,0,0,13.3340908469945,2.898964700571,8.40399633515673,10.2833333333333,6.905125,13.0486666666667,14.5029166666667,15.2924166666667,15.8504583333333,"2013-08-22",234,"2013-09-27",270,38,0,813.379541666667,41.5902083333333,14,"2013-08-10",34,1,1,1.07016666666667,5.99925,13.6532471861472,16.2825833333333,12.5841507575758,14.7586848484848,6.89804166666667,15.8081547619048,1.878875,"Chinook","AST",2013,222
"956","STH",61,61,4,0.0655737704918033,4,0.0655737704918033,0.131147540983607,12.3895299707602,2.0968288610996,4.39669127274023,9.85529166666667,8.04873333333333,11.7216666666667,13.0425,13.807625,14.2534416666667,"2013-08-05",217,"2013-09-25",268,9,0,706.203208333333,4.917,27,"",3,2,2,1.089125,7.46208333333333,12.6600564069264,17.317375,11.5350113636364,13.7762606060606,8.06559523809524,15.2719305555556,2.04504166666667,"Chinook","AST",2013,NA
"957","VAL",61,61,0,0,0,0,0,13.4318685257781,2.64833993706395,7.01370442224787,9.10754166666667,7.636875,12.7835833333333,14.2332083333333,15.3717083333333,15.8358333333333,"2013-08-22",234,"2013-09-26",269,36,0,819.343980072464,39.8230634057971,16,"2013-08-07",11,6,5,1.60329166666667,7.002875,13.6318324769433,16.1104166666667,12.4468484848485,14.7264651515152,7.63802380952381,15.7418571428571,2.11533333333333,"Chinook","AST",2013,219
"958","WFC",61,61,0,0,0,0,0,10.8186775956284,2.43960547822881,5.95167488940403,9.04195833333333,5.651375,10.075875,11.7401666666667,12.447875,13.3064583333333,"2013-08-18",230,"2013-09-27",270,0,0,659.939333333333,0,49,"",0,0,0,1.603375,4.90633333333333,11.0919428571429,13.9482916666667,10.0039712121212,12.1008303030303,5.57605952380952,13.3473392857143,1.7675,"Chinook","AST",2013,NA
"959","BIU",61,61,0,0,0,0,0,9.60867661558565,1.07665148972324,1.15917843032327,4.30866666666667,7.80466666666667,8.80925,9.52416666666667,10.5214583333333,11.12475,"2014-08-06",218,"2014-09-12",255,0,0,586.129273550725,0,61,"",0,0,0,0.871499999999999,7.288875,9.60312531996989,11.5975416666667,8.952075,10.1946022727273,7.97218452380952,11.0802619047619,1.07170833333333,"Chinook","AST",2014,NA
"960","BVC",61,61,0,0,0,0,0,12.6299296448087,2.06870796845996,4.27955265876973,7.50008333333333,9.78575,11.0640416666667,11.9282916666667,14.679125,15.9699583333333,"2014-08-03",215,"2014-09-30",273,18,0,770.425708333333,22.8120416666667,35,"2014-08-07",12,5,2,1.547,9.09,12.5900864718615,16.5900833333333,11.4444924242424,13.6610401515152,10.2339107142857,15.8424345238095,1.91733333333333,"Chinook","AST",2014,219
"961","CAM",61,61,6,0.0983606557377049,6,0.0983606557377049,0.19672131147541,12.3358970385675,1.99405628958822,3.97626048604633,9.24554545454545,9.729625,10.925375,11.63925,13.941,15.2223333333333,"2014-08-07",219,"2014-09-30",273,12,0,678.474337121212,14.8606704545455,35,"",6,5,2,1.547,9.09,12.7132740927128,18.3355454545455,11.5214743112948,13.9181656336088,10.2339107142857,18.3355454545455,2.28004166666667,"Chinook","AST",2014,NA
"962","CHA",61,61,0,0,0,0,0,11.2977385067712,2.05265976947182,4.21341212920812,8.040125,8.02454166666667,9.86025,10.946375,13.1865,14.0859583333333,"2014-08-06",218,"2014-09-12",255,6,0,689.162048913043,1.83508333333334,44,"",2,1,0,1.65208333333333,6.81033333333333,11.282832815735,14.8504583333333,10.0676227272727,12.3283395256917,8.23016666666667,14.0782916666667,2.02916666666667,"Chinook","AST",2014,NA
"963","CHC",61,61,0,0,0,0,0,9.12383948087432,1.4247150325615,2.02981292400672,5.47641666666667,6.853375,8.096625,8.79304166666667,10.2846666666667,11.489625,"2014-08-03",215,"2014-09-12",255,0,0,556.554208333333,0,61,"",0,0,0,1.683,6.19925,9.08208344155844,11.6756666666667,8.05448257575758,9.95916060606061,7.22791666666667,11.2244821428571,1.72625,"Chinook","AST",2014,NA
"964","HER",61,61,0,0,0,0,0,11.6842083333333,1.38170807983523,1.90911721788194,5.279,9.375375,10.5550416666667,11.5408333333333,12.9724583333333,13.7081666666667,"2014-08-03",215,"2014-09-12",255,1,0,712.736708333333,0.0278333333333336,47,"",1,1,0,1.543875,8.74883333333333,11.6666114718615,14.0278333333333,10.6219674242424,12.4756977272727,9.89196428571429,13.626375,1.71233333333333,"Chinook","AST",2014,NA
"965","LAK",61,61,0,0,0,0,0,10.2373954918033,2.04033150659565,4.16295265680688,7.95045833333333,7.19654166666667,8.79995833333333,9.80691666666667,12.0931666666667,13.1333333333333,"2014-08-02",214,"2014-09-12",255,0,0,624.481125,0,55,"",0,0,0,1.22375,5.77866666666667,10.1724688311688,13.729125,8.96892803030303,11.2675590909091,7.14195238095238,13.2202023809524,2.11108333333333,"Chinook","AST",2014,NA
"966","LOO",61,61,0,0,0,0,0,10.8409153005465,1.47633793850821,2.17957370867866,5.92070833333333,8.55645833333333,9.80116666666667,10.6548333333333,12.1655416666667,12.8672083333333,"2014-08-11",223,"2014-09-12",255,0,0,661.295833333333,0,58,"",0,0,0,1.4375,7.384125,10.7904911255411,13.3048333333333,9.79226818181818,11.6597984848485,8.64569047619048,12.7972083333333,1.465625,"Chinook","AST",2014,NA
"967","MAR",61,61,0,0,0,0,0,10.4611489071038,1.72073452382212,2.96092730147332,6.162375,8.11254166666667,9.10275,9.92820833333333,12.0715,13.3870416666667,"2014-08-02",214,"2014-09-12",255,0,0,638.130083333333,0,55,"",0,0,0,1.39229166666667,7.37408333333333,10.4071756493507,13.5364583333333,9.41104924242424,11.3106386363636,8.296375,13.045380952381,1.76083333333333,"Chinook","AST",2014,NA
"968","SEC",61,61,0,0,0,0,0,11.7055853825137,2.28568851943895,5.22437200789504,8.74558333333333,8.33554166666667,10.10025,11.1072083333333,13.89175,15.0078333333333,"2014-08-02",214,"2014-09-12",255,14,0,714.040708333333,10.0857916666667,39,"2014-08-07",12,7,1,1.2645,6.77766666666667,11.6484706709957,15.52325,10.2542121212121,12.8176818181818,8.28975595238095,14.9116904761905,2.49683333333334,"Chinook","AST",2014,219
"969","SFS",61,61,0,0,0,0,0,12.7294146174863,2.15505607430894,4.64426668341587,8.858375,9.21475,11.13675,12.412375,14.392,16.2135416666667,"2014-08-03",215,"2014-09-12",255,19,0,776.494291666667,24.5540416666667,34,"",6,4,3,1.67483333333333,8.27645833333333,12.6459893939394,17.1348333333333,11.2342098484848,13.9394287878788,9.72967857142857,15.9845,2.64491666666667,"Chinook","AST",2014,NA
"970","STH",61,61,0,0,0,0,0,12.3998183060109,1.45492287866824,2.11680058287227,6.04516666666667,10.242375,11.248125,12.119875,13.5689166666667,14.519125,"2014-08-02",214,"2014-09-29",272,10,0,756.388916666667,5.50570833333333,38,"",3,2,2,1.206125,9.60225,12.3658908008658,15.6474166666667,11.4609196969697,13.2023234848485,10.6742797619048,14.4813869047619,1.54295833333333,"Chinook","AST",2014,NA
"971","SUL",61,61,12,0.19672131147541,12,0.19672131147541,0.39344262295082,9.67046963785514,1.3464231854071,1.8128553942018,5.28595833333333,7.64358333333333,8.96733333333333,9.325625,10.60975,11.93205,"2014-08-19",231,"2014-09-12",255,0,0,473.853012254902,0,49,"",0,0,0,1.17320833333333,6.718125,9.83825522816269,12.0040833333333,NA,NA,7.87354166666667,11.8567100840336,1.346375,"Chinook","AST",2014,NA
"972","VAL",61,61,0,0,0,0,0,13.0308381147541,1.98923736072911,3.95706527732051,7.65570833333334,9.90241666666667,11.5660833333333,12.6761666666667,14.778125,16.1054166666667,"2014-08-02",214,"2014-09-12",255,24,0,794.881125,27.3514166666667,35,"2014-08-07",12,5,3,1.59654166666667,9.55333333333333,12.9817786796537,17.2090416666667,11.6690909090909,14.1621037878788,10.642005952381,15.8611726190476,2.23525,"Chinook","AST",2014,219
"973","WFC",61,61,0,0,0,0,0,10.0254728727557,2.03857334748154,4.15578129306208,8.43620833333333,6.89004166666667,8.62166666666667,9.80666666666667,12.059,12.9384583333333,"2014-08-06",218,"2014-09-12",255,0,0,611.553845238095,0,58,"",0,0,0,1.299625,5.34279166666667,9.96171158008658,13.779,8.83627954545455,10.9814221861472,6.76160119047619,12.96625,1.765375,"Chinook","AST",2014,NA
"974","BIU",61,61,0,0,0,0,0,9.87425,1.23106461560283,1.51552008778935,4.615625,7.94004166666667,8.72141666666667,10.1499166666667,10.7977083333333,11.60375,"2015-08-14",226,"2015-09-29",272,0,0,602.32925,0,61,"",0,0,0,0.905791666666667,7.62870833333333,9.8799288961039,12.2443333333333,9.14112045454545,10.6544424242424,8.34014285714286,11.2888035714286,1.53308333333333,"Chinook","AST",2015,NA
"975","BVC",61,61,0,0,0,0,0,12.9218415300546,2.46751326745115,6.08862172504744,9.17129166666667,9.20125,10.6316666666667,13.3442916666667,14.502,16.94525,"2015-08-14",226,"2015-09-17",260,27,0,788.232333333333,32.954625,29,"2015-08-07",21,13,2,1.78170833333333,8.25116666666667,12.8967272727273,17.4224583333333,11.672428030303,14.1666204545455,9.49782142857143,16.0699404761905,2.60920833333333,"Chinook","AST",2015,219
"976","CAM",61,61,0,0,0,0,0,12.1069972677596,2.31484216616918,5.35849425427482,8.71708333333333,8.75845833333333,9.98683333333333,12.2164583333333,14.3464583333333,15.69,"2015-08-02",214,"2015-09-29",272,18,0,738.526833333333,17.6065416666667,40,"2015-08-07",15,2,1,1.40741666666667,8.34625,12.0501346320346,17.0633333333333,11.0125416666667,13.1085916666667,9.33760119047619,15.6629226190476,2.08891666666667,"Chinook","AST",2015,219
"977","CHA",61,61,0,0,0,0,0,11.5033935911143,2.33590391007193,5.45644707708934,7.92054166666667,8.19795833333333,9.42475,11.5364166666667,13.354375,15.2999583333333,"2015-08-02",214,"2015-09-29",272,9,0,701.707009057971,10.1629166666667,42,"",4,4,2,1.49775,7.97054166666667,11.4613450781103,15.8910833333333,10.2647477272727,12.8330287878788,8.87057738095238,14.568869047619,2.63058333333333,"Chinook","AST",2015,NA
"978","CHC",61,61,0,0,0,0,0,9.41609016393443,1.84448603424047,3.40212873050812,6.71033333333333,6.76083333333333,7.66333333333333,9.89616666666667,10.623125,12.1287916666667,"2015-08-14",226,"2015-09-17",260,0,0,574.3815,0,60,"",0,0,0,1.56704166666667,5.82658333333333,9.4099487012987,12.5369166666667,8.39771287878788,10.482921969697,6.92084523809524,11.5723154761905,2.14179166666667,"Chinook","AST",2015,NA
"979","HER",61,61,0,0,0,0,0,11.9919911202186,1.54140861094955,2.37594050590942,6.56170833333333,9.62045833333333,10.6835416666667,12.2696666666667,12.9007083333333,14.4627083333333,"2015-08-14",226,"2015-09-18",261,7,0,731.511458333333,3.882,47,"",4,2,1,1.87629166666667,9.38458333333333,12.0051336580087,15.9462916666667,11.0209446969697,13.1823734848485,10.0408154761905,14.063880952381,2.062,"Chinook","AST",2015,NA
"980","LAK",61,61,0,0,0,0,0,10.7070163934426,2.38672022455133,5.69643343028233,8.51320833333333,7.30295833333333,8.42204166666667,10.8836666666667,12.3242916666667,14.4791666666667,"2015-08-12",224,"2015-09-06",249,5,0,653.128,3.93508333333333,51,"",2,2,0,2.03070833333333,7.05258333333333,10.6713032467532,15.5657916666667,9.43341136363636,12.1337068181818,7.79481547619048,13.915625,2.86458333333333,"Chinook","AST",2015,NA
"981","LOO",61,61,0,0,0,0,0,11.0838722677596,1.76862058849422,3.12801878604565,6.17525,8.27958333333333,9.484875,11.4671666666667,12.2532083333333,13.5483333333333,"2015-08-12",224,"2015-09-18",261,1,0,676.116208333333,0.210125,50,"",1,1,0,1.09691666666667,8.034875,11.0895319264069,14.210125,10.0694772727273,12.2123840909091,8.66899404761905,13.1466845238095,2.17133333333333,"Chinook","AST",2015,NA
"982","MAR",61,61,0,0,0,0,0,10.3414788251366,1.86469883567806,3.47710174777911,6.83108333333333,7.75004166666667,8.62241666666667,10.720875,11.6373333333333,13.4084583333333,"2015-08-12",224,"2015-09-17",260,0,0,630.830208333333,0,56,"",0,0,0,1.45320833333333,6.90475,10.3229732683983,13.7358333333333,9.34563409090909,11.3209643939394,7.82126190476191,12.6614523809524,2.06754166666667,"Chinook","AST",2015,NA
"983","SEC",61,61,0,0,0,0,0,12.0388784153005,2.74668206148656,7.54426234689208,9.16754166666667,7.95504166666667,9.43675,12.16525,14.0119166666667,16.4687916666667,"2015-08-12",224,"2015-09-06",249,16,0,734.371583333333,22.8730416666667,34,"",6,2,2,2.18770833333333,7.76045833333333,12.0097587662338,16.928,10.6712409090909,13.4893598484849,8.69467857142857,15.6098154761905,3.036,"Chinook","AST",2015,NA
"984","SFS",61,61,0,0,0,0,0,13.0057766393443,2.53480766636084,6.42524990544171,9.12066666666667,9.19358333333333,10.7806666666667,13.3732083333333,14.8447083333333,17.0079166666667,"2015-08-14",226,"2015-09-17",260,25,0,793.352375,37.6519583333333,28,"2015-08-07",17,6,2,1.70058333333333,8.82775,12.9839955627706,17.9484166666667,11.6363901515152,14.5037060606061,9.73511309523809,16.3156071428571,2.96533333333333,"Chinook","AST",2015,219
"985","STH",61,61,0,0,0,0,0,12.4044972677596,1.6993501755687,2.88779101920537,6.24483333333333,9.87633333333333,10.7967916666667,12.9494166666667,13.5500416666667,15.0865,"2015-08-14",226,"2015-09-17",260,10,0,756.674333333333,8.08633333333333,33,"",5,1,1,1.13225,9.323875,12.4036168831169,15.5687083333333,11.5031909090909,13.3359015151515,10.0575773809524,14.6278988095238,1.89741666666667,"Chinook","AST",2015,NA
"986","SUL",61,61,0,0,0,0,0,10.370193989071,1.81564588481463,3.29656997904428,5.99091666666667,7.79745833333333,8.47620833333333,10.7232083333333,11.6525416666667,13.16225,"2015-08-14",226,"2015-09-30",273,0,0,632.581833333333,0,56,"",0,0,0,1.18208333333333,7.52383333333333,10.3626862554113,13.51475,9.52367045454545,11.3326553030303,8.11578571428571,12.5450476190476,1.97995833333333,"Chinook","AST",2015,NA
"987","VAL",61,61,0,0,0,0,0,13.2570409836066,2.41744969756319,5.84406304024837,8.95770833333333,9.82975,11.045375,13.8259166666667,14.8250416666667,17.1616666666667,"2015-08-14",226,"2015-09-17",260,29,0,808.6795,40.8460416666667,27,"2015-08-07",27,14,1,1.69775,9.06829166666667,13.234945995671,18.026,12.0447818181818,14.4945083333333,9.84923214285714,16.5171488095238,2.55741666666667,"Chinook","AST",2015,219
"988","WFC",61,61,0,0,0,0,0,10.3037322404372,2.13545405677915,4.56016402861453,7.57070833333333,7.26404166666667,8.421875,10.5384583333333,11.8582916666667,13.5793333333333,"2015-08-14",226,"2015-09-29",272,1,0,628.527666666667,0.248958333333334,53,"",1,1,0,1.37783333333333,6.67825,10.2844251082251,14.2489583333333,9.15124090909091,11.5498606060606,7.91639880952381,12.9164880952381,2.38591666666667,"Chinook","AST",2015,NA
"989","BIU",61,61,0,0,0,0,0,9.43773292349727,1.09285003194631,1.19432119232506,4.409375,7.798875,8.43883333333333,9.61458333333333,10.397625,10.9853333333333,"2016-08-18",231,"2016-09-14",258,0,0,575.701708333333,0,61,"",0,0,0,1.62504166666667,6.80954166666667,9.41380757575758,11.2189166666667,8.66984621212121,10.1010598484848,7.8781130952381,10.9207202380952,1.28654166666667,"Chinook","AST",2016,NA
"990","BVC",61,61,0,0,0,0,0,11.8698695355191,2.49547136504628,6.22737733376594,8.07083333333333,8.59966666666667,9.56729166666667,11.0250416666667,14.200875,15.3730833333333,"2016-08-19",232,"2016-09-14",258,18,0,724.062041666667,16.823625,38,"2016-08-07",11,9,2,1.56358333333333,7.55329166666667,11.7509408008658,15.624125,10.5836856060606,12.8619545454545,8.83179166666667,15.1795178571429,2.21154166666667,"Chinook","AST",2016,220
"991","CHA",61,61,0,0,0,0,0,11.2249057080067,2.35181930760149,5.53105405560713,8.58808333333333,7.81075,9.394375,11.3084166666667,13.6128333333333,14.7051666666667,"2016-08-15",228,"2016-09-14",258,9,0,684.719248188406,5.801125,45,"",6,2,1,2.0815,6.37179166666667,11.1486649021269,14.959875,9.80611814888011,12.5189007575758,7.79807738095238,14.5758273809524,2.75758333333333,"Chinook","AST",2016,NA
"992","CHC",61,61,0,0,0,0,0,8.51595765027322,1.5254264899129,2.326925976128,5.29666666666667,6.471375,7.17025,8.57041666666667,9.81108333333333,10.81525,"2016-08-19",232,"2016-09-14",258,0,0,519.473416666667,0,59,"",0,0,0,1.78,5.78145833333333,8.46701525974026,11.078125,7.52650303030303,9.32630454545455,6.57873214285714,10.617375,1.61958333333333,"Chinook","AST",2016,NA
"993","LAK",61,61,0,0,0,0,0,9.84069823592302,2.23243666546334,4.98377346530507,7.647125,6.40441666666667,7.96108333333333,9.90845833333333,11.8706666666667,13.0444583333333,"2016-08-06",219,"2016-09-14",258,0,0,600.282592391304,0,55,"",0,0,0,2.11270833333333,5.80270833333333,9.78196044607566,13.4498333333333,8.50760833333333,11.0229736495389,6.66031547619048,12.9751858178054,2.563625,"Chinook","AST",2016,NA
"994","LOO",61,61,0,0,0,0,0,10.4870819672131,1.6074340902004,2.58384435433838,5.93866666666667,8.184875,9.07516666666667,10.6332916666667,11.8967083333333,12.9072083333333,"2016-08-19",232,"2016-09-14",258,0,0,639.712,0,59,"",0,0,0,1.946375,7.24929166666667,10.4537563852814,13.1879583333333,9.51279166666667,11.3923863636364,8.26991071428571,12.788744047619,1.8075,"Chinook","AST",2016,NA
"995","MAR",61,61,0,0,0,0,0,9.62685928961749,1.62233845728158,2.63198206997476,5.81545833333333,7.29720833333333,8.26683333333333,9.59533333333333,11.0205833333333,12.0739166666667,"2016-08-19",232,"2016-09-14",258,0,0,587.238416666667,0,61,"",0,0,0,1.87108333333333,6.54570833333333,9.57133474025974,12.3611666666667,8.5081893939394,10.5000962121212,7.58488095238095,11.8326845238095,1.88175,"Chinook","AST",2016,NA
"996","SEC",61,61,0,0,0,0,0,11.2232288251366,2.57471340461274,6.62914911589253,9.0075,7.35825,9.007875,11.5761666666667,13.3605833333333,14.9365833333333,"2016-08-18",231,"2016-09-14",258,12,0,684.616958333333,8.17775,40,"2016-08-20",8,3,2,2.17379166666667,6.60958333333333,11.1762752164502,15.6170833333333,9.78458560606061,12.5954151515152,7.4766130952381,14.9338154761905,2.92229166666667,"Chinook","AST",2016,233
"997","SFS",61,61,0,0,0,0,0,12.4426974043716,2.30152482801386,5.29701653396421,8.154375,9.13941666666667,10.437125,12.8313333333333,14.590625,15.8370416666667,"2016-08-06",219,"2016-09-14",258,19,0,759.004541666667,22.2430833333333,33,"2016-08-18",11,6,2,2.44545833333333,8.06958333333333,12.3760152597403,16.2239583333333,11.2043507575758,13.5392045454545,9.1668630952381,15.7142916666667,2.21845833333333,"Chinook","AST",2016,231
"998","STH",61,61,0,0,0,0,0,11.936043715847,1.56823562810814,2.45936298526772,5.37466666666667,9.499875,10.6747083333333,12.131125,13.3594583333333,14.11025,"2016-08-18",231,"2016-09-22",266,5,0,728.098666666667,0.933583333333335,42,"",3,1,1,1.233625,8.9425,11.8961760822511,14.3171666666667,10.9028439393939,12.714325,9.80803571428572,14.0284285714286,1.97579166666667,"Chinook","AST",2016,NA
"999","SUL",61,61,0,0,0,0,0,9.79160450819672,1.72244152536785,2.96680480831151,5.73229166666667,7.63295833333333,8.292125,9.393875,11.5320833333333,12.23675,"2016-08-18",231,"2016-09-14",258,0,0,597.287875,0,61,"",0,0,0,1.60695833333333,6.72458333333333,9.7376329004329,12.456875,8.9558196969697,10.4872590909091,7.49177976190476,12.129130952381,1.448125,"Chinook","AST",2016,NA
"1000","VAL",61,61,0,0,0,0,0,12.4370512295082,1.92293660821479,3.69768519921258,6.85783333333333,9.52820833333333,10.849375,12.5895,14.1652916666667,15.294,"2016-08-19",232,"2016-09-14",258,16,0,758.660125,13.31575,34,"2016-08-18",10,3,3,2.61108333333333,8.875125,12.4052494588745,15.7329583333333,11.0929825757576,13.5362287878788,10.0966488095238,15.1628273809524,2.19891666666667,"Chinook","AST",2016,231
"1001","WFC",61,61,0,0,0,0,0,10.1079472855785,2.21430782821447,4.90315915809187,8.243625,6.78983333333333,8.35391666666667,10.163375,12.1294583333333,13.4305833333333,"2016-08-18",231,"2016-09-14",258,0,0,616.58478442029,0,51,"",0,0,0,1.92245833333333,5.51316666666667,10.0369018162996,13.7567916666667,8.71805138339921,11.3922977272727,6.7945,13.2290654761905,2.601,"Chinook","AST",2016,NA
"1002","BIU",61,61,0,0,0,0,0,9.53957400807793,1.63740277193745,2.68108783754844,5.53125,6.33691666666667,8.53870833333333,10.2722083333333,10.598625,11.4982083333333,"2017-08-01",213,"2017-09-20",263,0,0,581.914014492754,0,61,"",0,0,0,0.87825,6.05875,9.58857320722755,11.59,8.96312727272727,10.1547431818182,6.426625,11.1430714285714,0.951375000000001,"Chinook","AST",2017,NA
"1003","BVC",61,61,0,0,0,0,0,11.8542780054645,3.06994570760935,9.42456664766906,11.14675,5.90020833333333,9.45470833333333,13.0889166666667,13.7731666666667,15.3970416666667,"2017-08-04",216,"2017-09-20",263,12,0,723.110958333333,10.5419583333333,25,"",6,3,3,1.143375,4.57983333333333,11.886417965368,15.7265833333333,10.7605613636364,12.9155045454545,5.73014285714286,15.0478035714286,1.697625,"Chinook","AST",2017,NA
"1004","CHA",61,61,0,0,0,0,0,11.2905553278689,2.81326274497495,7.91444727226396,9.945,5.82320833333333,8.66554166666667,12.1803333333333,13.255625,14.8026666666667,"2017-08-04",216,"2017-09-23",266,6,0,688.723875,4.845,36,"",5,3,1,2.113125,5.46429166666667,11.297462987013,15.4092916666667,9.99563409090909,12.6275318181818,5.92654166666667,14.6275773809524,2.1985,"Chinook","AST",2017,NA
"1005","CHC",61,61,0,0,0,0,0,8.27445969945355,2.04047637980386,4.16354385653745,7.71741666666667,4.34233333333333,6.619125,9.16245833333333,9.60579166666667,10.304,"2017-08-29",241,"2017-09-20",263,0,1,504.742041666667,0,48,"",0,0,0,1.46483333333333,2.80975,8.33059989177489,10.5271666666667,7.38495606060606,9.17361363636364,4.22919642857143,9.96494047619048,1.46483333333333,"Chinook","AST",2017,NA
"1006","LAK",61,61,0,0,0,0,0,10.0931350596125,2.83003628391273,8.00910536826259,9.12629166666667,4.32816666666667,7.6825,11.362875,11.93475,12.7867916666667,"2017-08-01",213,"2017-09-20",263,0,1,615.681238636364,0,50,"",0,0,0,1.64179166666667,3.95841666666667,10.1739671094057,13.0847083333333,9.19624772727273,11.2336666666667,4.444,12.5061607142857,1.542875,"Chinook","AST",2017,NA
"1007","LOO",61,61,0,0,0,0,0,10.0866461748634,2.05582133940426,4.22640137954994,6.61075,5.88725,8.665,11.0799166666667,11.4473333333333,11.9101666666667,"2017-08-04",216,"2017-09-24",267,0,0,615.285416666667,0,57,"",0,0,0,1.071125,5.59070833333333,10.1708534632035,12.2014583333333,9.47987045454545,10.9287484848485,6.03477380952381,11.6807678571429,1.09579166666667,"Chinook","AST",2017,NA
"1008","MAR",61,61,0,0,0,0,0,9.68265232240437,2.35988982083622,5.56907996648642,8.63466666666667,5.2665,7.65158333333333,10.6975416666667,11.12625,12.2639583333333,"2017-08-04",216,"2017-09-20",263,0,1,590.641791666667,0,54,"",0,0,0,1.538125,3.96229166666667,9.72178463203463,12.5969583333333,8.72980151515151,10.6561386363636,5.04863690476191,11.9927202380952,1.538125,"Chinook","AST",2017,NA
"1009","SEC",61,61,7,0.114754098360656,7,0.114754098360656,0.229508196721311,11.2747087191358,3.37496169907632,11.3903664702321,10.8805,4.97271875,7.86992708333333,12.8930833333333,13.694359375,14.3065541666667,"2017-08-01",213,"2017-09-20",263,7,0,608.834270833333,3.089375,23,"",2,2,0,1.64145833333333,4.446625,11.5934961327895,15.327125,NA,NA,5.05846428571429,14.6207569444444,1.59154166666667,"Chinook","AST",2017,NA
"1010","SFS",61,61,0,0,0,0,0,12.4908061000238,3.01943689035626,9.1169991348443,9.426875,6.628125,10.0135,13.6810833333333,14.5091304347826,15.562625,"2017-08-04",216,"2017-09-24",267,28,0,761.939172101449,19.1699221014493,18,"2017-08-07",10,2,3,1.61125,6.204,12.5792450122341,15.630875,11.4933113636364,13.6802243412385,6.61422023809524,15.0894464285714,1.91941666666667,"Chinook","AST",2017,219
"1011","STH",61,61,0,0,0,0,0,11.6281769125683,2.25320614348487,5.07693792503795,7.54675,7.38816666666667,9.46829166666667,12.593375,13.1427083333333,14.178875,"2017-08-04",216,"2017-09-20",263,5,0,709.318791666667,1.25404166666667,42,"",5,5,1,0.837166666666667,6.85408333333333,11.6682023809524,14.4008333333333,10.8824310606061,12.4167484848485,7.35793452380952,14.0433452380952,1.13916666666667,"Chinook","AST",2017,NA
"1012","SUL",61,61,0,0,0,0,0,9.65759699453552,2.10255585848809,4.42074113806258,6.881875,5.64708333333333,8.078375,10.5875416666667,10.97025,12.0047916666667,"2017-08-04",216,"2017-09-24",267,0,0,589.113416666667,0,54,"",0,0,0,1.17408333333333,5.30758333333333,9.70652034632035,12.1894583333333,8.96454393939394,10.3939515151515,5.61803571428571,11.7657261904762,1.11966666666667,"Chinook","AST",2017,NA
"1013","VAL",61,61,0,0,0,0,0,12.0828763661202,2.94523201315969,8.6743916113407,9.74829166666667,6.45108333333333,9.47354166666667,13.4175,14.1424166666667,14.6651666666667,"2017-08-04",216,"2017-09-21",264,17,0,737.055458333333,7.50908333333333,19,"",5,2,2,1.481,5.322375,12.1821854978355,15.0706666666667,11.0363772727273,13.2766522727273,6.25641666666667,14.398244047619,1.64416666666667,"Chinook","AST",2017,NA
"1014","WFC",61,61,0,0,0,0,0,10.2786987704918,2.54874418820057,6.4960969368862,8.79320833333333,5.199375,8.45875,11.3230416666667,11.9158333333333,13.2645833333333,"2017-08-04",216,"2017-09-23",266,0,0,627.000625,0,51,"",0,0,0,1.74958333333333,4.89645833333333,10.3177189393939,13.6896666666667,9.266725,11.4229166666667,5.31344047619048,13.0626428571429,1.80854166666667,"Chinook","AST",2017,NA
"1015","BIU",61,61,0,0,0,0,0,9.60285519125683,1.60191149568992,2.56612044002353,5.39370833333333,7.10708333333333,7.96654166666667,9.95191666666667,11.08275,11.6910833333333,"2018-08-01",213,"2018-09-26",269,0,0,585.774166666667,0,61,"",0,0,0,0.939583333333333,6.71,9.63260811688312,12.1037083333333,9.06233484848485,10.217546969697,7.06256547619048,11.5686547619048,1.07604166666667,"Chinook","AST",2018,NA
"1016","BVC",61,61,0,0,0,0,0,12.1992445355191,2.87643009589235,8.27385009655529,9.69908333333333,7.919,9.136625,12.611875,14.7754583333333,16.1610416666667,"2018-08-10",222,"2018-09-25",268,20,0,744.153916666667,29.079625,37,"2018-08-07",20,20,1,1.05804166666667,7.41370833333333,12.2492252164502,17.1127916666667,11.2970045454545,13.1399333333333,7.92773214285714,16.2100595238095,1.58283333333333,"Chinook","AST",2018,219
"1017","CAM",61,61,0,0,0,0,0,10.9514986338798,2.46249480617246,6.06388067042634,8.693875,6.95408333333333,8.50316666666667,11.4355416666667,12.900125,14.3220833333333,"2018-08-11",223,"2018-09-25",268,5,0,668.041416666667,2.323125,46,"",4,2,1,1.50658333333333,6.01254166666667,11.0059354978355,14.7064166666667,10.149546969697,11.9227257575758,6.91883333333333,14.1637321428571,1.63116666666667,"Chinook","AST",2018,NA
"1018","CHA",61,61,0,0,0,0,0,11.6006901579948,2.90520847365979,8.44023627542467,9.69779166666667,7.28070833333333,8.57670833333333,11.9984166666667,14.1702083333333,15.82925,"2018-08-10",222,"2018-09-25",268,19,0,707.642099637681,17.4338333333333,41,"2018-08-07",19,19,1,1.235125,6.70625,11.6248350367024,16.4040416666667,10.4989636363636,12.7768893939394,7.32910119047619,15.5148630952381,2.25541666666667,"Chinook","AST",2018,219
"1019","CHC",61,61,0,0,0,0,0,8.50184221311475,1.93354048005918,3.73857878802747,6.94525,5.72720833333333,6.637625,8.56079166666667,10.2175,11.3461666666667,"2018-08-10",222,"2018-09-25",268,0,0,518.612375,0,54,"",0,0,0,1.07975,4.91991666666667,8.51642716450217,11.8651666666667,7.70886363636364,9.30806818181818,5.64755952380952,11.2086726190476,1.45295833333333,"Chinook","AST",2018,NA
"1020","HER",61,61,0,0,0,0,0,10.6381960382514,1.67025727090281,2.78975935100372,6.39941666666667,8.02891666666667,9.186125,10.8782916666667,12.1076666666667,13.018875,"2018-08-10",222,"2018-09-25",268,0,0,648.929958333333,0,57,"",0,0,0,1.079875,7.34120833333333,10.6703162337662,13.740625,9.9281446969697,11.3607522727273,8.07407738095238,13.1381607142857,1.46125,"Chinook","AST",2018,NA
"1021","LAK",61,61,0,0,0,0,0,9.97503073770492,2.78116757196728,7.73489306336236,9.63716666666667,5.79154166666667,6.99795833333333,10.19775,12.2673333333333,14.3386666666667,"2018-08-01",213,"2018-09-26",269,4,0,608.476875,1.85641666666667,46,"",3,2,1,1.387,5.031,9.99776915584416,14.6681666666667,8.90810681818182,11.1593181818182,5.79750595238095,13.7175,2.12941666666667,"Chinook","AST",2018,NA
"1022","LOO",61,61,0,0,0,0,0,10.1838797814208,1.89356604330678,3.58559236036449,6.98416666666667,7.362625,8.24233333333333,10.5172083333333,11.7598333333333,13.019625,"2018-08-10",222,"2018-09-26",269,0,0,621.216666666667,0,57,"",0,0,0,0.962416666666666,6.40020833333333,10.2192582251082,13.384375,9.50742045454546,10.9439954545455,7.19972023809524,12.8349523809524,1.28958333333333,"Chinook","AST",2018,NA
"1023","MAR",61,61,0,0,0,0,0,9.62389412568306,2.12196400857296,4.50273125367904,7.38908333333334,6.32895833333333,7.51145833333333,9.69379166666667,11.5968333333333,12.698875,"2018-08-10",222,"2018-09-25",268,0,0,587.057541666667,0,59,"",0,0,0,1.16841666666667,6.00633333333333,9.64467813852814,13.3954166666667,8.84685681818182,10.4221537878788,6.51642261904762,12.738869047619,1.33258333333333,"Chinook","AST",2018,NA
"1024","SEC",61,61,0,0,0,0,0,11.4617677595628,3.18984577623809,10.175116076184,10.7154166666667,6.58533333333333,8.05520833333333,11.828625,14.1546666666667,16.2184166666667,"2018-08-10",222,"2018-09-26",269,16,0,699.167833333333,20.84475,39,"2018-08-13",9,4,3,1.21970833333333,5.85204166666667,11.5042993506494,16.5674583333333,10.3053742424242,12.7944545454545,6.57706547619048,15.7614047619048,2.38716666666667,"Chinook","AST",2018,225
"1025","SFS",61,61,0,0,0,0,0,12.4393196721311,3.03985175667008,9.24069870253017,10.187375,8.04266666666667,9.159,12.7685416666667,14.9412083333333,16.7451666666667,"2018-08-10",222,"2018-09-26",269,22,0,758.7985,36.061375,32,"2018-08-07",20,11,1,1.32304166666667,7.09304166666667,12.4699045454545,17.2804166666667,11.3409810606061,13.6602439393939,7.98008928571429,16.3498928571429,2.20525,"Chinook","AST",2018,219
"1026","STH",61,61,0,0,0,0,0,11.5311420765027,2.03118014424578,4.1256927783783,7.48495833333333,8.27816666666667,9.43558333333333,11.76025,13.1644583333333,14.6952083333333,"2018-08-10",222,"2018-09-25",268,8,0,703.399666666667,4.975,44,"",6,4,1,0.995583333333334,7.69516666666667,11.5530971861472,15.180125,10.744428030303,12.2920037878788,8.43122619047619,14.52025,1.64316666666667,"Chinook","AST",2018,NA
"1027","SUL",61,61,0,0,0,0,0,9.69339275956284,2.0918061760201,4.37565307803582,7.07754166666667,6.69483333333333,7.65970833333333,9.81954166666667,11.642125,12.6747916666667,"2018-08-10",222,"2018-09-25",268,0,0,591.296958333333,0,60,"",0,0,0,1.068375,5.89283333333333,9.71484891774892,12.970375,8.9873303030303,10.4430704545455,6.52822619047619,12.4518392857143,1.28366666666667,"Chinook","AST",2018,NA
"1028","VAL",61,61,0,0,0,0,0,12.2509460382514,2.59655161007693,6.74208026379307,9.50545833333333,8.13329166666667,9.68266666666667,12.3155416666667,14.3599166666667,16.1446666666667,"2018-08-10",222,"2018-09-25",268,19,0,747.307708333333,24.9822083333333,38,"2018-08-11",16,9,2,1.3335,7.54470833333333,12.2936224025974,17.0501666666667,11.3166553030303,13.3185803030303,8.30166666666667,16.1211666666667,2.05866666666667,"Chinook","AST",2018,223
"1029","WFC",61,61,0,0,0,0,0,10.3075334699454,2.75312238490248,7.57968286625114,9.10891666666667,6.10479166666667,7.4215,10.6859166666667,12.953375,14.1077916666667,"2018-08-10",222,"2018-09-26",269,6,0,628.759541666667,1.92695833333334,44,"",4,3,1,0.982458333333334,5.583875,10.3329724025974,14.6927916666667,9.29612878787879,11.4560606060606,6.22125595238095,13.9555178571429,1.99979166666667,"Chinook","AST",2018,NA
"1030","BIU",61,61,0,0,0,0,0,9.69902390710383,1.41985572145918,2.01599026976036,6.19533333333333,7.63804166666667,8.79358333333333,10.2120833333333,10.6196666666667,11.3739583333333,"2019-08-09",221,"2019-09-29",272,0,0,591.640458333333,0,59,"",0,0,0,1.445375,5.394125,9.79736406926407,11.5894583333333,9.23525075757576,10.3978371212121,7.14944642857143,11.2524523809524,1.057,"Chinook","AST",2019,NA
"1031","BVC",61,61,0,0,0,0,0,12.9342397540984,2.84333344139409,8.08454505894999,12.1317083333333,8.34741666666667,10.59075,14.056875,14.8287083333333,16.329625,"2019-08-05",217,"2019-09-30",273,33,0,788.988625,34.3257083333333,21,"2019-08-07",13,8,4,1.176375,4.555,13.0902523809524,16.6867083333333,11.9708522727273,14.0702583333333,8.16932738095238,16.25225,1.777,"Chinook","AST",2019,219
"1032","CAM",61,61,0,0,0,0,0,11.9936967213115,2.35611206081566,5.55126404312102,9.81029166666667,8.53366666666667,10.4690416666667,12.9469583333333,13.6444583333333,14.5840416666667,"2019-08-05",217,"2019-09-29",272,10,0,731.6155,5.21695833333333,29,"",5,1,1,1.145,5.27833333333333,12.1565628787879,15.088625,11.2373863636364,13.1542924242424,7.97233333333333,14.4292857142857,1.61708333333333,"Chinook","AST",2019,NA
"1033","CHA",61,61,0,0,0,0,0,12.3515109289617,2.84074082981974,8.06980846220496,11.827125,7.90333333333333,10.24,13.4204166666667,14.3752083333333,15.9595833333333,"2019-08-05",217,"2019-09-29",272,23,0,753.442166666667,20.04625,25,"2019-08-07",9,3,4,1.78925,4.7625,12.510236038961,16.589625,11.3808151515152,13.6689560606061,7.56345238095238,15.7497321428571,1.844,"Chinook","AST",2019,219
"1034","CHC",61,61,0,0,0,0,0,8.89090505464481,1.96567083614242,3.86386183606083,8.82408333333333,5.91708333333333,7.73145833333333,9.64120833333333,10.2107916666667,11.2129583333333,"2019-08-05",217,"2019-09-30",273,0,3,542.345208333333,0,57,"",0,0,0,1.415125,2.61229166666667,9.02095411255411,11.436375,8.05749848484849,9.8339446969697,5.51169047619048,11.0382380952381,1.43845833333334,"Chinook","AST",2019,NA
"1035","HER",61,61,0,0,0,0,0,11.4435601092896,1.70806511779148,2.91748644661601,7.492875,8.738,10.1517916666667,12.2325416666667,12.718625,13.3021666666667,"2019-08-03",215,"2019-09-30",273,0,0,698.057166666667,0,53,"",0,0,0,1.353625,6.14425,11.5772331168831,13.637125,10.610425,12.4035878787879,8.70107738095238,12.923869047619,1.77383333333333,"Chinook","AST",2019,NA
"1036","LAK",61,61,0,0,0,0,0,10.4936386612022,2.66077079157675,7.07970120530795,11.3196666666667,6.41658333333333,8.54708333333333,11.3607083333333,12.3110416666667,13.8134166666667,"2019-08-05",217,"2019-09-30",273,1,2,640.111958333333,0.717333333333333,48,"",1,1,0,1.200125,3.39766666666667,10.624771969697,14.7173333333333,9.523725,11.7734833333333,6.0194880952381,13.864625,2.30729166666667,"Chinook","AST",2019,NA
"1037","MAR",61,61,0,0,0,0,0,10.1910758196721,2.15186606878328,4.6305275779808,9.399375,6.64045833333333,8.72808333333333,11.007875,11.72225,12.6730833333333,"2019-08-01",213,"2019-09-30",273,0,1,621.655625,0,56,"",0,0,0,1.722625,3.714375,10.3100187229437,13.11375,9.26940151515151,11.1246507575758,6.60217857142857,12.739125,1.53833333333333,"Chinook","AST",2019,NA
"1038","SEC",61,14,0,0,0,0,0,14.7264336734694,1.55400524276241,2.41493229453306,4.47838690476191,12.2615125,13.5068958333333,15.667875,15.9414270833333,16.1659145833333,"2019-08-05",217,"2019-08-14",226,9,0,206.170071428571,15.721375,3,"2019-08-07",9,9,1,1.633625,11.9230714285714,14.9597311862245,16.4014583333333,13.4212016369048,16.2259114583333,13.525962585034,15.9269047619048,2.99310416666667,"Chinook","AST",2019,219
"1039","SFS",61,61,0,0,0,0,0,13.161343579235,2.836240140776,8.04425813614906,11.85525,9.08870833333333,10.9512916666667,14.1377916666667,15.2717916666667,16.5479166666667,"2019-08-05",217,"2019-09-30",273,33,0,802.841958333333,43.9216666666667,22,"2019-08-07",13,10,3,2.11925,5.46395833333333,13.3060035714286,17.3192083333333,12.0408037878788,14.5354598484848,8.36425595238095,16.5667857142857,2.10141666666667,"Chinook","AST",2019,219
"1040","STH",61,61,0,0,0,0,0,10.8104163271364,3.31206334831959,10.969763623282,11.2342666666667,5.88470588235294,7.92666666666667,12.6701666666667,13.5770416666667,14.71625,"2019-08-03",215,"2019-09-29",272,8,1,659.43539595532,4.74525,29,"2019-08-07",7,4,1,3.80137151702786,3.6999,10.8604584793488,14.9341666666667,9.22976228376199,12.2338182009867,5.89086750208856,14.6704523809524,2.80629166666667,"Chinook","AST",2019,219
"1041","SUL",61,6,0,0,0,0,0,12.2574722222222,0.509126053799457,0.259209338657407,1.27416666666667,11.54984375,11.9662708333333,12.4105208333333,12.6485833333333,12.7199375,"2019-08-01",213,"2019-08-06",218,0,0,73.5448333333333,0,6,"",0,0,0,0.644208333333333,NA,NA,NA,NA,NA,NA,NA,NA,"Chinook","AST",2019,NA
"1042","VAL",61,61,0,0,0,0,0,13.0466448087432,2.61045379688507,6.81446902567168,11.44075,8.84225,11.4155,14.1159583333333,14.9471666666667,16.0390416666667,"2019-08-05",217,"2019-09-30",273,32,0,795.845333333333,32.10875,23,"2019-08-07",14,8,3,2.80029166666667,4.78570833333333,13.2115911255411,16.2264583333333,11.9766674242424,14.218128030303,8.61622619047619,15.9017321428571,1.83104166666667,"Chinook","AST",2019,219
"1043","WFC",61,61,0,0,0,0,0,10.8413702185792,2.44452330244998,5.97569417622097,10.3866666666667,6.84791666666667,9.08104166666667,11.6984166666667,12.630375,13.939375,"2019-08-05",217,"2019-09-29",272,2,0,661.323583333333,0.817958333333333,49,"",1,1,0,1.61104166666667,4.110125,10.9861165584416,14.4967916666667,9.9476196969697,12.0812174242424,6.63886904761905,13.7031547619048,2.07016666666667,"Chinook","AST",2019,NA
"1044","BIU",61,61,0,0,0,0,0,9.485625,1.48595652461825,2.20806679305556,5.05954166666667,7.202625,8.060375,9.862625,10.5355416666667,11.5028333333333,"2020-08-06",219,"2020-09-25",269,0,0,578.623125,0,61,"",0,0,0,1.47329166666667,6.66329166666667,9.50402489177489,11.7228333333333,8.72960075757576,10.0800840909091,7.21472023809524,11.4854702380952,1.472,"Chinook","AST",2020,NA
"1045","BVC",61,61,0,0,0,0,0,12.9764972677596,2.94779747543561,8.68950995618454,10.2550833333333,8.53433333333333,10.2626666666667,13.5380833333333,15.372,17.153625,"2020-08-06",219,"2020-09-25",269,28,0,791.566333333333,47.4195416666667,27,"2020-08-07",21,5,2,1.85695833333333,7.67083333333333,12.9777882034632,17.9259166666667,11.6262386363636,14.1946613636364,8.59027380952381,17.2083630952381,2.44166666666667,"Chinook","AST",2020,220
"1046","CAM",61,61,0,0,0,0,0,11.5285676229508,2.36347202085288,5.58599999335439,8.27354166666667,7.870375,9.46541666666667,12.123,13.4285833333333,14.6877916666667,"2020-08-18",231,"2020-09-28",272,10,0,703.242625,6.57466666666667,41,"2020-08-07",7,5,2,1.719875,7.092125,11.569333008658,15.3656666666667,10.2869143939394,12.6250431818182,8.05605357142857,14.624875,1.94204166666667,"Chinook","AST",2020,220
"1047","CHA",61,61,0,0,0,0,0,11.8236816939891,2.83191338518367,8.01973342118245,9.18625,7.93625,9.05416666666667,12.7408333333333,14.02,16.2125,"2020-08-18",231,"2020-09-25",269,16,0,721.244583333333,20.4779166666667,38,"2020-08-07",11,4,2,1.80625,7.18291666666667,11.8132413419913,16.3691666666667,10.4034166666667,13.0417045454545,7.82940476190476,15.9431547619048,2.33875,"Chinook","AST",2020,220
"1048","CHC",61,61,0,0,0,0,0,8.67730464480874,1.86235109207031,3.46835159013547,6.657,5.87633333333333,7.05220833333333,9.25875,10.1704583333333,11.1972916666667,"2020-08-18",231,"2020-09-25",269,0,0,529.315583333333,0,55,"",0,0,0,1.74958333333333,5.30116666666667,8.6961551948052,11.9581666666667,7.62030303030303,9.59451060606061,5.89394047619048,11.142869047619,1.63445833333333,"Chinook","AST",2020,NA
"1049","HER",61,61,0,0,0,0,0,12.2292288251366,1.90024289158697,3.61092304702679,6.681,9.24608333333333,10.7900416666667,12.867625,13.6145,14.73225,"2020-08-18",231,"2020-09-27",271,14,0,745.982958333333,7.29945833333333,34,"2020-08-07",7,4,3,1.97408333333333,8.61408333333333,12.2646435064935,15.2950833333333,11.0346787878788,13.1606909090909,9.49933928571429,14.6067083333333,1.95920833333333,"Chinook","AST",2020,220
"1050","LAK",61,61,0,0,0,0,0,10.2095799180328,2.35231797432488,5.53339985233189,8.0725,6.58720833333333,8.07179166666667,10.6159166666667,12.0151666666667,13.7862916666667,"2020-08-18",231,"2020-09-25",269,3,0,622.784375,0.415958333333334,52,"",2,1,0,2.03320833333333,6.26058333333333,10.2114220779221,14.3330833333333,8.98011136363637,11.3005234848485,6.86608928571429,13.5776845238095,2.14379166666667,"Chinook","AST",2020,NA
"1051","MAR",61,61,0,0,0,0,0,10.000260513186,2.21614372692741,4.9112930183997,7.73729166666667,6.89683333333333,7.85233333333333,10.5200833333333,11.8647916666667,13.1223333333333,"2020-08-06",219,"2020-09-25",269,0,0,610.015891304348,0,55,"",0,0,0,1.91016666666667,6.13154166666667,9.9939715085639,13.8688333333333,8.77163409090909,10.958848715415,6.96355357142857,13.1701726190476,1.922125,"Chinook","AST",2020,NA
"1052","SFS",61,61,0,0,0,0,0,12.9946236338798,2.79842481090313,7.8311814222782,10.0337916666667,8.76516666666667,10.5655833333333,13.7814583333333,15.2425,16.8921666666667,"2020-08-18",231,"2020-09-25",269,29,0,792.672041666667,43.95325,27,"2020-08-07",15,6,3,2.315875,7.9155,13.0208864718615,17.9492916666667,11.4979651515152,14.3572590909091,8.80117857142857,16.7626428571429,2.70304166666667,"Chinook","AST",2020,220
"1053","STH",61,61,0,0,0,0,0,12.6446967213115,1.91524917327359,3.66817939572518,6.25004166666667,9.88166666666667,10.8575833333333,13.0914166666667,14.13775,15.3932916666667,"2020-08-18",231,"2020-09-27",271,17,0,771.3265,15.9614166666667,29,"2020-08-07",12,4,2,1.47508333333333,9.58308333333333,12.6469439393939,15.833125,11.5818037878788,13.5097227272727,9.96370833333333,15.3373928571429,1.49833333333333,"Chinook","AST",2020,220
"1054","VAL",61,61,0,0,0,0,0,13.3549009562842,2.77598706825779,7.70610420313449,8.839375,9.10883333333333,10.5965833333333,14.1431666666667,15.6988333333333,17.295125,"2020-08-03",216,"2020-09-18",262,31,0,814.648958333333,54.770625,26,"2020-08-07",23,5,3,2.20066666666667,8.83808333333333,13.3639111471861,17.6774583333333,11.94955,14.5176522727273,9.59191666666667,17.1727738095238,2.265,"Chinook","AST",2020,220
"1055","WFC",61,61,0,0,0,0,0,10.2780457650273,2.40196151854208,5.769419136557,8.155375,6.89145833333333,7.98608333333333,11.0526666666667,12.1592083333333,14.0558333333333,"2020-08-18",231,"2020-09-28",272,4,0,626.960791666667,0.746708333333332,50,"",2,1,0,1.79541666666667,6.22945833333333,10.2782596320346,14.3848333333333,9.08433939393939,11.3705946969697,6.84508333333333,13.7278214285714,2.10408333333333,"Chinook","AST",2020,NA
"1056","BIU",61,61,0,0,0,0,0,9.92052815395581,1.39899253948433,1.95718012553282,5.42945833333333,7.61333333333333,9.15179166666667,10.1886666666667,10.876375,11.9484583333333,"2021-08-04",216,"2021-09-30",273,0,0,605.152217391304,0,61,"",0,0,0,1.06103260869565,6.90795833333333,9.9521687558818,12.3374166666667,9.33015553359684,10.5172833333333,7.78132142857143,11.7503465320911,1.151,"Chinook","AST",2021,NA
"1057","BVC",61,61,0,0,0,0,0,12.853322466468,2.78194271602665,7.73920527525371,10.7085416666667,8.70704166666667,11.0573333333333,12.69975,14.6315833333333,17.6012916666667,"2021-08-04",216,"2021-09-30",273,17,0,784.052670454546,44.0275454545455,36,"2021-08-07",17,17,1,1.15508333333333,7.54754166666667,12.8449896399055,18.2560833333333,11.5914371212121,14.0173962121212,9.32323809523809,17.199316017316,2.26191666666667,"Chinook","AST",2021,219
"1058","CAM",61,61,0,0,0,0,0,11.8791912568306,2.78838594799699,7.7750961949871,10.56975,7.521875,10.1524166666667,11.83525,13.9387083333333,16.0388333333333,"2021-08-04",216,"2021-09-30",273,15,0,724.630666666667,25.274,41,"2021-08-07",8,7,2,1.55879166666667,5.86304166666667,11.9164423160173,16.4327916666667,10.7035174242424,12.885628030303,7.94567261904762,15.9536845238095,2.10029166666667,"Chinook","AST",2021,219
"1059","CHA",61,61,0,0,0,0,0,11.9689258989952,2.66768124880068,7.11652324520275,10.4420833333333,7.79866666666667,10.16375,11.934125,13.6566666666667,16.4820833333333,"2021-08-01",213,"2021-09-30",273,14,0,730.10447983871,25.088188172043,44,"2021-08-07",8,7,2,1.85375,6.65958333333333,11.9449134862449,17.1016666666667,10.7105810606061,13.0019276637341,8.46657738095238,16.2902976190476,2.01525,"Chinook","AST",2021,219
"1060","CHC",61,61,0,0,0,0,0,8.85294603825137,1.99781791637464,3.99127642698752,7.98629166666667,6.11116666666667,7.473125,8.814,10.3352916666667,12.2746666666667,"2021-08-04",216,"2021-09-29",272,0,0,540.029708333333,0,58,"",0,0,0,1.42995833333333,4.60854166666667,8.87095313852814,12.5948333333333,7.90159015151515,9.80677727272727,6.18999404761905,11.7845416666667,1.928125,"Chinook","AST",2021,NA
"1061","HER",61,61,0,0,0,0,0,12.8385151461155,2.16428965212567,4.68414969829824,9.54316666666667,9.29916666666667,11.527,12.8910833333333,14.1839583333333,16.4031739130435,"2021-08-13",225,"2021-09-29",272,17,0,783.149423913044,24.7992155797101,33,"2021-08-13",11,5,2,2.18341666666667,7.30270833333333,12.9244490495012,16.845875,11.5679060606061,14.0678986166008,9.68099404761905,16.03458436853,2.24029166666667,"Chinook","AST",2021,225
"1062","LAK",61,61,0,0,0,0,0,10.674054674507,2.68021350754233,7.18354444601236,10.287625,6.54645833333333,8.945,10.46075,12.257875,14.9322916666667,"2021-08-04",216,"2021-09-30",273,10,0,651.117335144928,9.35070833333333,45,"2021-08-07",7,2,1,1.58825,5.300875,10.6521273056653,15.5885,9.41528484848485,11.7222174242424,7.12804761904762,15.0886785714286,2.17791666666667,"Chinook","AST",2021,219
"1063","LOO",61,61,0,0,0,0,0,11.2450566939891,2.24408960982213,5.03593817691162,8.74279166666667,7.88391666666667,9.60866666666667,11.4081666666667,12.9364583333333,14.726875,"2021-08-04",216,"2021-09-30",273,12,0,685.948458333333,6.25966666666667,46,"",6,5,2,1.20095833333333,6.33395833333333,11.2750726190476,15.07675,10.1946159090909,12.2540121212121,8.19480357142857,14.4359583333333,2.028,"Chinook","AST",2021,NA
"1064","MAR",61,61,0,0,0,0,0,9.81699590163934,2.08846010456847,4.36166560837413,8.34745833333333,6.78483333333333,8.40025,9.48654166666667,11.2810833333333,13.5449583333333,"2021-08-04",216,"2021-09-29",272,0,0,598.83675,0,53,"",0,0,0,1.36945833333333,5.62595833333333,9.81288116883117,13.9734166666667,8.85561893939394,10.7646484848485,7.16550595238095,13.0830119047619,1.938125,"Chinook","AST",2021,NA
"1065","VAL",61,61,0,0,0,0,0,13.2891024590164,2.669824685381,7.12796385066978,10.5462916666667,9.20095833333333,11.5414583333333,13.027125,15.5717083333333,17.78025,"2021-08-04",216,"2021-09-29",272,19,0,810.63525,47.9925833333333,30,"2021-08-07",17,1,1,1.40291666666667,7.67458333333333,13.3038627705628,18.220875,12.0460106060606,14.5133871212121,9.80674404761905,17.1625952380952,2.47175,"Chinook","AST",2021,219
"1066","WFC",61,61,0,0,0,0,0,10.5517412280702,2.47328702903898,6.11714872801247,9.813125,6.86295833333333,9.07925,10.3845,11.8172083333333,14.6925833333333,"2021-08-01",213,"2021-09-30",273,8,0,643.656214912281,4.81925,46,"",5,1,1,1.76920833333333,5.48179166666667,10.5284694919116,15.2949166666667,9.37464242424242,11.5328598484849,7.26845833333333,14.6072261904762,2.00979166666667,"Chinook","AST",2021,NA
"1067","BIU",61,61,0,0,0,0,0,10.681037568306,1.52985425647273,2.34045404604774,4.887375,8.179,9.11208333333333,11.2354583333333,11.811125,12.539875,"2022-08-13",225,"2022-09-30",273,0,0,651.543291666667,0,61,"",0,0,0,1.290125,7.9105,10.7241567099567,12.797875,10.137296969697,11.3147151515152,8.40439285714286,12.3370119047619,1.222875,"Chinook","AST",2022,NA
"1068","BVC",61,61,0,0,0,0,0,13.5573353825137,2.46862996415196,6.09413389990893,8.39916666666667,9.48554166666667,10.9406666666667,14.3163333333333,15.6839583333333,16.1796666666667,"2022-08-01",213,"2022-09-23",266,33,0,826.997458333333,51.2345,22,"2022-08-07",27,5,2,0.862458333333333,8.68825,13.6115874458874,17.0874166666667,12.7450931818182,14.3694106060606,9.80057142857143,15.9728511904762,1.62770833333333,"Chinook","AST",2022,219
"1069","CAM",61,61,0,0,0,0,0,12.421506147541,1.9908760541559,3.96358746301135,5.97483333333333,9.18975,10.3034166666667,13.3033333333333,14.1637083333333,14.6384166666667,"2022-08-12",224,"2022-09-24",267,18,0,757.711875,7.40833333333333,28,"2022-08-17",7,4,4,1.280125,9.00466666666667,12.485291991342,14.9795,11.6363181818182,13.3934310606061,9.34181547619048,14.4242738095238,1.46445833333333,"Chinook","AST",2022,229
"1070","CHA",61,61,0,0,0,0,0,13.0156181693989,2.66616230785082,7.10842145180442,7.97508333333333,9.03279166666667,9.99304166666667,13.794375,15.345125,15.90175,"2022-08-02",214,"2022-09-30",273,30,0,793.952708333333,40.9325,24,"2022-08-07",27,15,2,1.24483333333333,8.67395833333333,13.0512806277056,16.6490416666667,12.0971810606061,13.9519378787879,9.42690476190476,15.751380952381,1.72295833333333,"Chinook","AST",2022,219
"1071","HER",61,61,0,0,0,0,0,12.0576728142077,1.43664246045838,2.0639415591919,4.87316666666667,9.595625,10.7889166666667,12.733875,13.2257916666667,13.6912916666667,"2022-08-21",233,"2022-09-30",273,0,0,735.518041666667,0,38,"",0,0,0,1.34583333333333,9.07554166666667,12.1201255411255,13.9487083333333,11.2630803030303,12.8289507575758,9.87089285714286,13.483119047619,1.39333333333333,"Chinook","AST",2022,NA
"1072","LAK",61,61,0,0,0,0,0,11.1610232240437,2.28546887782866,5.22336799152341,7.10225,7.71641666666667,8.56233333333333,11.8684166666667,13.2079166666667,13.64825,"2022-08-02",214,"2022-09-30",273,0,0,680.822416666667,0,42,"",0,0,0,1.19575,6.86191666666667,11.2160399350649,13.9641666666667,10.3816159090909,12.0648393939394,7.71981547619048,13.4845714285714,1.57420833333333,"Chinook","AST",2022,NA
"1073","LOO",61,61,0,0,0,0,0,11.2710136612022,1.5383555703431,2.36653786080563,4.54383333333333,8.70825,9.55875,12.0267083333333,12.4933333333333,12.8497916666667,"2022-08-12",224,"2022-09-23",266,0,0,687.531833333333,0,59,"",0,0,0,0.687458333333334,8.53795833333333,11.3404693722944,13.0817916666667,10.7347575757576,11.9834696969697,8.89539285714286,12.7841369047619,0.984166666666667,"Chinook","AST",2022,NA
"1074","SFS",61,61,0,0,0,0,0,13.9561229508197,2.55976960062818,6.55242040830013,8.48733333333333,9.66058333333333,11.234375,14.67275,16.066125,17.072,"2022-08-13",225,"2022-09-23",266,35,0,851.3235,67.4304583333333,22,"2022-08-07",27,5,3,0.98075,9.17241666666667,14.0132155844156,17.65975,12.9551696969697,15.0988681818182,10.0407857142857,16.5873035714286,2.013375,"Chinook","AST",2022,219
"1075","VAL",61,61,0,0,0,0,0,13.8630396174863,2.40993080914905,5.80776650488578,7.81841666666667,9.97370833333333,11.212875,14.7370416666667,15.747625,16.5513333333333,"2022-08-13",225,"2022-09-22",265,38,0,845.645416666667,61.0194583333333,22,"2022-08-07",36,19,1,2.01758333333333,9.29375,13.9325975108225,17.1121666666667,12.9654583333333,14.9151575757576,10.332380952381,16.4962738095238,1.7815,"Chinook","AST",2022,219
"1076","WFC",61,61,0,0,0,0,0,11.418856557377,2.36560352592539,5.59608004187064,7.02129166666667,7.94433333333333,8.73279166666667,12.2475833333333,13.484875,14.1887916666667,"2022-08-02",214,"2022-09-30",273,6,0,696.55025,1.27941666666667,39,"",4,1,1,0.975416666666668,7.58870833333333,11.4611680735931,14.61,10.573053030303,12.341853030303,8.12889285714286,13.9130952380952,1.51929166666667,"Chinook","AST",2022,NA
"1077","BVC",61,61,0,0,0,0,0,12.9127588797814,2.73398910421009,7.47469642193951,10.3559583333333,7.91516666666667,11.9005833333333,13.3614166666667,14.6252916666667,17.4557916666667,"2023-08-18",230,"2023-09-28",271,24,0,787.678291666667,34.1720833333333,27,"2023-08-16",11,6,3,1.29670833333333,7.28966666666667,13.0848270562771,17.645625,11.8503742424242,14.3134196969697,8.2102380952381,16.9291428571429,2.21158333333333,"Chinook","AST",2023,228
"1078","CHA",61,61,0,0,0,0,0,12.3087260928962,2.78717993751345,7.76837200407749,10.2953333333333,7.22725,11.0575,12.667625,14.214625,16.1862083333333,"2023-08-15",227,"2023-09-30",273,18,0,750.832291666667,21.1960833333333,34,"2023-08-16",9,3,2,1.215625,6.81229166666667,12.4927082251082,17.107625,11.3532128787879,13.7607462121212,7.67667857142857,16.0963273809524,2.21891666666667,"Chinook","AST",2023,228
"1079","CHC",61,61,0,0,0,0,0,8.86613797814208,1.81375582666415,3.28971019875816,7.35,5.490375,7.96729166666667,9.15520833333333,10.2325833333333,11.6417916666667,"2023-08-18",230,"2023-09-28",271,0,0,540.834416666667,0,54,"",0,0,0,1.56604166666667,4.816,8.96642218614719,12.166,8.08332878787879,9.82734318181818,5.77464285714286,11.3991130952381,1.73395833333333,"Chinook","AST",2023,NA
"1080","HER",61,61,0,0,0,0,0,10.9662260928962,1.64457349985904,2.7046219964386,6.798625,8.17816666666667,9.783,11.0643333333333,12.309,13.4043333333333,"2023-08-18",230,"2023-09-29",272,2,0,668.939791666667,0.352208333333333,56,"",2,2,0,1.34483333333333,7.52891666666667,11.0636843073593,14.3275416666667,10.1654098484849,11.9618454545455,8.39925595238095,13.5084166666667,1.71566666666667,"Chinook","AST",2023,NA
"1081","LOO",61,61,0,0,0,0,0,10.9360293715847,1.89228235560397,3.58073251333011,7.981875,7.67158333333333,9.87908333333333,11.0715416666667,12.1786666666667,14.0456666666667,"2023-08-18",230,"2023-09-28",271,4,0,667.097791666667,0.840000000000002,55,"",4,4,1,1.11679166666667,6.58158333333333,11.0756020562771,14.5634583333333,10.2399113636364,11.9324015151515,7.64744642857143,13.7358928571429,1.68325,"Chinook","AST",2023,NA
"1082","VAL",61,61,0,0,0,0,0,13.6275348360656,2.6129276054248,6.82739067119099,10.0675833333333,9.106625,12.0490833333333,14.1018333333333,15.5371666666667,17.7023333333333,"2023-08-18",230,"2023-09-29",272,34,0,831.279625,51.0155416666667,20,"2023-08-14",23,3,3,1.49320833333333,8.13125,13.7825054112554,18.1988333333333,12.6269659090909,14.9405166666667,9.18791071428571,17.2916369047619,2.20466666666667,"Chinook","AST",2023,226
"1083","WFC",61,61,0,0,0,0,0,10.7088729508197,2.4090898602402,5.80371395471217,8.93245833333333,6.35808333333333,9.39466666666667,11.0297083333333,12.415875,14.0456666666667,"2023-08-15",227,"2023-09-28",271,4,0,653.24125,1.78270833333334,51,"",4,4,1,1.244875,5.86320833333333,10.8622117965368,14.7956666666667,9.88876212121212,11.9908416666667,6.72842261904762,13.9,1.96558333333333,"Chinook","AST",2023,NA
"1084","BVC",61,61,0,0,0,0,0,12.7744993169399,2.32460605379762,5.40379330535253,9.20183333333333,9.42866666666667,11.2616666666667,12.5071666666667,14.2370833333333,17.1046666666667,"2024-08-04",217,"2024-09-30",274,17,0,779.244458333333,31.3792083333333,36,"2024-08-07",14,8,2,1.97970833333333,8.766375,12.6548100649351,17.9682083333333,11.5847371212121,13.8620121212121,9.89680952380952,17.1004226190476,1.98329166666667,"Chinook","AST",2024,220
"1085","CHA",61,61,0,0,0,0,0,12.3205149297424,2.38125715194711,5.67038562369924,10.2697023809524,9.37629166666667,10.5639166666667,11.996,14.0665416666667,16.8932916666667,"2024-08-02",215,"2024-09-30",274,16,0,751.551410714286,24.9957857142857,40,"2024-08-07",14,8,1,1.627,7.20558333333333,12.2197449907236,17.4752857142857,11.0524583333333,13.3431111471861,9.49563690476191,16.7865051020408,2.20629166666667,"Chinook","AST",2024,220
"1086","CHC",61,61,0,0,0,0,0,8.50422609289618,1.56308218514044,2.44322591750342,6.53645833333333,6.86608333333333,7.22725,8.14795833333333,9.74375,11.392125,"2024-08-04",217,"2024-09-30",274,0,0,518.757791666667,0,60,"",0,0,0,1.41208333333333,5.58208333333333,8.42507770562771,12.1185416666667,7.47486212121212,9.46218333333333,7.12265476190476,11.3908571428571,1.84679166666667,"Chinook","AST",2024,NA
"1087","HER",61,61,0,0,0,0,0,11.7696598360656,1.38123319882903,1.90780514954747,6.123875,9.90829166666667,10.65625,11.6209583333333,12.626125,14.3663333333333,"2024-08-04",217,"2024-09-30",274,4,0,717.94925,2.2215,51,"",2,1,0,1.834375,8.66258333333333,11.7332768398268,14.7864583333333,10.7475446969697,12.7968272727273,10.1746904761905,13.9683035714286,1.72333333333333,"Chinook","AST",2024,NA
"1088","LOO",61,61,0,0,0,0,0,11.1222568306011,1.5798758573948,2.49600772477895,6.81829166666667,8.78975,10.004875,10.8618333333333,12.05825,14.106625,"2024-08-04",217,"2024-09-30",274,4,0,678.457666666667,0.974833333333333,53,"",3,2,1,1.304375,7.602125,11.0643383116883,14.4204166666667,10.1228621212121,11.9527621212121,9.16882142857143,14.0515178571429,1.81941666666667,"Chinook","AST",2024,NA
"1089","MAR",61,61,0,0,0,0,0,9.60770081967213,1.88828511276798,3.56562066710117,7.16554166666667,7.50095833333333,8.07195833333333,9.16891666666667,11.0132083333333,13.2087916666667,"2024-08-04",217,"2024-09-30",274,0,0,586.06975,0,55,"",0,0,0,1.563625,6.65516666666667,9.48718041125541,13.8207083333333,8.41548939393939,10.6709204545455,7.91245238095238,13.1921726190476,2.12616666666667,"Chinook","AST",2024,NA
"1090","SFS",61,61,0,0,0,0,0,12.9481666666667,2.26630955873863,5.13615901603009,10.521375,9.99533333333333,11.470125,12.82375,14.0245833333333,17.5639166666667,"2024-08-04",217,"2024-09-30",274,16,0,789.838166666667,31.216,33,"2024-08-07",10,4,2,1.77208333333333,8.48191666666667,12.8179472943723,19.0032916666667,11.5640901515152,14.2265045454545,10.5121011904762,17.5488869047619,2.64566666666667,"Chinook","AST",2024,220
"1091","VAL",61,61,0,0,0,0,0,13.0229221311475,2.23475982097292,4.99415145743492,8.91695833333333,10.349625,11.2345833333333,12.526125,14.6067083333333,17.1076666666667,"2024-08-04",217,"2024-09-30",274,19,0,794.39825,34.499625,34,"2024-08-07",14,9,2,2.15183333333333,9.37583333333333,12.9009902597403,18.2927916666667,11.4281674242424,14.3775,10.9904642857143,17.0110714285714,2.97804166666667,"Chinook","AST",2024,220
"1092","WFC",61,61,0,0,0,0,0,10.6208500993542,2.11115083161768,4.45695783384004,9.355,8.11925,8.945,10.2648333333333,12.2648333333333,14.49425,"2024-08-04",217,"2024-09-30",274,5,0,647.871856060606,3.46868939393939,52,"",5,5,1,1.262375,5.775625,10.5517955726092,15.130625,9.48439696969697,11.5490590909091,8.04980357142857,14.4646996753247,1.89720833333333,"Chinook","AST",2024,NA
"1093","BVC",61,1,0,0,0,0,0,12.99125,NA,NA,0,12.99125,12.99125,12.99125,12.99125,12.99125,"2025-08-01",213,"2025-08-01",213,0,0,12.99125,0,1,"",0,0,0,NA,NA,NA,NA,NA,NA,NA,NA,NA,"Chinook","AST",2025,NA
"1094","CHA",61,16,0,0,0,0,0,14.361298735119,1.21415831298907,1.47418040900047,4.85704166666666,12.7219791666667,13.7752991071429,14.2209375,15.1165729166667,16.2025520833333,"2025-08-13",225,"2025-08-08",220,11,0,229.780779761905,10.286625,1,"",6,5,2,1.33375,11.7216666666667,14.1391914965986,16.5787083333333,12.2035613095238,15.480225,13.4893095238095,15.189962585034,3.06023511904762,"Chinook","AST",2025,NA
"1095","SFS",61,2,0,0,0,0,0,15.3506770833333,0.295555903144702,0.0873532918836807,0.417979166666667,15.1625864583333,15.2461822916667,15.3506770833333,15.455171875,15.5387677083333,"2025-08-01",213,"2025-08-02",214,2,0,30.7013541666667,2.70135416666667,0,"",2,2,0,-0.417979166666667,NA,NA,NA,NA,NA,NA,NA,NA,"Chinook","AST",2025,NA
"1096","WFC",61,14,0,0,0,0,0,12.1847619047619,1.17830494600827,1.38840254578755,4.38791666666667,10.4332416666667,11.30065625,12.4019791666667,12.83353125,13.9200416666667,"2025-08-13",225,"2025-08-08",220,1,0,170.586666666667,0.205500000000001,12,"",1,1,0,1.232,9.81758333333333,11.868912202381,14.2055,9.99102083333333,13.30615625,11.548380952381,12.3507261904762,3.04083333333333,"Chinook","AST",2025,NA
"1097","MAR",290,168,0,0,0,0,0,2.89186350683891,2.7374210701827,7.49347411548018,9.80366666666667,0.3,0.3,2.337,4.48183333333333,8.38998541666667,"1994-05-26",146,"1993-12-15",349,0,78,485.833069148936,0,46,"",0,0,0,2.95808333333333,0.3,2.84413744183647,10.1036666666667,2.15798765432099,3.61011188271605,0.3,8.80134523809524,1.46877083333333,"Chinook","EIT",1993,NA
"1098","STH",290,168,0,0,0,0,0,4.35554186135774,3.49206269463591,12.1945018632678,12.6620833333333,0.304166666666667,1.12269791666667,3.8850625,7.04025,10.4154833333333,"1994-05-26",146,"1993-12-19",353,0,62,731.7310327081,0,68,"",0,0,0,2.34991666666667,0.2875,4.30468579126105,12.9495833333333,3.36596064814815,5.33014660493827,0.307130952380952,11.5514107142857,1.924875,"Chinook","EIT",1993,NA
"1099","VAL",290,168,0,0,0,0,0,3.60720201546738,3.52065178904346,12.3949890196949,12.449875,0.582041666666667,0.828979166666667,1.53725,5.53913541666667,10.4918041666667,"1994-05-26",146,"1993-12-23",357,0,87,606.00993859852,0,49,"",0,0,0,2.64166666666667,0.529,3.53991055572279,12.978875,2.87726383416513,4.23571289586688,0.550494047619048,11.2459583333333,1.01543206521739,"Chinook","EIT",1993,NA
"1100","MAR",290,290,0,0,0,0,0,3.52811004524334,3.2875063600452,10.8076980673376,12.3162916666667,0.3,0.684270833333333,2.54975,5.07675,10.2690604166667,"1994-08-15",227,"1994-11-14",318,0,121,1023.15191312057,0,76,"",0,0,0,2.45408333333333,0.2375,3.40030049891548,12.5537916666667,2.65478638497653,4.20674205249226,0.283928571428571,11.7364642857143,1.49966666666667,"Chinook","EIT",1994,NA
"1101","STH",290,290,39,0.13448275862069,39,0.13448275862069,0.268965517241379,5.409442406711,4.09038539005114,16.7312526391438,14.4121666666667,0.24375,2.01016666666667,4.22054166666667,8.1494375,12.8246458333333,"1994-08-15",227,"1995-01-01",1,11,62,1357.77004408446,7.845375,83,"1994-08-21",8,2,1,2.47104166666667,0.2,5.25008743816527,14.6121666666667,NA,NA,0.211904761904762,13.9680535714286,1.825125,"Chinook","EIT",1994,233
"1102","VAL",290,290,48,0.16551724137931,48,0.16551724137931,0.331034482758621,4.58397885535638,4.53707945990842,20.5850900255229,15.9122916666667,0.566710416666667,0.81634375,2.63916666666667,7.70166666666667,13.7493770833333,"1994-08-15",227,"1995-01-22",22,18,104,1109.32288299624,23.2974583333333,53,"1994-08-21",11,6,2,2.45854166666667,0.349958333333333,4.41498870604002,16.26225,NA,NA,0.440982142857143,15.1615416666667,0.602899621212122,"Chinook","EIT",1994,233
"1103","MAR",291,291,0,0,0,0,0,3.44679402085324,3.26156807374515,10.6378262996737,12.61625,0.3,1.01435416666667,2.57445833333333,4.52229166666667,10.7996666666667,"1995-08-23",235,"1995-12-05",339,0,123,1003.01706006829,0,57,"",0,0,0,2.33191666666667,0.3,3.34473504785867,12.91625,2.61051922832443,4.20056708348886,0.3,12.0126666666667,1.52041666666667,"Chinook","EIT",1995,NA
"1104","STH",291,291,0,0,0,0,0,5.24335091455241,3.70925886641929,13.7586013381101,14.0621666666667,0.329166666666667,2.3121875,4.90375,7.19116666666667,12.7829791666667,"1995-08-23",235,"1995-12-22",356,14,64,1525.81511613475,8.2655,136,"1995-08-26",7,3,3,1.9,0.295833333333333,5.13418438827565,14.358,4.18132923976608,6.22287438409854,0.335089285714286,13.6883154761905,2.05829166666667,"Chinook","EIT",1995,238
"1105","VAL",291,291,0,0,0,0,0,4.51240460786908,4.16502228652212,17.347410647226,15.3830416666667,0.4581875,0.860229166666667,3.54125,6.31822916666667,13.8245208333333,"1995-08-23",235,"1995-12-18",352,22,106,1313.1097408899,27.1239166666667,85,"1995-08-25",19,11,2,1.995875,0.354166666666667,4.37931863971394,15.7372083333333,3.53776505847953,5.2794403902783,0.414785714285714,14.9418452380952,1.78775,"Chinook","EIT",1995,237
"1106","MAR",290,290,0,0,0,0,0,3.13059093910492,3.28337969794229,10.7805822408596,12.731125,0.0191875,0.642947916666667,2.00489583333333,5.44590625,10.51496875,"1996-08-16",229,"1996-12-07",342,0,145,907.871372340426,0,60,"",0,0,0,1.912875,0.019,2.99441137561183,12.750125,2.26834683098592,3.82987159749276,0.0191785714285714,11.4957619047619,1.44308333333333,"Chinook","EIT",1996,NA
"1107","MAR",290,290,27,0.0931034482758621,27,0.0931034482758621,0.186206896551724,2.87514781677569,2.65503771269017,7.04922525580704,12.2426666666667,0.007875,0.705958333333333,2.42516666666667,4.19470833333333,8.17545416666667,"1997-08-15",227,"1998-01-10",10,0,118,756.163875812005,0,67,"",0,0,0,1.98604166666667,0.000375,2.8828596527344,12.2430416666667,NA,NA,0.002625,11.3521643518519,1.4198125,"Chinook","EIT",1997,NA
"1108","SEC",290,290,0,0,0,0,0,2.77928775160292,3.9376836589952,15.5053525983179,13.5681666666667,0.0274645833333333,0.029,0.0499166666666667,3.7424375,12.02885625,"1997-08-24",236,"1997-12-04",338,4,167,805.993447964847,1.598125,34,"",4,4,1,1.82116666666667,0.024,2.65504366318944,13.5921666666667,2.1754631592748,3.20139201877934,0.025202380952381,13.0257857142857,0.5245,"Chinook","EIT",1997,NA
"1109","VAL",290,290,5,0.0172413793103448,5,0.0172413793103448,0.0344827586206897,4.22828622890869,4.10953484614461,16.8882766516768,14.74775,0.252366666666667,0.491708333333333,3.20208333333333,6.919125,12.962625,"1997-08-24",236,"1997-12-20",354,14,121,1205.06157523898,12.368625,92,"1997-08-26",9,3,2,2.06145833333333,0.15275,4.26222430080793,14.9005,3.51888574836701,4.9846643358067,0.249297619047619,14.6532333333333,1.42775,"Chinook","EIT",1997,238
"1110","MAR",290,290,0,0,0,0,0,3.5778502231597,3.58629470281188,12.8615096954166,12.9078333333333,0.03108125,0.934375,2.44341666666667,4.4330625,11.663925,"1998-08-16",228,"1998-12-22",356,0,120,1037.57656471631,0,45,"",0,0,0,1.9435,0.029,3.4583823749233,12.9368333333333,2.66503946596244,4.27749920087903,0.029,12.0974464285714,1.50475,"Chinook","EIT",1998,NA
"1111","SFS",290,290,0,0,0,0,0,3.5995309953401,4.23701113336467,17.9522633442562,15.6549166666667,0,0.517385416666667,2.21254166666667,4.69954166666667,13.3187,"1998-08-15",227,"1998-12-18",352,21,141,1043.86478031529,17.1719583333333,48,"1998-09-05",14,3,3,1.39229166666667,-0.000791666666666667,3.47331394812562,15.654125,2.82416589781132,4.15719512910798,-0.000113095238095238,14.0003154761905,1.3325,"Chinook","EIT",1998,248
"1112","STH",290,290,0,0,0,0,0,5.14565174202067,3.98318935538714,15.8657974408694,14.7822083333333,0.175360416666667,1.92669791666667,4.5596875,7.08745833333333,13.0343729166667,"1998-08-16",228,"1998-12-21",355,16,76,1492.239005186,9.02220833333334,116,"",5,4,3,2.50329166666667,0.0110833333333333,5.01407000065491,14.7932916666667,4.02785534037559,6.03487392544091,0.0788690476190476,13.5975,1.97320833333333,"Chinook","EIT",1998,NA
"1113","MAR",291,291,0,0,0,0,0,3.69048532207355,3.31024203695312,10.9577023432115,12.78925,0,1.10408333333333,2.86895833333333,5.5341875,10.7080416666667,"1999-08-19",231,"1999-12-04",338,0,109,1073.9312287234,0,86,"",0,0,0,2.21129166666667,0,3.58794253186157,12.78925,2.74014766081871,4.47799419518964,0,12.1135416666667,1.643,"Chinook","EIT",1999,NA
"1114","SEC",291,291,0,0,0,0,0,2.86297397407898,3.83502392017407,14.7074084683073,14.8135416666667,0.009,0.00983333333333333,0.784541666666667,4.6634375,11.0587291666667,"1999-08-27",239,"1999-11-28",332,12,162,833.125426456984,11.2418333333333,68,"1999-08-25",12,12,1,1.82891666666667,0.00733333333333333,2.74628125824506,14.820875,2.12109885840488,3.40824566745649,0.009,14.0329107142857,0.7745,"Chinook","EIT",1999,237
"1115","SFS",291,291,0,0,0,0,0,3.64556035614112,3.73031047153973,13.915216214079,14.6294583333333,0.1,0.690895833333333,2.791625,5.09739583333333,11.9047916666667,"1999-08-19",231,"1999-11-23",327,12,128,1060.85806363706,14.0933333333333,74,"1999-08-25",12,12,1,2.17791666666667,0,3.53905126756531,14.6294583333333,2.74877582634122,4.41211177150786,0.1,14.1863154761905,1.27954166666667,"Chinook","EIT",1999,237
"1116","STH",291,291,0,0,0,0,0,5.39404079200607,3.80535363370561,14.4807162775565,14.1407916666667,0.2545625,2.1956875,4.95375,8.04375,12.5823125,"1999-08-21",233,"2000-01-11",11,11,66,1569.66587047377,8.02733333333334,117,"",6,4,2,2.58833333333333,0.08375,5.27150294986619,14.2245416666667,4.2553015509789,6.32688761442614,0.16927380952381,13.7479166666667,2.025625,"Chinook","EIT",1999,NA
"1117","VAL",291,291,0,0,0,0,0,4.69567316610786,4.25200320100475,18.0795312213546,16.2049166666667,0.413770833333333,0.658541666666667,3.71825,7.35345833333333,13.3297083333333,"1999-08-21",233,"2000-01-29",29,16,107,1366.44089133739,26.4803333333333,94,"1999-08-21",16,16,1,2.713125,0.139333333333333,4.56115818180202,16.34425,3.70393435672515,5.42749298689987,0.331833333333333,15.1186369047619,1.727875,"Chinook","EIT",1999,233
"1118","MAR",290,290,0,0,0,0,0,3.85607050065393,3.63072178498116,13.1821406799368,12.1419166666667,0,0.380125,3.209125,6.35055208333333,10.8000208333333,"2000-08-24",237,"2000-11-18",323,0,121,1118.26044518964,0,94,"",0,0,0,3.244375,0,3.71051338849471,12.1419166666667,2.84683553403756,4.68178511232753,0,11.360625,1.732375,"Chinook","EIT",2000,NA
"1119","STH",290,290,0,0,0,0,0,5.34056520250513,4.28664971364242,18.3753657674707,13.976125,0.15745625,1.1740625,4.80108333333333,8.94839583333333,12.8431875,"2000-08-24",237,"2001-01-07",7,11,97,1548.76390872649,4.60116666666667,104,"",3,1,2,3.201125,0.0986666666666667,5.17984921332264,14.0747916666667,4.14089407276995,6.27834852287484,0.289994047619048,13.2676428571429,2.07879166666667,"Chinook","EIT",2000,NA
"1120","VAL",290,290,0,0,0,0,0,4.78299468111689,4.65709084253837,21.6884951156547,15.56175,0.360129166666667,0.49165625,3.58722916666667,8.260375,13.62430625,"2000-08-24",237,"2001-01-28",28,24,128,1387.0684575239,24.7867916666667,89,"2000-08-21",16,1,2,3.675,0.262083333333333,4.59852521093257,15.8238333333333,3.72477847519902,5.44312970759339,0.361005952380952,14.5481666666667,1.59554166666667,"Chinook","EIT",2000,234
"1121","MAR",290,290,0,0,0,0,0,3.81457873855625,3.69541235291514,13.6560724580778,13.3532916666667,0.109,0.176541666666667,3.16,5.78172916666667,11.5929208333333,"2001-08-17",229,"2001-11-28",332,2,117,1106.22783418131,0.389708333333335,78,"",2,2,0,2.60095833333333,0.009,3.68123579272428,13.3622916666667,2.87245663194399,4.59734172790365,0.02625,12.3757619047619,1.73714583333333,"Chinook","EIT",2001,NA
"1122","SEC",290,290,5,0.0172413793103448,5,0.0172413793103448,0.0344827586206897,3.16469157023765,4.48056408790139,20.0754545457916,16.0616666666667,0.019,0.03,0.0855416666666667,4.519625,13.6994166666667,"2001-08-17",229,"2001-10-23",296,19,161,901.937097517731,28.8852916666667,47,"2001-08-21",12,9,2,1.94766666666667,0,2.99678859929673,16.0616666666667,2.3225155048197,3.63826599178404,0.019,15.2976130952381,0.944583333333333,"Chinook","EIT",2001,233
"1123","STH",290,290,0,0,0,0,0,5.44511804536562,4.37461660141592,19.1372704093838,14.8814166666667,0.157985416666667,1.13189583333333,5.15475,8.35914583333334,13.7577645833333,"2001-08-17",229,"2001-12-26",360,20,95,1579.08423315603,21.282125,110,"2001-08-21",20,20,1,2.41375,0.035125,5.28263462378883,14.9165416666667,4.23010211267606,6.38971361502347,0.140839285714286,14.3006607142857,1.99391666666667,"Chinook","EIT",2001,233
"1124","VAL",290,290,0,0,0,0,0,4.91921841831744,4.80698425822879,23.1070976588594,16.6659166666667,0.433775,0.617260416666667,3.785375,7.83564583333333,15.0370583333333,"2001-08-17",229,"2002-01-29",29,29,122,1426.57334131206,57.1621666666667,85,"2001-08-21",22,14,2,2.91458333333333,0.209375,4.73179188339255,16.8752916666667,3.85206049595445,5.58423122065728,0.358684523809524,16.1471845238095,1.64808333333333,"Chinook","EIT",2001,233
"1125","MAR",290,290,0,0,0,0,0,3.37750049837253,3.21879489541688,10.3606405787618,12.5154166666667,0.0508333333333333,0.786354166666667,2.563125,4.48083333333333,10.1385416666667,"2002-08-15",227,"2002-11-26",330,0,120,979.475144528033,0,64,"",0,0,0,2.2425,0.0479166666666667,3.24470806255679,12.5633333333333,2.43239597912884,4.20858202529328,0.0526190476190476,11.4957738095238,1.82354166666667,"Chinook","EIT",2002,NA
"1126","SEC",290,290,0,0,0,0,0,2.55171799339692,3.81114164914737,14.5248006698657,14.157875,0.109,0.109,0.119645833333333,3.58969791666667,11.4671166666667,"2002-08-15",227,"2002-10-30",303,3,184,739.998218085106,2.1305,41,"",2,1,0,1.65729166666667,0.033375,2.40480622565178,14.19125,1.95580769278793,2.84430692488263,0.083125,12.8028392857143,0.0266666666666667,"Chinook","EIT",2002,NA
"1127","STH",290,290,0,0,0,0,0,5.10965546894106,3.86196324988712,14.9147601434787,14.452875,0.245458333333333,1.76885416666667,4.22416666666667,7.31051041666667,12.2999395833333,"2002-08-15",227,"2002-12-25",359,9,81,1481.80008599291,5.4255,105,"",6,2,1,2.26083333333333,0.0433333333333333,4.95902109420709,14.4962083333333,3.87470159387174,6.18624090375587,0.438095238095238,13.5376488095238,2.152625,"Chinook","EIT",2002,NA
"1128","MAR",291,291,0,0,0,0,0,3.90821013976177,3.62707765675005,13.1556923280954,14.2430416666667,0.00145833333333333,0.756520833333333,3.13875,6.47275,11.5706041666667,"2003-08-16",228,"2003-12-24",358,3,123,1137.28915067068,1.82075,92,"",2,1,0,2.23541666666667,0,3.78670846517697,14.2430416666667,2.89464125349606,4.67217763157895,0.000119047619047619,12.6769404761905,1.56295833333333,"Chinook","EIT",2003,NA
"1129","SEC",291,291,0,0,0,0,0,3.30593628902537,4.28612390674962,18.3708581440106,16.1591666666667,0.05,0.05,0.0870833333333333,5.49729166666667,13.3527083333333,"2003-08-20",232,"2003-11-01",305,20,154,962.027460106383,23.3814583333333,76,"2003-08-21",15,3,2,2.69833333333333,0.0445833333333333,3.16037394105832,16.20375,2.52504239766082,3.74322807017544,0.05,15.0699702380952,0.356666666666667,"Chinook","EIT",2003,233
"1130","SFS",291,291,0,0,0,0,0,3.85865097852843,4.3085792825408,18.5638554339398,17.3622166666667,0.01,0.348708333333333,2.68875,5.7316875,13.7316666666667,"2003-08-18",230,"2003-12-18",352,23,137,1122.86743475177,33.0620916666667,90,"2003-08-21",23,23,1,4.2668,0.00958333333333333,3.71840420714908,17.3718,2.97534941520468,4.46180611111111,0.01,15.4983285714286,1.0725,"Chinook","EIT",2003,233
"1131","STH",291,291,0,0,0,0,0,5.74660202638408,4.30690424402633,18.549424167212,15.9241666666667,0.305625,1.52708333333333,5.46625,9.4419375,13.5653958333333,"2003-08-16",228,"2004-01-05",5,21,80,1672.26118967777,24.2889166666667,109,"2003-08-28",8,7,3,2.09783333333333,0.04,5.60970935392366,15.9641666666667,4.48863869183829,6.70875719173821,0.267559523809524,14.7092321428571,2.08083333333333,"Chinook","EIT",2003,240
"1132","VAL",291,291,0,0,0,0,0,5.08256638193396,4.76016111069579,22.6591337997806,17.2442083333333,0.433125,0.669791666666667,3.93583333333333,8.875625,14.8214791666667,"2003-08-16",228,"2004-01-05",5,24,125,1479.02681714278,53.8555416666667,95,"2003-08-21",24,24,1,2.04679166666667,0.220416666666667,4.92868154302397,17.464625,3.98935221023573,5.77996469453776,0.404166666666667,16.0312797619048,1.54375,"Chinook","EIT",2003,233
"1133","SFS",290,290,0,0,0,0,0,3.43991467962827,3.97963280276847,15.8374772448708,17.3720833333333,-0.072125,0.252708333333333,1.955,5.163125,11.4326875,"2004-08-16",229,"2005-01-15",15,10,146,1001.0640070922,22.1083333333333,74,"2004-08-21",8,5,1,1.905,-0.0783333333333333,3.27181156085449,17.29375,2.55912558685446,4.0321992370892,-0.0725,15.8964285714286,1.27083333333333,"Chinook","EIT",2004,234
"1134","STH",290,290,0,0,0,0,0,5.27479454421725,3.95548517939856,15.6458630044416,14.8175,0.170979166666667,2.01479166666667,4.57125,8.22364583333333,12.5227291666667,"2004-08-20",233,"2005-01-06",6,12,72,1529.690417823,13.3620833333333,113,"2004-08-21",8,6,2,2.29,0.0158333333333333,5.12453240682144,14.8333333333333,4.06352259389671,6.23587135129618,0.0553571428571429,14.4977380952381,2.13666666666667,"Chinook","EIT",2004,234
"1135","VAL",290,290,0,0,0,0,0,4.56693947175349,4.29753815047633,18.4688341547995,16.3820833333333,0.504166666666667,0.745416666666667,3.03229166666667,7.3140625,12.7881041666667,"2004-08-15",228,"2005-02-16",47,14,117,1324.41244680851,29.6854166666667,80,"2004-08-21",9,7,2,2.24416666666667,0.345,4.38379969533513,16.7270833333333,3.57759683098592,5.2509521713615,0.418928571428571,16.1342261904762,1.78708333333333,"Chinook","EIT",2004,234
"1136","MAR",290,290,51,0.175862068965517,51,0.175862068965517,0.351724137931035,3.13989286774088,3.59912955530849,12.9537335558951,12.45,-0.0309166666666667,0.113333333333333,1.64125,4.94270833333333,10.983625,"2005-08-21",233,"2006-02-11",42,0,133,752.039395390071,0,57,"",0,0,0,2.34083333333333,-0.0416666666666667,3.0348411791575,12.4083333333333,NA,NA,-0.0382738095238095,12.0528571428571,1.16458333333333,"Chinook","EIT",2005,NA
"1137","SFS",290,290,0,0,0,0,0,3.36765969674737,3.99198711630224,15.935961136723,15.24875,0,0.176458333333333,1.77229166666667,4.919375,12.3423541666667,"2005-08-22",234,"2005-11-15",319,12,147,976.621312056738,12.6670833333333,75,"2005-08-21",10,6,1,1.56583333333333,0,3.24094903641708,15.24875,2.63438071246629,3.86698356807512,0,14.4580952380952,0.9375,"Chinook","EIT",2005,233
"1138","STH",290,290,0,0,0,0,0,5.11616080922305,4.04021877586237,16.3233677568308,14.6454166666667,0.170833333333333,1.50583333333333,4.38520833333333,7.84677083333333,12.8896666666667,"2005-08-21",233,"2005-12-08",342,13,89,1483.68663467468,12.0841666666667,111,"2005-08-21",10,6,2,2.67875,0.02375,4.98802617004835,14.6691666666667,4.05543455324144,5.90689522096346,0.0949042443064182,14.2433928571429,1.74625,"Chinook","EIT",2005,233
"1139","VAL",290,290,0,0,0,0,0,4.48479037161787,4.4612877686129,19.9030885543751,16.295,0.37775,0.5909375,2.88875,7.315625,13.6853125,"2005-08-21",233,"2005-12-08",342,21,125,1300.58920776918,32.3258333333333,89,"2005-08-21",21,21,1,2.48708333333333,0.21875,4.33307379496191,16.51375,3.56019054040555,5.04677550149381,0.33077380952381,15.6580952380952,1.41458333333333,"Chinook","EIT",2005,233
"1140","BIL",290,290,0,0,0,0,0,4.57178385541272,4.50538265340341,20.2984728535883,15.5158333333333,0.0075,0.153333333333333,4,8.13666666666667,13.173,"2006-08-20",232,"2007-01-15",15,16,124,1325.82940140302,19.99375,109,"2006-08-24",7,3,2,2.6775,-0.00541666666666667,4.42622253176785,15.5104166666667,3.54271923845726,5.32265417415843,-0.000297619047619048,14.4644642857143,1.69145833333333,"Chinook","EIT",2006,236
"1141","SEC",290,290,51,0.175862068965517,51,0.175862068965517,0.351724137931035,1.59125879106205,2.34973215087351,5.52124118084865,8.87125,-0.0138333333333333,-0.01,-0.00875,3.239375,6.57129166666667,"2007-05-31",151,"2006-11-25",329,0,164,381.685,0,39,"",0,0,0,2.02541666666667,-0.02,1.59926297931336,8.85125,NA,NA,-0.0183333333333333,8.55625,0.00208333333333333,"Chinook","EIT",2006,NA
"1142","SFS",290,290,0,0,0,0,0,3.54031879927058,3.8452007686995,14.7855689516072,13.5695833333333,-0.05,0.133645833333333,2.29895833333333,5.86291666666667,12.0694583333333,"2006-08-22",234,"2006-11-30",334,2,134,1029.74995178847,0.615,81,"",1,1,0,1.61541666666667,-0.05,3.39748012869849,13.5195833333333,2.67093902956748,4.14685822225986,-0.05,12.8229761904762,1.29458333333333,"Chinook","EIT",2006,NA
"1143","STH",290,290,0,0,0,0,0,5.32933526128619,4.05101652250282,16.4107348655908,13.8666666666667,0.0112916666666667,1.80835227272727,5.09708333333333,8.72802083333333,12.3059375,"2006-08-19",231,"2007-01-15",15,10,79,1545.59680910633,4.91708333333333,119,"",5,3,2,2.51,-0.0104166666666667,5.18251181945554,13.85625,4.04277622172429,6.26552840381016,-0.00785714285714286,13.4347619047619,2.00979166666667,"Chinook","EIT",2006,NA
"1144","VAL",290,290,0,0,0,0,0,4.53293454203749,4.25173908676009,18.0772852618835,14.6770833333333,0.212416666666667,0.478125,3.53125,7.68291666666667,12.6856458333333,"2006-08-19",231,"2007-01-12",12,11,117,1314.55101719087,11.75625,99,"",5,4,2,1.94541666666667,0.0370833333333333,4.37261068259697,14.7141666666667,3.46166519953052,5.25503835590633,0.150654761904762,13.9576785714286,1.67666666666667,"Chinook","EIT",2006,NA
"1145","BIL",291,291,37,0.127147766323024,37,0.127147766323024,0.254295532646048,3.98909426594387,4.71322051092286,22.214447584584,16.0429166666667,0.00720833333333333,0.1378125,1.9475,7.07291666666667,14.3632083333333,"2007-09-01",244,"2008-01-21",21,22,128,1013.25744354974,34.3229166666667,56,"2007-08-27",18,11,2,2.54041666666667,-0.0175,3.86874409096574,16.0254166666667,NA,NA,-0.000892857142857143,14.7754761904762,1.17958333333333,"Chinook","EIT",2007,239
"1146","MAR",291,291,17,0.0584192439862543,17,0.0584192439862543,0.116838487972509,3.29277264197339,3.49184844879672,12.193005589364,13.89,-0.02,0.258958333333333,2.145625,5.39583333333333,11.3486458333333,"2007-08-17",229,"2008-01-05",5,2,123,903.323870567376,1.24083333333333,67,"",2,2,0,2.81583333333333,-0.02,3.15304561946731,13.87,NA,NA,-0.02,11.9068452380952,1.4825,"Chinook","EIT",2007,NA
"1147","SFS",291,291,0,0,0,0,0,3.3927901173344,4.18626871340085,17.5248457407988,15.7258333333333,-0.16,-0.045,2.0125,5.15416666666667,13.355625,"2007-09-02",245,"2008-01-14",14,18,145,998.389007477644,22.11625,62,"2007-08-28",15,9,2,2.33541666666667,-0.160416666666667,3.26645203124988,15.5654166666667,2.51942105263158,4.0401683193491,-0.160059523809524,14.84625,1.51541666666667,"Chinook","EIT",2007,240
"1148","STH",291,291,0,0,0,0,0,4.76771058124567,4.01734342829465,16.1390482208622,15.535,-0.039375,1.158125,4.08458333333333,7.18666666666667,13.414375,"2007-08-17",229,"2008-01-07",7,20,92,1388.57294580916,16.8033333333333,114,"2007-08-27",15,4,2,2.49541666666667,-0.0945833333333333,4.63578915822761,15.4404166666667,3.60452491352495,5.65185353535354,-0.0152380952380952,13.9877380952381,2.065,"Chinook","EIT",2007,239
"1149","VAL",291,291,0,0,0,0,0,4.138598004637,4.30458760027411,18.5294744084337,17.40125,0.309583333333333,0.501666666666667,2.78,6.35916666666667,14.2972916666667,"2007-08-17",229,"2008-01-22",22,20,124,1204.33201934937,39.1420833333333,80,"2007-08-27",15,10,2,2.75708333333333,0.2,3.97454885653078,17.60125,3.12531658200388,4.80205272489735,0.26452380952381,15.2324404761905,1.56291666666667,"Chinook","EIT",2007,239
"1150","BIL",290,290,0,0,0,0,0,4.28509725057684,4.48830727152652,20.1449021636378,16.2325,0.00352083333333333,0.100833333333333,3.09916666666667,7.00885416666667,13.3180625,"2008-08-15",228,"2009-01-16",16,16,123,1242.70736933395,28.9083333333333,91,"2008-08-21",16,16,1,1.97666666666667,-0.00625,4.12184750268493,16.22625,3.34619013921643,4.92698114411104,-0.00303571428571429,15.500119047619,1.42458333333333,"Chinook","EIT",2008,234
"1151","BIU",290,290,0,0,0,0,0,3.44495214600147,2.82272769097257,7.96779161738333,11.0652916666667,0.20813125,1.25165625,2.7325625,4.62830208333333,9.447325,"2008-08-18",231,"2009-01-27",27,0,113,999.036122340426,0,84,"",0,0,0,1.26025,0.002125,3.35086822084992,11.0674166666667,2.72561150234742,3.97907849178404,0.151482142857143,10.4617916666667,1.19102083333333,"Chinook","EIT",2008,NA
"1152","BVC",290,290,0,0,0,0,0,3.16388433908046,4.34375626393549,18.8682184804789,15.8920833333333,-0.0117770833333333,0.0089375,0.633333333333333,4.27466666666667,12.3808083333333,"2008-08-18",231,"2008-12-13",348,12,164,918.0025,19.4823333333333,40,"",6,4,2,1.51220833333333,-0.0204166666666667,2.95797350771294,15.8716666666667,2.34180839201878,3.55779328051643,-0.0185059523809524,14.9127142857143,0.680083333333333,"Chinook","EIT",2008,NA
"1153","CAM",290,222,0,0,0,0,0,1.84341589195579,2.35679537701933,5.55448444913968,8.03654166666667,0.0203291666666667,0.0416458333333333,0.343625,3.57652083333333,6.81010208333333,"2009-05-31",151,"2008-12-15",350,0,147,409.238328014184,0,45,"",0,0,0,2.47120833333333,0.0135,1.76624360963357,8.05004166666667,1.27194598765432,2.27762169605332,0.016672619047619,7.31965476190476,0.888625,"Chinook","EIT",2008,NA
"1154","CHA",290,286,0,0,0,0,0,2.70421037929462,3.35645440418531,11.2657861673749,14.8770416666667,-0.017125,-0.00483333333333333,1.48204166666667,4.09746875,9.29077083333333,"2008-08-19",232,"2008-12-09",344,1,161,774.440208333333,1.8565,63,"",1,1,0,2.53845833333333,-0.0205416666666667,2.5623945005176,14.8565,1.91497817028986,3.21973095238095,-0.0179702380952381,12.1921726190476,1.10352083333333,"Chinook","EIT",2008,NA
"1155","CHC",290,221,0,0,0,0,0,1.12875176101537,1.48182210600348,2.19579675384058,5.13375,-0.0255833333333333,-0.0195,0.081,2.48120833333333,3.91295833333333,"2009-05-31",151,"2008-11-25",330,0,152,251.296666666667,0,9,"",0,0,0,1.954125,-0.0317083333333333,1.06530563075799,5.10204166666667,0.67247984496124,1.49681976744186,-0.0275535714285714,4.52828571428571,0.555208333333333,"Chinook","EIT",2008,NA
"1156","HER",290,223,0,0,0,0,0,2.95417336756762,2.88567010422926,8.32709195044253,11.4250833333333,-0.103920833333333,0.2748125,2.48108333333333,4.8549375,8.399175,"2009-05-18",138,"2008-12-16",351,0,106,663.884952634245,0,72,"",0,0,0,2.45758333333333,-0.828833333333333,2.85995174338487,10.59625,1.90911040706605,3.91462903225806,-0.374720238095238,9.11521428571429,1.89979166666667,"Chinook","EIT",2008,NA
"1157","LAK",290,220,0,0,0,0,0,0.667927880434783,1.11213563259856,1.23684566529539,5.36283333333333,-0.0263354166666667,-0.0230833333333333,-0.0135416666666667,1.22673958333333,2.80814791666666,"2009-05-31",151,"2008-12-04",339,0,191,149.483941666667,0,5,"",0,0,0,1.35775,-0.0297916666666667,0.596055180820805,5.33304166666667,0.303201958892049,0.884845599688474,-0.026702380952381,4.34140476190476,0.0235625,"Chinook","EIT",2008,NA
"1158","LOO",290,222,0,0,0,0,0,1.97396561379008,2.15467201475838,4.64261149118293,6.88383333333333,-0.00445,0.000322916666666667,1.3736875,3.81140625,5.8399,"2009-05-17",137,"2009-01-17",17,0,130,438.358574594732,0,53,"",0,0,0,1.94125,-0.00554166666666667,1.90369912809982,6.87829166666667,1.38728645833333,2.46399184479249,-0.00435119047619048,5.99694047619048,1.0045,"Chinook","EIT",2008,NA
"1159","MAR",290,290,0,0,0,0,0,3.23887402575308,3.40396547453781,11.5869809518454,13.1879166666667,-0.19,0.418229166666667,2.286875,4.9921875,10.4057291666667,"2008-08-17",230,"2008-12-20",355,0,134,949.34388413506,0,68,"",0,0,0,2.36791666666667,-0.19,3.09660216580085,12.9979166666667,2.29036853211467,3.93579391202286,-0.19,12.1780357142857,1.64520833333333,"Chinook","EIT",2008,NA
"1160","SEC",290,290,56,0.193103448275862,53,0.182758620689655,0.375862068965517,1.55999050332384,3.18684422476865,10.1559761129413,17.0623611111111,-0.02,-0.0195833333333333,-0.0179166666666667,1.8328125,10.8472916666667,"2008-08-18",231,"2008-12-04",339,3,178,367.651111111111,6.21944444444445,18,"",2,1,0,1.51958333333333,-0.0279166666666667,1.63115787064943,17.0344444444444,NA,NA,-0.0200595238095238,13.9239236111111,0.00208333333333333,"Chinook","EIT",2008,NA
"1161","SFS",290,290,50,0.172413793103448,50,0.172413793103448,0.344827586206897,3.37396753102837,4.51242326468408,20.3619637196621,16.29,-0.16,-0.0894791666666667,1.36541666666667,4.80625,12.8515625,"2008-08-18",231,"2009-02-12",43,12,137,819.415124113475,20.7125,33,"2008-08-21",7,3,2,1.77166666666667,-0.160416666666667,3.20775835857467,16.1295833333333,NA,NA,-0.16,15.1347619047619,0.968333333333333,"Chinook","EIT",2008,234
"1162","STH",290,290,0,0,0,0,0,4.91225956037938,3.83838938950202,14.7332331054417,14.8670833333333,0.0866875,1.78291666666667,4.350625,7.3965625,12.1786875,"2008-08-17",230,"2008-12-26",361,9,82,1424.55527251002,9.66208333333334,118,"",5,1,1,2.51541666666667,0.0516666666666667,4.75768665706077,14.91875,3.7265536971831,5.84051312306463,0.0891071428571429,14.0919642857143,2.10895833333333,"Chinook","EIT",2008,NA
"1163","SUL",290,290,0,0,0,0,0,3.01065813768648,3.14432554464274,9.88678313069289,12.1257916666667,0.05411875,0.380302083333333,2.089375,4.02586458333333,9.75306666666667,"2008-08-19",232,"2009-01-03",3,0,140,873.090859929078,0,61,"",0,0,0,1.368625,0.008,2.88456406078314,12.1337916666667,2.27142884389671,3.53316852087704,0.0353452380952381,11.6447202380952,1.158875,"Chinook","EIT",2008,NA
"1164","VAL",290,290,37,0.127586206896552,37,0.127586206896552,0.255172413793103,4.599090782406,4.39683905318844,19.332193659643,16.0970833333333,0.244083333333333,0.405416666666667,3.63291666666667,8.27125,13.2525833333333,"2008-08-17",230,"2008-12-15",350,16,98,1163.56996794872,25.0591666666667,79,"2008-08-21",12,8,2,2.56083333333333,0.147916666666667,4.3301524806715,16.245,NA,NA,0.211666666666667,15.4718452380952,1.39645833333333,"Chinook","EIT",2008,234
"1165","WFC",290,286,0,0,0,0,0,2.48229105224486,2.935934815174,8.61971323895077,13.0440833333333,0.0640416666666667,0.114208333333333,1.27064583333333,3.56147916666667,8.16297916666667,"2008-08-19",232,"2008-12-16",351,1,169,709.935240942029,0.09375,60,"",1,1,0,1.971375,0.0496666666666667,2.34362696594942,13.09375,1.75307106625259,2.95050580357143,0.0634702380952381,10.7413988095238,0.943333333333333,"Chinook","EIT",2008,NA
"1166","BIU",290,290,0,0,0,0,0,3.55291374312844,2.9067945314234,8.449454447913,11.001875,0.2238875,1.52739583333333,2.62420833333333,4.59375,9.905475,"2009-08-22",234,"2009-12-09",343,0,109,1030.34498550725,0,76,"",0,0,0,1.39308333333333,0.00670833333333333,3.48457481483102,11.0085833333333,2.80887998826291,4.13320192258624,0.0341726190476191,10.4016845238095,1.28488858695652,"Chinook","EIT",2009,NA
"1167","BVC",290,290,0,0,0,0,0,3.20944525862069,4.48536615898459,20.1185095801642,16.0984166666667,-0.00394791666666667,0.0371770833333333,0.527208333333333,4.64634375,13.18798125,"2009-08-22",234,"2009-12-02",336,18,165,930.909625,19.0879583333333,42,"2009-08-25",12,4,2,2.56908333333333,-0.0163333333333333,3.08310710093897,16.0820833333333,2.37181323356808,3.69429401408451,-0.010047619047619,14.7609761904762,0.758791666666666,"Chinook","EIT",2009,237
"1168","CAM",290,290,5,0.0172413793103448,3,0.0103448275862069,0.0275862068965517,3.43959248864366,4.19453102281293,17.5940905013401,16.1892361111111,-1.05264166666667,0.11225,1.75445833333333,5.60004166666667,12.26975,"2009-08-22",234,"2009-12-26",360,7,150,1017.09878985507,3.06970833333333,69,"",5,3,1,2.34566666666667,-1.91011111111111,3.24531481119845,14.279125,2.27913286207142,4.07678779105794,-1.66660902777778,13.2155892857143,1.44510416666667,"Chinook","EIT",2009,NA
"1169","CHA",290,290,0,0,0,0,0,2.99357461894053,3.75814317567905,14.123640128903,14.21375,-0.00159166666666667,0.06796875,1.45427083333333,3.99370833333333,11.7102145833333,"2009-08-21",233,"2009-12-30",364,3,164,868.26080615942,2.330125,42,"",3,3,1,2.20975,-0.02125,2.90059005026536,14.1925,2.09855850045928,3.67074334047765,-0.00370833333333333,12.714369047619,1.31264583333333,"Chinook","EIT",2009,NA
"1170","CHC",290,290,2,0.00689655172413793,2,0.00689655172413793,0.0137931034482759,2.5335385718599,3.13235562682566,9.81165177290635,13.09025,-0.2637375,-0.00941666666666667,1.37804166666667,3.73584375,9.30179166666667,"2009-08-22",234,"2009-12-09",343,0,166,743.267067028986,0,61,"",0,0,0,2.021125,-1.74116666666667,2.43065220337727,11.3490833333333,1.65309548504797,3.12996361502347,-1.24826666666667,10.4237202380952,1.51797916666667,"Chinook","EIT",2009,NA
"1171","HER",290,290,0,0,0,0,0,4.28747985382309,3.71135575620137,13.774161549089,12.972,0.0582854166666667,1.01521875,3.33177083333333,6.64626041666667,11.3427208333333,"2009-08-22",234,"2009-12-24",358,0,107,1243.3691576087,0,95,"",0,0,0,2.08016666666667,0.005125,4.18486769530225,12.977125,3.20307585093897,5.16088150642988,0.0518869047619048,12.1772261904762,1.82722916666667,"Chinook","EIT",2009,NA
"1172","LAK",290,290,0,0,0,0,0,2.25703810594703,3.50509997651528,12.2857258453674,12.7695,-0.0203041666666667,-0.00394791666666667,0.256041666666667,2.93654166666667,10.6393270833333,"2009-08-21",233,"2009-11-28",332,0,198,655.582842391304,0,32,"",0,0,0,1.83958333333333,-0.0235,2.16796054223894,12.746,1.59604791794244,2.73929841549296,-0.0215297619047619,11.4439464285714,0.424583333333333,"Chinook","EIT",2009,NA
"1173","LOO",290,290,0,0,0,0,0,3.5109661794103,3.64777806225491,13.3062847914682,13.0311666666667,0.00768541666666667,0.182458333333333,2.24452083333333,5.359625,11.1067395833333,"2009-08-22",234,"2009-12-11",345,1,131,1018.18019202899,0.0345416666666658,78,"",1,1,0,1.79533333333333,0.003375,3.41753228246289,13.0345416666667,2.56493251173709,4.18504932766891,0.00542261904761905,12.1371904761905,1.59697916666667,"Chinook","EIT",2009,NA
"1174","MAR",290,290,0,0,0,0,0,3.39943754585473,3.31340236709524,10.9786352462723,12.9354166666667,-0.0479166666666667,1.043125,2.30854166666667,4.61604166666667,10.4785625,"2009-08-22",234,"2009-12-28",362,0,123,987.246054964539,0,64,"",0,0,0,1.95291666666667,-0.05,3.3043294608074,12.8854166666667,2.33644013460194,4.18703931924883,-0.0488690476190476,11.8791666666667,1.73875,"Chinook","EIT",2009,NA
"1175","SFS",290,290,0,0,0,0,0,3.61542034169086,4.26131457022036,18.1588018663724,16.0083333333333,-0.02,0.408333333333333,2.11979166666667,4.80625,13.6043541666667,"2009-08-22",234,"2009-12-23",357,19,138,1049.25314909035,22.6033333333333,43,"2009-08-25",12,5,2,1.78333333333333,-0.0229166666666667,3.51007061215582,15.9854166666667,2.58472714389172,4.37015481475811,-0.0205952380952381,14.7007738095238,1.68152482269504,"Chinook","EIT",2009,237
"1176","SUL",290,290,0,0,0,0,0,3.04749134568354,3.25840546659563,10.6172061847403,12.4650416666667,0.06255625,0.7831875,1.79085416666667,4.02346875,10.4497854166667,"2009-08-21",233,"2009-12-11",345,0,158,883.83994858156,0,49,"",0,0,0,1.69458333333333,-0.0517083333333333,2.96277731727243,12.4133333333333,2.21248632129657,3.66931044600939,0.0205595238095238,11.4497619047619,1.31545833333333,"Chinook","EIT",2009,NA
"1177","WFC",290,290,0,0,0,0,0,2.64442202023988,3.2864933276947,10.8010383929818,12.3314166666667,0.0517979166666667,0.366364583333333,1.09685416666667,3.54264583333333,10.42355625,"2009-08-21",233,"2009-11-30",334,0,179,766.882385869565,0,43,"",0,0,0,1.82095833333333,0.0348333333333333,2.5593505580585,12.36625,1.84872759109002,3.23060475352113,0.0508809523809524,11.1311547619048,1.02545833333333,"Chinook","EIT",2009,NA
"1178","BIL",290,290,19,0.0655172413793104,19,0.0655172413793104,0.131034482758621,3.85667098823844,3.85090603379592,14.8294772811258,15.0158333333333,-0.0316666666666667,0.0608333333333333,3.61416666666667,6.29541666666667,11.2091666666667,"2010-09-03",246,"2011-02-01",32,2,109,1046.15450447928,2.205,84,"",2,2,0,2.09833333333333,-0.0483333333333333,3.94000603846394,14.9675,NA,NA,-0.0330952380952381,14.9675,1.215625,"Chinook","EIT",2010,NA
"1179","BIU",290,290,0,0,0,0,0,3.6298006511372,2.72609009857275,7.43156722553641,10.554375,0.430989583333333,1.55451041666667,2.79114583333333,4.71569791666667,8.87747291666667,"2010-08-17",229,"2011-02-02",33,0,103,1052.64218882979,0,92,"",0,0,0,1.25116666666667,0.0482083333333333,3.55417252941407,10.6025833333333,2.93073973004695,4.20648440777645,0.390803571428571,10.1356607142857,1.24891666666667,"Chinook","EIT",2010,NA
"1180","BVC",290,290,0,0,0,0,0,3.12502839630717,4.24579741850149,18.0267957189539,15.4517916666667,0.00309375,0.0222083333333333,0.7849375,4.81365625,11.9306083333333,"2010-08-17",229,"2010-11-21",325,12,168,906.312776595745,15.368625,54,"2010-08-21",8,6,2,1.84983333333333,-0.00995833333333333,2.98926650461278,15.4418333333333,2.41263101525822,3.59850873726401,-0.00123809523809524,14.8535238095238,0.78425,"Chinook","EIT",2010,233
"1181","CAM",290,290,0,0,0,0,0,3.60699533983009,3.91171681420421,15.3015284345279,13.73575,0.0370395833333333,0.06746875,2.30222916666667,6.04509375,10.9366166666667,"2010-08-17",229,"2011-02-01",32,5,138,1046.02864855072,2.477875,93,"",4,2,1,2.528375,0.0272916666666667,3.48440895281107,13.7630416666667,2.81830260639927,4.13874465452133,0.0335297619047619,13.3119166666667,1.3243125,"Chinook","EIT",2010,NA
"1182","CHA",290,290,0,0,0,0,0,3.20737783608196,3.64698198337718,13.3004775870777,13.5977916666667,0.0382354166666667,0.374385416666667,1.813375,4.13432291666667,10.70310625,"2010-08-17",229,"2010-11-25",329,3,150,930.146114130435,1.30825,56,"",3,3,1,1.88954166666667,-0.00654166666666667,3.09077305864171,13.59125,2.49459154929577,3.71081117957747,0.00813095238095238,12.9233333333333,1.2526875,"Chinook","EIT",2010,NA
"1183","CHC",290,290,0,0,0,0,0,2.52417631144534,2.96402933338141,8.78546988914547,10.750625,-0.00182708333333333,0.00991666666666667,1.55002083333333,3.69761458333333,8.52914166666667,"2010-08-16",228,"2010-11-23",327,0,160,732.078796985816,0,62,"",0,0,0,2.049625,-0.00691666666666667,2.43175383328339,10.7437083333333,1.85104063967136,3.02046334032564,-0.00282738095238095,10.2920714285714,1.10070833333333,"Chinook","EIT",2010,NA
"1184","HER",290,290,0,0,0,0,0,4.35822050929323,3.63174846899013,13.1895969420121,12.7321666666667,0.160775,1.01652083333333,3.66760416666667,7.11402083333333,10.5513229166667,"2010-08-27",239,"2010-11-26",330,0,105,1263.88394769504,0,117,"",0,0,0,2.71745833333333,0.073,4.2603955234064,12.8051666666667,3.28847373826291,5.28455820784637,0.136065476190476,11.7142976190476,2.0194375,"Chinook","EIT",2010,NA
"1185","LAK",290,290,0,0,0,0,0,2.28517727439472,3.39730709544414,11.5416955007551,12.60475,-0.01323125,-0.00719791666666667,0.304645833333333,2.66478125,9.58685208333334,"2010-08-17",229,"2010-11-24",328,0,198,663.683242907801,0,49,"",0,0,0,1.97554166666667,-0.0169166666666667,2.18146688062774,12.5878333333333,1.72295877347418,2.66734387174109,-0.0142261904761905,11.8874285714286,0.373770833333333,"Chinook","EIT",2010,NA
"1186","LOO",290,290,0,0,0,0,0,3.58550311812179,3.47945687073261,12.1066201152883,12.1414166666667,0.00822291666666667,0.0440625,2.83389583333333,5.70163541666667,9.94827500000001,"2010-08-17",229,"2011-02-02",33,0,122,1039.79590425532,0,105,"",0,0,0,1.63158333333333,0.00445833333333333,3.48557494791444,12.145875,2.80028477112676,4.2105334070023,0.00726785714285714,11.661994047619,1.47039583333333,"Chinook","EIT",2010,NA
"1187","MAR",290,290,0,0,0,0,0,3.29218156613183,3.1266648181381,9.77603288498253,12.31875,-0.01,0.709479166666667,2.4775,4.61583333333333,9.62791666666667,"2010-08-16",228,"2010-11-29",333,0,123,955.118070844897,0,79,"",0,0,0,1.94208333333333,-0.0125,3.18383039700584,12.30625,2.33855251071647,4.09332303216462,-0.0104166666666667,11.6654761904762,1.82,"Chinook","EIT",2010,NA
"1188","SEC",290,290,4,0.0137931034482759,4,0.0137931034482759,0.0275862068965517,2.39561750749251,3.80144536426712,14.450986857508,15.7478571428571,-0.16,-0.159583333333333,-0.148125,3.2521875,10.1942708333333,"2010-08-19",231,"2011-01-10",10,4,181,708.832857142857,3.11535714285714,43,"",3,2,1,1.70625,-0.16,2.42118827698333,15.5878571428571,1.94453198356808,2.97469965627096,-0.16,14.0252579365079,0.0620833333333333,"Chinook","EIT",2010,NA
"1189","SFS",290,290,0,0,0,0,0,3.66023407454707,4.04362381464773,16.3508935543862,15.0908333333333,0.07,0.327604166666667,2.29083333333333,4.80364583333333,11.9437291666667,"2010-08-17",229,"2010-12-21",355,11,137,1061.46788161865,12.4183333333333,65,"2010-08-21",8,5,2,2.12041666666667,0.0675,3.53999840945534,15.1583333333333,2.80341692364331,4.32423459194886,0.0699404761904762,14.4831547619048,1.28604166666667,"Chinook","EIT",2010,233
"1190","STH",290,290,0,0,0,0,0,4.94595316703351,3.83886097943523,14.7368536194304,14.31875,0.0254583333333333,1.55520833333333,4.29020833333333,7.44208333333333,11.94475,"2010-08-16",228,"2010-11-24",328,10,83,1434.39975177305,6.10583333333334,105,"",6,3,2,2.08875,-0.0129166666666667,4.83250792877834,14.3058333333333,3.76817048122066,5.91376295450005,0.0345238095238095,13.6797619047619,2.06583333333333,"Chinook","EIT",2010,NA
"1191","SUL",290,290,0,0,0,0,0,3.06517972303742,3.03855282579845,9.23280327516772,11.632875,0.08354375,0.594270833333333,2.14908333333333,4.07453125,9.27012708333334,"2010-08-17",229,"2011-02-02",33,0,139,888.902119680851,0,64,"",0,0,0,1.384625,0.0190416666666667,2.97354221383264,11.6519166666667,2.35229812206573,3.67302521601239,0.0727797619047619,11.1650654761905,1.21,"Chinook","EIT",2010,NA
"1192","VAL",290,290,0,0,0,0,0,4.14237347389099,4.22459203696512,17.8471778787891,15.6691666666667,0.208895833333333,0.375729166666667,2.95020833333333,6.51791666666667,12.4782916666667,"2010-08-16",228,"2010-12-31",365,14,127,1201.28830742839,21.7775,83,"2010-08-21",13,7,1,2.18875,0.12625,3.99806748088466,15.7954166666667,3.16442955078959,4.85730683747877,0.21202380952381,15.1089880952381,1.67979166666667,"Chinook","EIT",2010,233
"1193","WFC",290,290,0,0,0,0,0,2.69447801724138,3.28156547888599,10.7686719922162,12.269625,0.0238708333333333,0.0527708333333333,1.27289583333333,3.39320833333333,9.34187083333333,"2010-08-17",229,"2010-12-16",350,0,159,781.398625,0,53,"",0,0,0,1.7245,0.00570833333333333,2.58725461099933,12.2753333333333,2.06568823356808,3.1781982100939,0.020702380952381,11.5861428571429,1.08508333333333,"Chinook","EIT",2010,NA
"1194","BIU",291,291,0,0,0,0,0,3.52719024353803,2.91609502280763,8.50361018204343,10.4854583333333,0.335854166666667,1.30745833333333,2.506625,5.11,9.515875,"2011-08-28",240,"2012-01-12",12,0,119,1026.41236086957,0,84,"",0,0,0,1.2885,0.0408333333333333,3.44893244833097,10.5262916666667,2.84038728070175,4.07895233918129,0.313994047619048,10.3173630952381,1.1775,"Chinook","EIT",2011,NA
"1195","CAM",291,291,0,0,0,0,0,3.71605737960058,4.13138191024814,17.0683164883256,13.5104166666667,0.059875,0.1005,1.8475,6.74739583333333,11.7147291666667,"2011-08-28",240,"2011-12-10",344,4,148,1081.37269746377,1.70720833333333,88,"",2,2,0,2.30533333333333,0.0550833333333333,3.59006341215357,13.5655,3.00182817823544,4.24273285659802,0.0591190476190476,13.0416964285714,0.812249999999999,"Chinook","EIT",2011,NA
"1196","CHA",291,291,0,0,0,0,0,3.25940022535983,4.04532127680736,16.3646242325904,14.6723333333333,-0.00697916666666667,0.003,1.56370833333333,5.25383333333333,12.1199791666667,"2011-08-25",237,"2011-12-24",358,10,153,949.750673913043,7.26125,62,"2011-08-27",10,10,1,2.12833333333333,-0.172958333333333,3.13681926101486,14.499375,2.57675467836257,3.76155689677091,-0.124684523809524,13.9144821428571,0.995291666666667,"Chinook","EIT",2011,239
"1197","CHC",291,291,0,0,0,0,0,2.46168202475223,3.10835600135276,9.66187703114569,11.911125,-0.0904375,0.00810416666666667,0.987083333333333,3.96358333333333,9.00822916666667,"2011-08-25",237,"2011-12-23",357,0,163,723.140885869565,0,65,"",0,0,0,1.936,-0.980208333333333,2.3617587891831,10.9309166666667,1.90656780447496,2.85137090643275,-0.632125,10.1561785714286,0.67175,"Chinook","EIT",2011,NA
"1198","HER",291,291,0,0,0,0,0,4.75678701006026,3.56497972948623,12.7090804716477,12.061,0.5889375,1.645625,3.77670833333333,7.42829166666667,11.2170416666667,"2011-08-25",237,"2011-12-26",360,0,96,1384.22501992754,0,109,"",0,0,0,1.99045833333333,0.425125,4.65156991119102,12.486125,3.91840058479532,5.426642467582,0.561315476190476,11.9089166666667,1.350375,"Chinook","EIT",2011,NA
"1199","LAK",291,291,0,0,0,0,0,2.45162292863643,3.52015518547936,12.3914925298572,12.6326666666667,-0.0069375,-0.00135416666666667,0.166166666666667,4.01579166666667,10.0994583333333,"2011-08-25",237,"2012-03-20",80,0,186,713.776855566535,0,57,"",0,0,0,1.42454166666667,-0.0124166666666667,2.34682651341793,12.62025,1.92349156034024,2.80053391812866,-0.00970833333333333,11.972755952381,0.220625,"Chinook","EIT",2011,NA
"1200","MAR",291,291,8,0.0274914089347079,8,0.0274914089347079,0.0549828178694158,3.30586418314412,3.49501715577508,12.2151449191621,12.81625,0.0691666666666667,0.372291666666667,2.00875,5.33666666666667,10.5925416666667,"2011-08-25",237,"2012-01-16",16,0,141,935.559563829787,0,71,"",0,0,0,2.545,0.06625,3.24963340043057,12.8825,NA,NA,0.06875,11.8089880952381,1.42583333333333,"Chinook","EIT",2011,NA
"1201","SEC",291,291,0,0,0,0,0,2.82376145475372,3.99848400448964,15.9878743341595,14.4704166666667,0.05,0.05125,0.0604166666666667,4.67583333333333,11.7239583333333,"2011-08-25",237,"2011-11-16",320,8,175,821.714583333333,5.30666666666667,60,"",5,4,2,2.12208333333333,0.0495833333333333,2.70023663324979,14.52,2.26405116959064,3.19734795321637,0.05,13.7269642857143,0.01125,"Chinook","EIT",2011,NA
"1202","SFS",291,291,0,0,0,0,0,3.60391212549177,4.37436332843405,19.1350545291486,15.4766666666667,-0.0495833333333333,0.0725,1.59625,5.589375,12.7002083333333,"2011-08-29",241,"2011-12-04",338,13,158,1051.57259518477,15.095,61,"2011-08-26",11,1,1,2.09583333333333,-0.05,3.4819813281337,15.4266666666667,2.89797737765466,4.166189934055,-0.0498214285714286,14.6593452380952,0.952083333333333,"Chinook","EIT",2011,238
"1203","STH",291,291,0,0,0,0,0,4.89854330492074,4.10514876515252,16.8522463840332,14.7983333333333,0.122916666666667,1.23416666666667,3.79041666666667,7.58229166666667,12.8960416666667,"2011-08-25",237,"2012-01-18",18,14,92,1425.47610173194,8.18333333333334,93,"",6,5,3,2.37875,0.00916666666666667,4.76670185163289,14.8075,3.84551169590643,5.78861492499364,0.16797619047619,13.8593452380952,1.85041666666667,"Chinook","EIT",2011,NA
"1204","SUL",291,291,5,0.0171821305841924,3,0.0103092783505155,0.0274914089347079,2.93019336376184,3.42268752407856,11.714789887483,13.5611666666667,-0.737458333333333,0.220677083333333,1.72214583333333,4.49765625,10.09725,"2011-08-25",237,"2011-12-25",359,0,156,863.058894927536,0,65,"",0,0,0,1.61545833333333,-1.995,2.75330932693434,11.5661666666667,2.18544233324858,3.36753817460317,-1.79005,11.1248928571429,1.01541666666667,"Chinook","EIT",2011,NA
"1205","VAL",291,291,0,0,0,0,0,3.7958616207688,4.60569524851123,21.2124287221589,16.32125,-0.180416666666667,-0.0879166666666667,1.71375,6.59625,13.314375,"2011-08-25",237,"2011-12-05",339,17,150,1116.51239831039,19.02875,68,"2011-08-21",17,17,1,2.41291666666667,-0.209166666666667,3.6469209046814,16.1120833333333,2.99784981958442,4.3637485380117,-0.180357142857143,14.776369047619,1.01875,"Chinook","EIT",2011,233
"1206","WFC",291,291,0,0,0,0,0,2.90452706185567,3.55353372900104,12.627601963148,12.7595,0.0311041666666667,0.0591041666666667,1.22416666666667,4.85504166666667,10.3961458333333,"2011-08-25",237,"2011-12-01",335,0,162,845.217375,0,69,"",0,0,0,1.770375,0.00920833333333333,2.79796532999165,12.7687083333333,2.26445774853801,3.37622777777778,0.0342261904761905,12.2133392857143,0.994625,"Chinook","EIT",2011,NA
"1207","BIL",290,15,0,0,0,0,0,14.3774188034188,0.841225658811501,0.707660609042845,2.74416666666667,13.0206057692308,13.9360416666667,14.5904166666667,14.993125,15.33425,"2012-08-17",230,"2012-08-26",239,14,0,215.661282051282,20.9066987179487,0,"2012-08-21",11,7,2,1.17875,12.7545833333333,14.4188364875865,15.49875,13.5385185185185,15.1584259259259,13.6620283882784,15.0157142857143,1.79208333333333,"Chinook","EIT",2012,234
"1208","BIU",290,290,0,0,0,0,0,3.79672083958021,2.80488216913787,7.86736398274758,11.1114166666667,0.44828125,1.67015625,2.98247916666667,4.8936875,9.59354583333333,"2012-08-16",229,"2013-01-12",12,0,98,1101.04904347826,0,99,"",0,0,0,1.04845833333333,0.0199166666666667,3.70907279729099,11.1313333333333,3.03968633266993,4.35771713615024,0.281184523809524,10.9375535714286,1.26947916666667,"Chinook","EIT",2012,NA
"1209","BVC",290,290,0,0,0,0,0,3.59824775112444,4.37602866255391,19.1496268554933,15.5018333333333,0.00559375,0.0385208333333333,1.35960416666667,6.34482291666667,12.5355291666667,"2012-08-16",229,"2012-12-19",354,12,152,1043.49776449275,16.6765833333333,77,"2012-08-21",10,6,1,1.429125,-0.00320833333333333,3.43500118282157,15.498625,2.78526281511533,4.09866979868341,0.0052202380952381,14.8883214285714,1.18722916666667,"Chinook","EIT",2012,234
"1210","CAM",290,290,0,0,0,0,0,3.80566163793103,4.0307199643941,16.2467034313652,14.4430416666667,0.0638083333333333,0.126239583333333,2.925,6.89615625,11.48993125,"2012-08-16",229,"2012-12-15",350,10,139,1103.641875,7.114875,85,"2012-08-21",9,5,1,2.17725,0.0495416666666667,3.65592794265594,14.4925833333333,2.89623136737089,4.49317664319249,0.060702380952381,13.8934107142857,1.38779166666667,"Chinook","EIT",2012,234
"1211","CHA",290,290,0,0,0,0,0,3.27833809174958,3.86865564958583,14.9664965350724,15.051571969697,0.00224583333333333,0.0216041666666667,2.01152083333333,4.87967708333333,11.2426208333333,"2012-08-20",233,"2013-02-18",49,11,144,950.721421607378,10.2507386363636,70,"2012-08-21",9,5,1,2.061875,-0.00120833333333333,3.13404068374344,15.0503636363636,2.39047570294958,3.98289706039266,0.00101785714285714,14.2599864718615,1.46870833333333,"Chinook","EIT",2012,234
"1212","CHC",290,290,0,0,0,0,0,2.80091281234383,3.03696637353378,9.22316475397491,10.9859166666667,0.04034375,0.0639270833333333,2.06758333333333,4.63311458333333,8.71075,"2012-08-16",229,"2012-11-26",331,0,143,812.26471557971,0,85,"",0,0,0,1.65720833333333,0.035875,2.69169083705129,11.0217916666667,2.04992285415391,3.36368896713615,0.0431666666666667,10.3548988095238,1.1034375,"Chinook","EIT",2012,NA
"1213","HER",290,290,0,0,0,0,0,4.78899260369815,3.90762191001035,15.2695089915929,13.9749166666667,0.267741666666667,1.1425625,4.0883125,8.01490625,11.8520645833333,"2012-08-27",240,"2013-01-22",22,7,107,1388.80785507246,2.74429166666667,112,"",3,1,1,2.67908333333333,0.0770416666666667,4.66264085873939,14.0519583333333,3.63372374464176,5.74896816314554,0.0948928571428571,12.902119047619,2.18504166666667,"Chinook","EIT",2012,NA
"1214","LAK",290,290,0,0,0,0,0,2.50168547601199,3.46622017376997,12.0146822930499,12.9845833333333,0.0120604166666667,0.0245104166666667,0.578916666666667,3.43409375,9.989825,"2012-08-19",232,"2012-10-26",300,0,176,725.488788043478,0,46,"",0,0,0,2.03370833333333,0.00708333333333333,2.37186964267489,12.9916666666667,1.8244179743315,2.99423151408451,0.0105535714285714,12.7195297619048,0.734770833333333,"Chinook","EIT",2012,NA
"1215","MAR",290,290,13,0.0448275862068966,13,0.0448275862068966,0.0896551724137931,3.39603339350181,3.34573362082657,11.1939334615293,12.79025,-0.0637833333333333,0.64825,2.315375,6.49408333333333,9.58675,"2012-08-16",229,"2013-01-23",23,0,128,945.3915,0,78,"",0,0,0,1.94108333333333,-0.7115,3.34503195017478,12.07875,NA,NA,-0.405279761904762,11.3851785714286,1.6645,"Chinook","EIT",2012,NA
"1216","SEC",290,290,0,0,0,0,0,2.90960697151424,4.11779060660427,16.9561994798384,15.3844166666667,-0.05535625,-0.04946875,0.101208333333333,4.65260416666667,11.6352916666667,"2012-08-16",229,"2012-10-23",297,11,166,850.128476449275,16.9345833333333,57,"2012-08-21",9,5,1,2.08291666666667,-0.0615,2.75858085287085,15.3229166666667,2.18100249413146,3.40055274673403,-0.0557083333333333,14.9560119047619,0.731770833333333,"Chinook","EIT",2012,234
"1217","SFS",290,290,0,0,0,0,0,3.8018203898051,4.07732560281812,16.6245840713962,16.3492916666667,-0.0694166666666667,0.307375,2.73802083333333,5.84660416666667,12.4137916666667,"2012-08-20",233,"2012-11-11",316,14,128,1105.00582971015,23.5420833333333,81,"2012-08-21",10,3,2,2.30916666666667,-0.0722083333333333,3.65423298942204,16.2770833333333,2.725065663911,4.60107746478873,-0.0706785714285714,15.3991071428571,1.65110416666667,"Chinook","EIT",2012,234
"1218","STH",290,290,49,0.168965517241379,49,0.168965517241379,0.337931034482759,4.63284902128811,4.09582195128125,16.7757574565974,14.5049583333333,-0.0348333333333333,1.30695833333333,3.403,6.77291666666667,12.8416666666667,"2012-08-16",229,"2013-01-14",14,11,82,1117.36307246377,6.75,62,"",4,3,2,2.41740036231884,-0.0695416666666667,4.51668588612049,14.4354166666667,NA,NA,-0.0464761904761905,13.7132142857143,1.70125,"Chinook","EIT",2012,NA
"1219","VAL",290,290,0,0,0,0,0,4.51531021364318,4.1962755154849,17.6087282018581,15.249125,0.275616666666667,0.617260416666667,3.52035416666667,7.82647916666667,12.2196041666667,"2012-08-16",229,"2013-01-13",13,13,119,1309.43996195652,16.1104166666667,98,"2012-08-21",10,2,1,2.04241666666667,0.0717083333333333,4.36105762929023,15.3208333333333,3.50105689936722,5.24054771381915,0.189904761904762,14.746130952381,1.66491666666667,"Chinook","EIT",2012,234
"1220","WFC",290,290,0,0,0,0,0,2.87958784357821,3.45605022691491,11.9442831709586,13.4775,0.01356875,0.119458333333333,1.493125,4.92560416666667,10.0719375,"2012-08-20",233,"2013-01-05",5,1,157,835.641516304348,0.326583333333334,63,"",1,1,0,1.90120833333333,-0.150916666666667,2.74510841589391,13.3265833333333,2.09444738722188,3.48084096244132,-0.0582916666666667,12.5949761904762,1.25754166666667,"Chinook","EIT",2012,NA
"1221","BIU",290,290,0,0,0,0,0,3.65691186414771,3.04690533825624,9.2836321402944,11.3217083333333,0.411639583333333,1.414625,2.946625,4.60890625,10.6534875,"2013-08-18",230,"2013-12-05",339,0,112,1060.50444060284,0,68,"",0,0,0,1.13691666666667,0.0274583333333333,3.56604097546271,11.3491666666667,2.99689084507042,4.15984482069723,0.219952380952381,11.1298988095238,1.0643125,"Chinook","EIT",2013,NA
"1222","BVC",290,290,0,0,0,0,0,3.33070304847576,4.7141391456464,22.2231078845158,15.7766666666667,0.0129354166666667,0.0306979166666667,0.779770833333333,4.52894791666667,14.3355645833333,"2013-08-19",231,"2013-11-23",327,32,169,965.903884057971,44.5419583333333,48,"2013-08-21",30,16,1,1.35491666666667,0.001125,3.14435046784329,15.7777916666667,2.64865375586854,3.66633559782609,0.00401785714285714,15.5738869047619,0.598583333333332,"Chinook","EIT",2013,233
"1223","CAM",290,290,0,0,0,0,0,3.77833854548789,4.31572926939169,18.6255191266841,14.7927916666667,0.0853958333333333,0.146875,2.32822916666667,5.67813541666667,13.7635541666667,"2013-08-23",235,"2013-12-07",341,23,140,1095.71817819149,20.5910833333333,78,"2013-08-21",9,4,4,1.65854166666667,0.0725833333333333,3.63338407394723,14.865375,3.04116563967136,4.26584355334132,0.0807619047619048,14.352244047619,1.16233333333333,"Chinook","EIT",2013,233
"1224","CHA",290,290,0,0,0,0,0,3.25985686571608,4.10502725188957,16.8512487387561,15.900125,-0.00336875,0.0177291666666667,1.9881640070922,4.35623958333333,13.1652729166667,"2013-08-18",230,"2014-01-28",28,18,145,947.189491057663,14.4681630434783,45,"2013-08-21",11,2,2,1.35883333333333,-0.73525,3.11377558051826,15.164875,2.49889759389671,3.72844337139473,-0.236255952380952,14.579201863354,1.219,"Chinook","EIT",2013,233
"1225","CHC",290,290,0,0,0,0,0,2.79838105947026,3.30409504942529,10.9170440956367,11.57225,0.0687916666666667,0.0859166666666667,1.82620833333333,3.89763541666667,10.6845458333333,"2013-08-23",235,"2013-11-05",309,0,151,811.530507246377,0,45,"",0,0,0,1.66416666666667,0.0576666666666667,2.68641390462339,11.6299166666667,2.19021024061033,3.18181663987548,0.0676309523809524,11.2955,1.0710625,"Chinook","EIT",2013,NA
"1226","HER",290,290,0,0,0,0,0,5.02864426536732,3.91385176692309,15.318235653447,13.6055,0.681745833333333,1.37776041666667,4.05495833333333,7.35855208333333,12.7838083333333,"2013-09-06",249,"2013-12-08",342,14,90,1458.30683695652,5.62625,109,"",6,2,2,1.76670833333333,0.296625,4.90943246161753,13.902125,4.14035269953052,5.7311172241784,0.406904761904762,13.3184880952381,1.43275,"Chinook","EIT",2013,NA
"1227","LAK",290,290,0,0,0,0,0,2.58016737282954,3.84781370435564,14.8056703034271,13.2759583333333,0.00312708333333333,0.0154583333333333,0.597104166666667,3.16554166666667,12.54598125,"2013-08-23",235,"2014-02-19",50,3,181,748.250954787234,0.555083333333332,28,"",2,1,0,1.58345833333333,-0.00129166666666667,2.44928926484439,13.2746666666667,2.01769263497653,2.89269386799521,0.00126190476190476,12.9333869047619,0.62975,"Chinook","EIT",2013,NA
"1228","LOO",290,290,0,0,0,0,0,3.64154827586207,3.87566864164039,15.0208074197947,13.479875,-0.0873791666666667,-0.0792291666666667,2.88860416666667,5.19869791666667,12.4100645833333,"2013-08-23",235,"2013-11-23",327,7,119,1063.04833333333,1.54058333333333,76,"",5,1,1,2.09891666666667,-0.0920416666666667,3.52371491448692,13.3878333333333,2.9006875,4.15085666079812,-0.089327380952381,13.1018988095238,1.247625,"Chinook","EIT",2013,NA
"1229","MAR",290,290,0,0,0,0,0,3.42017345702149,3.64336880436011,13.2741362445844,12.7555416666667,-0.0569854166666667,0.479260416666667,2.28272916666667,4.78577083333333,11.6157708333333,"2013-08-23",235,"2013-12-20",354,0,132,994.885802536232,0,53,"",0,0,0,1.766125,-0.06025,3.28728483035897,12.6952916666667,2.61601115023474,4.03805289344764,-0.0585535714285714,12.3382857142857,1.39791666666667,"Chinook","EIT",2013,NA
"1230","SEC",290,290,0,0,0,0,0,2.92839497737833,4.44826806101455,19.7870887426422,15.26125,-0.0483333333333333,-0.04565625,0.352291666666667,4.07319791666667,14.1396208333333,"2013-08-18",230,"2013-11-26",330,27,170,855.095,33.0715416666667,40,"2013-08-21",23,13,2,1.87608333333333,-0.0540416666666667,2.77742314926795,15.2072083333333,2.33716578638498,3.24719631530317,-0.0485059523809524,14.9245416666667,0.637875,"Chinook","EIT",2013,233
"1231","SFS",290,290,0,0,0,0,0,3.77393167950599,4.57221678388826,20.9051663188695,16.348,-0.0644166666666667,0.301708333333333,2.34152083333333,4.79532291666667,15.0239333333333,"2013-08-22",234,"2013-12-08",342,32,135,1097.56464539007,58.3695,59,"2013-08-21",24,16,2,1.6155,-0.0654166666666667,3.62667767910655,16.2825833333333,3.00994248826291,4.27895341374488,-0.0649285714285714,15.8081547619048,1.12275,"Chinook","EIT",2013,233
"1232","STH",290,290,0,0,0,0,0,5.05066066341829,4.05998614596177,16.4834875054015,14.3849166666667,0.000322916666666681,1.71772916666667,4.32670833333333,7.39765625,13.3954375,"2013-08-22",234,"2013-12-06",340,24,78,1465.24550905797,15.6410833333333,122,"2013-08-21",9,5,4,2.06883333333333,-0.0580416666666667,4.91631848427522,14.326875,4.03903887910798,5.86799008726271,-0.0199880952380952,13.8884702380952,1.69595833333333,"Chinook","EIT",2013,233
"1233","VAL",290,290,0,0,0,0,0,4.37507473138431,4.58878061125408,21.0569074982213,15.9139583333333,0.336441666666667,0.541239583333333,2.95579166666667,6.04238541666667,14.6705479166667,"2013-08-22",234,"2013-12-09",343,33,116,1268.77167210145,55.0744166666667,70,"2013-08-21",33,33,1,1.60383333333333,0.196458333333333,4.20762778573616,16.1104166666667,3.53641314553991,4.88805769672382,0.271220238095238,15.7418571428571,1.22022916666667,"Chinook","EIT",2013,233
"1234","WFC",290,290,0,0,0,0,0,2.96482382000489,3.79082706278051,14.3703698199091,15.5873333333333,-0.100910416666667,0.278583333333333,1.68816666666667,3.72992708333333,12.2034125,"2013-08-18",230,"2013-12-08",342,6,154,869.365741134752,2.45195833333333,36,"",6,6,1,1.33416666666667,-1.63904166666667,2.82040726673873,13.9482916666667,2.22662573356808,3.39842132092199,-0.991333333333333,13.3473392857143,1.06427083333333,"Chinook","EIT",2013,NA
"1235","BIU",290,290,0,0,0,0,0,4.09943423288356,2.85384561937312,8.14443481921514,11.0069583333333,0.725641666666667,1.76657291666667,3.24827083333333,5.76313541666667,9.554125,"2014-08-18",230,"2014-12-31",365,0,83,1188.83592753623,0,112,"",0,0,0,1.101875,0.0770416666666667,4.00495667392033,11.084,3.32422700423556,4.63569237982241,0.469827380952381,10.553625,1.29077083333333,"Chinook","EIT",2014,NA
"1236","BVC",290,290,0,0,0,0,0,4.18888963643178,4.49321065890539,20.188942025301,15.111375,0.0131395833333333,0.07396875,2.97885416666667,7.67092708333333,12.0314916666667,"2014-08-18",230,"2014-11-16",320,12,131,1214.77799456522,14.527875,77,"2014-08-21",7,6,2,2.096625,0.007,4.01613225366693,15.118375,3.3246939362625,4.66615403015922,0.00860119047619048,14.4513571428571,1.2015625,"Chinook","EIT",2014,233
"1237","CAM",290,290,0,0,0,0,0,4.18888963643178,4.49321065890539,20.188942025301,15.111375,0.0131395833333333,0.07396875,2.97885416666667,7.67092708333333,12.0314916666667,"2014-08-18",230,"2014-11-16",320,12,131,1214.77799456522,14.527875,77,"2014-08-21",7,6,2,2.096625,0.007,4.01613225366693,15.118375,3.3246939362625,4.66615403015922,0.00860119047619048,14.4513571428571,1.2015625,"Chinook","EIT",2014,233
"1238","CHA",290,290,0,0,0,0,0,3.85099268823035,3.83824359286108,14.7321138781392,14.0487083333333,0.00247291666666667,0.02575,2.80754166666667,6.01222916666667,11.0639020833333,"2014-08-18",230,"2014-11-12",316,4,121,1116.7878795868,3.101625,89,"",4,4,1,1.92858333333333,0.000583333333333333,3.69388316559083,14.0492916666667,2.89110709157427,4.51512354901456,0.00164880952380952,13.2408165113872,1.57975,"Chinook","EIT",2014,NA
"1239","CHC",290,290,0,0,0,0,0,3.33099217266367,3.13151939051558,9.80641369317504,10.7745416666667,0.0731729166666667,0.125989583333333,2.75635416666667,5.61378125,8.9855125,"2014-08-18",230,"2014-12-30",364,0,126,965.987730072464,0,110,"",0,0,0,1.789625,0.0654166666666667,3.21400636427259,10.8399583333333,2.52978059297816,3.92624376786079,0.0709642857142857,10.29475,1.33983333333333,"Chinook","EIT",2014,NA
"1240","HER",290,290,0,0,0,0,0,5.3391577836082,3.71538720727846,13.8041021000084,13.0332083333333,0.654260416666667,1.720625,5.15802083333333,8.17419791666667,11.63389375,"2014-08-17",229,"2015-01-02",2,2,80,1548.35575724638,0.357875,122,"",2,2,0,1.78308333333333,0.262125,5.22120680787624,13.2953333333333,4.24573518192488,6.14197672356603,0.542255952380952,12.436005952381,1.82279166666667,"Chinook","EIT",2014,NA
"1241","LAK",290,290,0,0,0,0,0,3.16961367082416,3.53265612508946,12.4796592981321,12.6733333333333,0.00452083333333333,0.0274479166666667,1.99695833333333,5.28286458333333,10.0222979166667,"2014-08-18",230,"2014-11-30",334,0,145,919.187964539007,0,90,"",0,0,0,1.828375,0.00158333333333333,3.02783492711589,12.6749166666667,2.3776303035411,3.63643532114674,0.00351190476190476,12.0030952380952,1.07566666666667,"Chinook","EIT",2014,NA
"1242","LOO",290,290,0,0,0,0,0,4.26192776736632,3.59970489560839,12.957875335467,12.48075,-0.08628125,0.94478125,3.9205625,6.54558333333333,10.83380625,"2014-08-18",230,"2014-12-30",364,0,101,1239.76455253623,0,114,"",0,0,0,1.66195833333333,-0.09,4.14290417140524,12.39075,3.19249284930598,5.05173800775669,-0.0870535714285714,12.0261845238095,1.88183333333333,"Chinook","EIT",2014,NA
"1243","MAR",290,290,0,0,0,0,0,4.06380656130268,3.47320798493173,12.0631737065935,12.5424583333333,-0.0526604166666667,1.11607291666667,2.9098125,6.89670833333333,10.0690854166667,"2014-08-18",230,"2014-11-13",317,0,111,1179.89286111111,0,108,"",0,0,0,1.80179166666667,-0.0565416666666667,3.92790098228258,12.4859166666667,3.06736272496088,4.82921156103286,-0.0539880952380952,11.8482678571429,1.65204166666667,"Chinook","EIT",2014,NA
"1244","SEC",290,290,0,0,0,0,0,3.56081272010271,4.06192932207923,16.499269817567,14.6045833333333,-0.0492125,-0.0429166666666667,2.3526875,5.95938541666667,11.2124229166667,"2014-08-18",230,"2014-11-30",334,8,138,1037.53943882979,6.17441666666667,80,"",6,4,1,1.80733333333333,-0.0536666666666667,3.40349385319006,14.5509166666667,2.71298834094996,4.03127325879033,-0.0497857142857143,13.7602738095238,1.18185416666667,"Chinook","EIT",2014,NA
"1245","SFS",290,290,0,0,0,0,0,4.55429882917584,4.21297053297985,17.7491207117565,15.0922916666667,-0.0569395833333333,0.679458333333333,3.61514583333333,7.0564375,12.6117916666667,"2014-08-18",230,"2014-11-17",321,13,113,1322.58174379433,14.1305416666667,91,"2014-08-21",7,5,2,1.779875,-0.0597916666666667,4.39475628683448,15.0325,3.44385458495655,5.31324675044951,-0.0586369047619048,14.4148035714286,1.80554166666667,"Chinook","EIT",2014,233
"1246","STH",290,290,0,0,0,0,0,5.73858438905547,3.93792593789596,15.5072606923538,14.3592083333333,0.22965,2.36645833333333,5.26579166666667,8.78991666666667,12.2048166666667,"2014-08-18",230,"2015-01-01",1,9,59,1664.37034782609,6.43808333333333,117,"",4,4,2,2.48983333333333,-0.0519166666666667,5.5951173171274,14.3072916666667,4.46690967544397,6.66389427051439,0.0480535714285714,13.6725297619048,2.179625,"Chinook","EIT",2014,NA
"1247","SUL",290,290,0,0,0,0,0,3.81217893553223,3.40537980879813,11.59661164217,12.0735833333333,-0.0542979166666667,0.97421875,2.88635416666667,6.13159375,9.81009375,"2014-08-19",231,"2015-02-22",53,0,116,1107.32589130435,0,107,"",0,0,0,1.56483333333333,-0.0695,3.67546096871082,12.0040833333333,2.87184101985099,4.45632458792611,-0.0530952380952381,11.7710773809524,1.57425,"Chinook","EIT",2014,NA
"1248","VAL",290,290,0,0,0,0,0,5.16314636431784,4.38092851041519,19.1925346133687,15.29425,0.376720833333333,1.06410416666667,4.024625,8.57609375,12.7506520833333,"2014-08-18",230,"2014-12-30",364,12,105,1497.31244565217,19.2323333333333,95,"2014-08-21",7,6,2,2.06791666666667,0.19775,4.9992525961931,15.492,4.0804710081139,5.89928154342723,0.27714880952381,14.7919345238095,1.62829166666667,"Chinook","EIT",2014,233
"1249","WFC",290,290,0,0,0,0,0,3.35133387267233,3.46265605521269,11.9899869567011,12.5101666666667,-0.0676479166666667,0.0755416666666667,2.13272916666667,5.42371875,9.93256041666667,"2014-08-18",230,"2014-12-15",349,0,141,974.802448074975,0,94,"",0,0,0,2.074125,-0.07775,3.20248542725451,12.4324166666667,2.5169633902707,3.89661982890249,-0.0669047619047619,11.8567636054422,1.29779166666667,"Chinook","EIT",2014,NA
"1250","BIU",291,291,0,0,0,0,0,3.91012683702566,3.18595220465402,10.1502914503398,11.4887916666667,0.212958333333333,1.13977083333333,3.1215,5.710375,10.2352916666667,"2015-08-15",227,"2016-01-02",2,0,112,1137.84690957447,0,110,"",0,0,0,1.84870833333333,0.0465,3.81432248973498,11.5352916666667,3.16119020467836,4.47246795757123,0.149571428571429,10.7726845238095,1.127125,"Chinook","EIT",2015,NA
"1251","BVC",291,291,0,0,0,0,0,4.02231099047062,4.63490072293057,21.4823047114223,15.9278333333333,0.0184791666666667,0.0482916666666667,1.77491666666667,7.85427083333333,13.7872708333333,"2015-08-15",227,"2015-11-27",331,18,148,1170.49249822695,24.828375,75,"2015-08-21",18,18,1,1.76883333333333,0.0127916666666667,3.85217000213299,15.940625,3.15041943822322,4.54880891812866,0.016702380952381,14.6390178571429,1.23091666666667,"Chinook","EIT",2015,233
"1252","CAM",291,291,0,0,0,0,0,4.31786886134874,4.18949682693267,17.5518836628789,14.3845,0.1388125,0.222270833333333,2.95083333333333,7.6155,12.3521875,"2015-08-27",239,"2016-02-02",33,7,128,1256.49983865248,5.59179166666667,108,"",3,1,1,2.87066666666667,0.122916666666667,4.18056271707638,14.5074166666667,3.48050321637427,4.93375413089461,0.130571428571429,13.5498154761905,1.356,"Chinook","EIT",2015,NA
"1253","CHA",291,291,0,0,0,0,0,3.76270635073905,3.93479631527414,15.482622042695,14.6747083333333,0.00845833333333333,0.0256458333333333,2.78204166666667,6.41058333333333,11.7645,"2015-08-15",227,"2016-01-25",25,5,135,1094.94754806506,4.137,92,"",2,2,0,2.64058333333333,0.00345833333333333,3.62133632153155,14.6781666666667,2.84015321637427,4.44802001990793,0.00608928571428571,12.9370833333333,1.78675,"Chinook","EIT",2015,NA
"1254","CHC",291,291,0,0,0,0,0,3.24231956935,3.20540850103976,10.2746436585379,11.7670833333333,0.111375,0.290645833333333,2.45229166666667,5.21341666666667,9.97495833333333,"2015-08-27",239,"2015-11-23",327,0,132,943.514994680851,0,86,"",0,0,0,2.44020833333333,0.08575,3.12942608827032,11.8528333333333,2.50344062461117,3.76031769005848,0.0895059523809524,10.9376607142857,1.217,"Chinook","EIT",2015,NA
"1255","HER",291,291,0,0,0,0,0,5.29726650581268,3.99909671276785,15.9927745180706,14.1330416666667,0.522895833333333,1.25089583333333,4.70195833333333,8.48502083333333,12.40675,"2015-08-15",227,"2015-12-01",335,6,91,1541.50455319149,3.82770833333333,114,"",2,1,0,1.944375,0.426541666666667,5.17728934703781,14.5595833333333,4.36392119883041,6.04532391128531,0.473934523809524,13.1795416666667,1.63658333333333,"Chinook","EIT",2015,NA
"1256","LAK",291,291,0,0,0,0,0,3.11206355865078,3.75761255005438,14.1196520763262,14.1235833333333,0.0115,0.017125,1.35141666666667,5.58514583333333,11.0632291666667,"2015-08-15",227,"2016-01-25",25,2,154,905.610495567376,2.09533333333333,76,"",1,1,0,2.14379166666667,0.00979166666666667,2.97707003457225,14.133375,2.38940321637427,3.6214432748538,0.0113630952380952,12.4337202380952,1.079375,"Chinook","EIT",2015,NA
"1257","LOO",291,291,0,0,0,0,0,4.11455426384928,3.90224447349514,15.2275119309234,13.63325,-0.080375,-0.0697708333333333,3.68691666666667,6.66729166666667,11.6640208333333,"2015-08-27",239,"2016-01-01",1,3,114,1203.76829078014,0.840291666666667,114,"",1,1,0,2.429875,-0.0849166666666667,3.99825175127535,13.5483333333333,3.2982269005848,4.73323391501804,-0.0821607142857143,12.6538571428571,1.52404166666667,"Chinook","EIT",2015,NA
"1258","MAR",291,291,0,0,0,0,0,3.8793527485316,3.52485407276216,12.424596234268,12.83025,-0.0510833333333333,0.887020833333333,2.816875,6.93147916666667,10.832125,"2015-08-15",227,"2015-12-28",362,0,123,1130.89731648936,0,92,"",0,0,0,1.89916666666667,-0.052625,3.74867993254413,12.777625,2.90136105200946,4.61917602339181,-0.0519345238095238,11.6101845238095,1.67908333333333,"Chinook","EIT",2015,NA
"1259","SEC",291,291,0,0,0,0,0,3.42782674075699,4.25917199608979,18.1405460922755,16.8618333333333,-0.0475625,-0.0438125,1.398375,6.05683333333333,12.4178958333333,"2015-08-15",227,"2015-12-01",335,13,148,1005.80808333333,11.9293333333333,78,"2015-08-21",7,6,2,2.31883333333333,-0.928375,3.27639203638529,15.9334583333333,2.64501125730994,3.93200453216374,-0.438851190476191,13.899630952381,0.978375,"Chinook","EIT",2015,233
"1260","SFS",291,291,0,0,0,0,0,4.39316800711657,4.3921075804052,19.2906089978529,16.4633333333333,-0.0488333333333333,0.339708333333333,3.22633333333333,6.865875,13.5183541666667,"2015-08-15",227,"2015-12-16",350,19,122,1280.24459840426,25.5395416666667,99,"2015-08-21",18,9,1,2.693,-0.0507916666666667,4.25116843216197,16.4125416666667,3.45621198830409,5.09091935112604,-0.0497976190476191,14.839,1.53833333333333,"Chinook","EIT",2015,233
"1261","STH",291,291,0,0,0,0,0,5.50531886256733,4.03804101754627,16.3057752593862,14.4812083333333,0.0611458333333333,2.06725,4.9265,8.89364583333333,12.9835416666667,"2015-08-15",227,"2015-12-27",361,14,71,1602.39333067376,7.74004166666667,111,"2015-08-25",9,3,2,2.02258333333333,-0.053875,5.36760951447768,14.4273333333333,4.31283127721787,6.43339722222222,0.0755833333333333,13.5696726190476,2.09983333333333,"Chinook","EIT",2015,237
"1262","SUL",291,291,0,0,0,0,0,3.61246710109429,3.53080187388312,12.4665618726166,12.8157083333333,-0.0304791666666667,0.320229166666667,2.57304166666667,6.005125,10.7738541666667,"2015-08-27",239,"2016-01-10",10,0,125,1052.36192641844,0,88,"",0,0,0,1.88820833333333,-0.0492916666666667,3.49048714783412,12.7664166666667,2.88468746111733,4.15013435672515,-0.0349583333333333,11.7999702380952,1.3025,"Chinook","EIT",2015,NA
"1263","VAL",291,291,0,0,0,0,0,4.92343324254832,4.50519508436982,20.29678274823,16.0472083333333,0.300375,0.542583333333333,3.59954166666667,8.750375,13.9214791666667,"2015-08-15",227,"2015-12-26",360,20,111,1432.71907358156,28.5539583333333,90,"2015-08-21",19,10,1,2.67383333333333,0.0707916666666667,4.76188037513998,16.118,3.89706166168969,5.57636622807018,0.26964880952381,14.7463392857143,1.61891666666667,"Chinook","EIT",2015,233
"1264","WFC",291,291,0,0,0,0,0,3.33834262813483,3.62355446387003,13.1301469526324,13.5572083333333,-0.0594166666666667,0.0774166666666667,2.087375,6.00539583333333,10.6631875,"2015-08-15",227,"2016-01-26",26,1,144,974.603079787234,0.485583333333333,81,"",1,1,0,2.22125,-0.071625,3.20506588145897,13.4855833333333,2.5032519005848,3.95393112790842,-0.0588571428571429,11.9579880952381,1.38166666666667,"Chinook","EIT",2015,NA
"1265","BIU",290,290,0,0,0,0,0,3.78739358950844,2.96462184929945,8.78898270934369,11.1862916666667,0.291054166666667,1.2205625,3.1406875,5.45904166666667,9.72149375,"2016-08-18",231,"2017-01-07",7,0,105,1098.34414095745,0,109,"",0,0,0,1.63179166666667,0.032625,3.6959006053163,11.2189166666667,3.01965830399061,4.34982942825392,0.148404761904762,10.9207202380952,1.21304166666667,"Chinook","EIT",2016,NA
"1266","BVC",290,290,0,0,0,0,0,3.38398989973099,4.15065904116758,17.2279704760262,15.6064166666667,0.0251729166666667,0.03884375,1.80545833333333,5.48445833333333,11.8849166666667,"2016-08-19",232,"2016-12-05",340,10,148,981.357070921986,16.8464583333333,64,"2016-08-21",9,5,1,1.92058333333333,0.0177083333333333,3.19931149218003,15.624125,2.56539818075117,3.84348729522525,0.0202142857142857,15.1795178571429,1.04789583333333,"Chinook","EIT",2016,234
"1267","CHA",290,290,0,0,0,0,0,3.57056165667166,3.8188523047379,14.5836329254019,14.9515833333333,0.010325,0.0233541666666667,2.78279166666667,5.45928125,11.5441698369565,"2016-08-15",228,"2016-11-26",331,7,121,1035.46288043478,9.957625,88,"2016-08-21",7,7,1,2.0815,0.00829166666666667,3.41533687359665,14.959875,2.65410900183711,4.21753875790978,0.0102797619047619,14.4225178571429,1.52425,"Chinook","EIT",2016,234
"1268","CHC",290,290,0,0,0,0,0,2.72929918072878,2.88578333075659,8.32774543207258,11.1295833333333,-0.0338083333333333,0.00152083333333333,2.31825,4.15584375,8.684675,"2016-08-19",232,"2016-11-18",323,0,128,793.117304078014,0,69,"",0,0,0,1.986,-0.0514583333333333,2.62880476788033,11.078125,2.07700366784038,3.19476867633104,-0.0352678571428571,10.617375,1.097625,"Chinook","EIT",2016,NA
"1269","LAK",290,290,0,0,0,0,0,2.79264187520601,3.40819264236926,11.6157770874999,13.4184166666667,0.017,0.0216458333333333,1.68227083333333,4.44846875,10.2365583333333,"2016-08-18",231,"2017-02-25",56,4,154,809.866143809744,0.700009057971014,64,"",3,2,1,2.11270833333333,0.0145833333333333,2.65227834277481,13.433,2.01420085093897,3.26065290992408,0.0160357142857143,12.8687096273292,1.18758333333333,"Chinook","EIT",2016,NA
"1270","LOO",290,290,0,0,0,0,0,3.99231678135932,3.56717815674194,12.7247600019368,13.2719583333333,-0.0806479166666667,-0.0596041666666667,4.01377083333333,5.95440625,10.8562895833333,"2016-08-19",232,"2016-12-07",342,2,105,1163.37303326087,0.271458333333333,124,"",2,2,0,2.10141666666667,-0.084,3.87571077690782,13.1879583333333,3.16287125561339,4.57980164319249,-0.0817738095238095,12.788744047619,1.52722916666667,"Chinook","EIT",2016,NA
"1271","MAR",290,290,0,0,0,0,0,3.27999575079482,3.33082484301359,11.0943941348365,12.4104166666667,-0.0480875,0.690083333333333,2.17627083333333,5.15547916666667,9.77655,"2016-08-19",232,"2016-12-17",352,0,138,953.882559397163,0,78,"",0,0,0,2.18041666666667,-0.04925,3.12873419640182,12.3611666666667,2.42609991197183,3.85985678566077,-0.0485059523809524,11.8326845238095,1.29641666666667,"Chinook","EIT",2016,NA
"1272","SEC",290,290,0,0,0,0,0,3.20792932257276,3.92198315998581,15.3819519072123,15.660125,-0.0416479166666667,-0.03890625,1.966,4.94402083333333,11.8258020833333,"2016-08-18",231,"2016-12-03",338,10,147,934.781166666667,13.8647083333333,72,"2016-08-21",8,5,1,2.17379166666667,-0.0430416666666667,3.04913568066199,15.6170833333333,2.36339056412946,3.73442533525622,-0.0427678571428571,14.8981011904762,1.35954166666667,"Chinook","EIT",2016,234
"1273","SFS",290,290,0,0,0,0,0,4.11884149241868,4.17814665117392,17.4569094387158,16.20975,-0.0408979166666667,0.197604166666667,3.34302083333333,6.10094791666667,12.9648791666667,"2016-08-18",231,"2016-12-08",343,14,114,1196.81086613475,23.312625,91,"2016-08-21",8,4,2,2.44545833333333,-0.0443333333333333,3.9689093836066,16.1654166666667,3.19899457159624,4.73187467535711,-0.0430357142857143,15.7142916666667,1.5209375,"Chinook","EIT",2016,234
"1274","STH",290,290,0,0,0,0,0,4.98232179322573,3.91372144678932,15.3172155630587,14.3720416666667,-0.048825,1.36544791666667,4.837625,7.19489583333333,12.4073625,"2016-08-18",231,"2017-01-06",6,7,86,1445.95977836879,7.199,126,"2016-08-21",7,7,1,2.59079166666667,-0.054875,4.8357725889914,14.3171666666667,3.88674687219059,5.77924745904505,-0.0229404761904762,14.0284285714286,1.89458333333333,"Chinook","EIT",2016,234
"1275","SUL",290,290,0,0,0,0,0,3.24402168623135,3.25468508729994,10.5929750174926,12.5090833333333,-0.0474166666666667,0.164072916666667,2.63316666666667,4.83002083333333,9.89025833333334,"2016-08-18",231,"2017-01-12",12,0,125,943.237830673759,0,79,"",0,0,0,1.60695833333333,-0.0522083333333333,3.13143874818057,12.456875,2.55315170187793,3.68326847655079,-0.0497261904761905,12.129130952381,1.18652083333333,"Chinook","EIT",2016,NA
"1276","VAL",290,290,0,0,0,0,0,4.42023387441917,4.31891308245384,18.6530102137909,15.649625,0.202139583333333,0.412333333333333,3.15891666666667,7.33772916666667,12.7606208333333,"2016-08-19",232,"2016-12-18",353,13,116,1281.86782358156,17.901375,76,"2016-08-21",7,2,1,2.61108333333333,0.0833333333333333,4.23462559443541,15.7329583333333,3.36327494131455,5.10819594071521,0.167880952380952,15.158875,1.63120833333333,"Chinook","EIT",2016,234
"1277","WFC",290,290,0,0,0,0,0,3.02873159070465,3.48983058630591,12.1789175211162,13.8255,-0.0589229166666667,-0.0421875,2.16847916666667,4.76930208333333,10.2875416666667,"2016-08-18",231,"2016-12-07",342,5,139,882.813952971014,2.03145833333333,68,"",5,5,1,1.923125,-0.0687083333333333,2.87637751716823,13.7567916666667,2.18601758011839,3.56907210757297,-0.0622380952380952,13.1054345238095,1.15483333333333,"Chinook","EIT",2016,NA
"1278","BIU",290,290,0,0,0,0,0,3.66802910244878,2.89265514019414,8.36745376009158,10.656,0.634739583333333,1.52504166666667,2.53825,4.9943125,10.4201166666667,"2017-08-29",241,"2017-12-24",358,0,110,1063.72843971015,0,80,"",0,0,0,1.34679166666667,0.208666666666667,3.57181886886537,10.8646666666667,2.95410988849765,4.13759110915493,0.505029761904762,10.6925892857143,1.07391666666667,"Chinook","EIT",2017,NA
"1279","BVC",290,290,0,0,0,0,0,3.31496237481259,4.39617925596458,19.3263920505733,14.4675833333333,0.0301625,0.0680520833333333,0.671395833333333,5.00602083333333,13.2629416666667,"2017-08-18",230,"2017-12-31",365,18,162,961.339088695652,10.6293333333333,51,"2017-08-21",8,2,3,1.9865,0.0207083333333333,3.11991804788878,14.4882916666667,2.50182431338028,3.74186188507859,0.0296845238095238,13.9498511904762,0.884875000000001,"Chinook","EIT",2017,233
"1280","CHA",290,290,0,0,0,0,0,3.3841984057971,3.91000233579156,15.2881182658955,13.9637083333333,0.011625,0.0225416666666667,2.13239583333333,5.23488541666667,12.4577020833333,"2017-09-13",256,"2018-01-01",1,10,142,981.417537681159,3.21208333333333,62,"",5,2,1,1.77841666666667,0.00954166666666667,3.22665166688537,13.97325,2.48272337211676,3.98491495075526,0.0116011904761905,12.7866607142857,1.60541666666667,"Chinook","EIT",2017,NA
"1281","CHC",290,290,0,0,0,0,0,2.63681011844078,2.92847485742304,8.5759649905589,10.575625,-0.0427145833333333,0.0394895833333333,1.820125,3.99278125,9.43543541666667,"2017-08-29",241,"2017-12-09",343,0,151,766.510976014493,0,72,"",0,0,0,1.693,-0.0484583333333333,2.52994225709328,10.5271666666667,1.84741880052051,3.20232765615432,-0.0454880952380952,9.71792261904762,1.380375,"Chinook","EIT",2017,NA
"1282","LAK",290,290,0,0,0,0,0,2.53739937231384,3.62535523892023,13.1432006083664,12.784875,0.0243770833333333,0.0336770833333333,0.718541666666667,3.46883333333333,11.709,"2017-08-29",241,"2018-01-23",23,0,178,735.845817971015,0,36,"",0,0,0,1.70679166666667,0.0220833333333333,2.39758030305019,12.8069583333333,1.86598025107165,2.95887241656461,0.0234107142857143,12.0871666666667,0.993958333333333,"Chinook","EIT",2017,NA
"1283","LOO",290,290,0,0,0,0,0,3.69591173213393,3.43263603706821,11.7829901629793,12.2295833333333,-0.0711458333333333,0.551895833333333,3.2185625,5.72572916666667,11.1738833333333,"2017-08-29",241,"2017-12-10",344,0,115,1075.37173565217,0,87,"",0,0,0,1.7115,-0.0785416666666667,3.58564096222261,12.1510416666667,2.79862000586854,4.39888306924883,-0.0766369047619048,11.5100535714286,1.54122916666667,"Chinook","EIT",2017,NA
"1284","MAR",290,290,0,0,0,0,0,3.41607313143428,3.34808109969281,11.2096470501202,12.070875,-0.0396708333333333,0.904666666666667,2.14779166666667,5.19666666666667,10.844175,"2017-08-29",241,"2017-12-11",345,0,133,991.469208115942,0,60,"",0,0,0,1.538125,-0.0460833333333333,3.28339983575365,12.0247916666667,2.45774502934272,4.10527207083078,-0.044202380952381,11.0549761904762,1.50704166666667,"Chinook","EIT",2017,NA
"1285","SEC",290,290,0,0,0,0,0,2.90206612468766,4.23028101837606,17.8952774944328,14.472875,-0.0372166666666667,-0.0345208333333333,0.210770833333333,4.644625,13.4925958333333,"2017-08-29",241,"2017-11-19",323,20,170,846.13775,14.4821666666667,50,"2017-08-30",12,3,3,1.81854166666667,-0.0423333333333333,2.74400068315691,14.4305416666667,2.19578521764646,3.28205692488263,-0.037625,13.9197083333333,0.906499999999999,"Chinook","EIT",2017,242
"1286","SFS",290,290,0,0,0,0,0,3.91977145052474,4.2104661999162,17.7280256206367,15.1177916666667,-0.0337833333333333,0.64765625,2.5488125,5.49823958333333,14.0560395833333,"2017-08-29",241,"2017-12-15",349,29,124,1137.76826231884,30.3553333333333,71,"2017-08-21",22,14,2,1.61125,-0.036875,3.76722122463039,15.0809166666667,2.96608348004695,4.54338214431517,-0.0358690476190476,14.6625535714286,1.56770833333333,"Chinook","EIT",2017,233
"1287","STH",290,290,0,0,0,0,0,4.92181001849076,3.70973187492158,13.7621105838092,13.5175,0.266854166666667,1.74876041666667,4.20085416666667,7.2150625,12.7746625,"2017-08-29",241,"2017-12-24",358,7,79,1427.36298869565,1.34045833333334,121,"",4,2,1,2.25466666666667,-0.0380833333333333,4.7909960827647,13.4794166666667,3.74688046361502,5.7858515258216,0.187416666666667,13.0779226190476,2.02033333333333,"Chinook","EIT",2017,NA
"1288","SUL",290,290,0,0,0,0,0,3.26007446601699,3.18940822208032,10.1723248070736,11.1847916666667,-0.0436729166666667,0.871729166666667,2.30085416666667,4.4195,10.61856875,"2017-08-18",230,"2017-12-05",339,0,131,946.757511811594,0,58,"",0,0,0,1.467875,-0.0583333333333333,3.13192171747879,11.1264583333333,2.43122802816901,3.81990509542764,-0.0485238095238095,10.7687083333333,1.38220833333333,"Chinook","EIT",2017,NA
"1289","VAL",290,290,0,0,0,0,0,4.32437314592704,4.2265161703702,17.8634389384008,14.8352916666667,0.2529625,0.667041666666667,2.94864583333333,6.49630208333333,13.78740625,"2017-08-29",241,"2017-12-24",358,26,115,1254.06821231884,21.1327916666667,86,"2017-08-21",12,8,3,1.824625,0.0632083333333333,4.16352166477124,14.8985,3.29801684272301,5.02029636150235,0.177178571428571,14.2698630952381,1.74704166666667,"Chinook","EIT",2017,233
"1290","WFC",290,290,0,0,0,0,0,2.98749758995502,3.69993554130787,13.6895230098331,12.9765,-0.0581291666666667,0.0109270833333333,1.46989583333333,4.55748958333333,11.51426875,"2017-09-13",256,"2017-11-05",309,0,156,869.470217753623,0,49,"",0,0,0,1.74958333333333,-0.0733333333333333,2.83175294648325,12.9031666666667,2.22778562589304,3.4602617370892,-0.0615357142857143,11.8422261904762,1.10929166666667,"Chinook","EIT",2017,NA
"1291","BIU",290,290,0,0,0,0,0,3.4514283878061,3.07644015469934,9.46448402544653,11.18875,0.211983333333333,0.912052083333333,2.35835416666667,5.191,10.0139583333333,"2018-08-18",230,"2019-01-01",1,0,130,1000.91423246377,0,93,"",0,0,0,0.980875,0.042875,3.34884945200187,11.231625,2.75464964788732,3.94434219764238,0.196202380952381,10.9046607142857,1.07433333333333,"Chinook","EIT",2018,NA
"1292","BVC",290,290,0,0,0,0,0,3.22292003848076,4.26662789580984,18.2041136013027,15.64675,0.03543125,0.0459375,0.324395833333333,5.5349375,12.69845625,"2018-08-16",228,"2018-11-25",329,10,164,934.64681115942,12.915,69,"2018-08-21",7,2,1,1.65083333333333,0.0266666666666667,3.03999778409588,15.6734166666667,2.56762720070423,3.53298893600735,0.0341488095238095,14.7801071428571,0.341375,"Chinook","EIT",2018,233
"1293","CAM",290,290,0,0,0,0,0,3.55561597776112,3.97793213925429,15.8239441045122,13.7670416666667,-0.0146479166666667,0.031,2.09689583333333,6.65221875,11.5321479166667,"2018-08-18",230,"2018-12-07",341,3,145,1031.62275855072,1.37241666666667,90,"",2,1,0,2.307625,-0.032875,3.4070654434214,13.7341666666667,2.79448723591549,4.03441927383139,-0.0241071428571429,13.0873452380952,0.995625,"Chinook","EIT",2018,NA
"1294","CHA",290,290,0,0,0,0,0,3.34067646026987,3.92989556142339,15.4440791236953,14.5405,0.06789375,0.0835416666666667,1.9381875,5.55753125,12.1170541666667,"2018-08-18",230,"2018-12-04",338,6,146,968.796173478261,6.9315,76,"",5,3,1,1.439375,0.0648333333333333,3.18540218696235,14.6053333333333,2.59910944835681,3.78188589201878,0.0668392857142857,13.889619047619,0.9875,"Chinook","EIT",2018,NA
"1295","CHC",290,290,0,0,0,0,0,2.4710572033983,2.95119657654864,8.70956123343243,11.1295,-0.0445708333333333,-0.0297395833333333,1.65247916666667,3.92542708333333,8.71703541666667,"2018-08-19",231,"2018-11-21",325,0,153,721.443018333333,0,66,"",0,0,0,2.00558333333333,-0.366416666666667,2.35979916896305,10.7630833333333,1.89668926056338,2.82356600913452,-0.144470238095238,10.187630952381,0.803166666666667,"Chinook","EIT",2018,NA
"1296","HER",290,290,0,0,0,0,0,4.21094922384262,3.90207602672639,15.2261973183528,13.105,-0.26711875,0.179864583333333,4.01425,7.46559375,10.91655,"2018-08-19",231,"2019-02-08",39,0,121,1234.41068779315,0,119,"",0,0,0,2.1035,-0.666791666666667,4.0874832156609,12.4382083333333,3.15423468843363,5.13532211267606,-0.305440476190476,11.9001845238095,1.963125,"Chinook","EIT",2018,NA
"1297","LAK",290,290,0,0,0,0,0,2.45348177811094,3.39143292311759,11.5018172720059,13.0776666666667,0.027875,0.03284375,0.38775,3.76517708333333,10.2938104166667,"2018-08-17",229,"2019-03-14",73,1,177,711.509715652174,0.103833333333332,50,"",1,1,0,1.387,0.0261666666666667,2.31123573167264,13.1038333333333,1.84485284624413,2.78986035440906,0.0272243788819876,12.184369047619,0.407041666666667,"Chinook","EIT",2018,NA
"1298","LOO",290,290,0,0,0,0,0,3.39809054822589,3.63982756511592,13.2483447037777,12.440625,-0.0802354166666667,-0.07653125,2.830375,5.9620625,10.5313145833333,"2018-08-18",230,"2018-12-23",357,0,135,993.460217318841,0,104,"",0,0,0,1.57795833333333,-0.0945,3.27425701101537,12.346125,2.73657012910798,3.85365004924474,-0.0857142857142857,11.8158214285714,1.1251875,"Chinook","EIT",2018,NA
"1299","MAR",290,290,0,0,0,0,0,3.26300539430285,3.15648311052724,9.96338562704372,12.1359583333333,-0.040425,0.621927083333333,2.40539583333333,5.1844375,9.77013541666667,"2018-08-19",231,"2018-12-13",347,0,127,947.834064347826,0,84,"",0,0,0,2.08383333333333,-0.0431666666666667,3.12915081762313,12.0927916666667,2.43814774061033,3.91750163630333,-0.0415357142857143,11.4639523809524,1.35720833333333,"Chinook","EIT",2018,NA
"1300","SEC",290,290,0,0,0,0,0,2.7981621944028,3.96375798885345,15.7113773941995,15.3665,-0.03686875,-0.0329895833333333,-0.0268541666666667,4.65248958333333,12.0132333333333,"2018-08-18",230,"2018-11-14",318,7,166,817.11854,7.342625,61,"",5,3,1,1.21970833333333,-0.299916666666667,2.63769632610883,15.0665833333333,2.13322960680751,3.16483332746479,-0.153488095238095,13.9410773809524,0.263208333333333,"Chinook","EIT",2018,NA
"1301","SFS",290,290,0,0,0,0,0,3.73554255347326,4.16504435450004,17.3475944749526,15.9052916666667,-0.0262770833333333,0.335822916666667,2.79072916666667,5.665125,13.0946458333333,"2018-08-18",230,"2018-12-05",339,15,137,1084.16350717391,19.994875,88,"2018-08-21",11,3,2,1.65216666666667,-0.0316666666666667,3.58029770718514,15.873625,2.87569351525822,4.33311032812819,-0.0284166666666667,15.0974464285714,1.00335416666667,"Chinook","EIT",2018,233
"1302","STH",290,290,0,0,0,0,0,4.80220785532234,3.79199499231303,14.3792260217271,13.649125,0.0835104166666667,1.28517708333333,4.7888125,7.569375,11.8548895833333,"2018-08-19",231,"2018-12-06",340,4,101,1392.91615304348,1.275625,121,"",2,2,0,1.96225,-0.0407083333333333,4.66749454458636,13.6084166666667,3.72959947183099,5.66545752934272,0.0578214285714286,13.0027976190476,1.94033333333333,"Chinook","EIT",2018,NA
"1303","SUL",290,290,0,0,0,0,0,3.00314174837581,3.26190582394583,10.6400296042917,12.200875,-0.0228229166666667,0.0646041666666667,2.32045833333333,4.65276041666667,9.97979166666667,"2018-08-16",228,"2019-02-13",44,0,140,871.742357028986,0,76,"",0,0,0,1.40725,-0.0297083333333333,2.88092555291896,12.1711666666667,2.3431201584507,3.46641666079812,-0.0240119047619048,11.6332619047619,1.04941666666667,"Chinook","EIT",2018,NA
"1304","VAL",290,290,0,0,0,0,0,4.1780265912044,4.10951997887459,16.8881544567694,15.1564166666667,0.39508125,0.613010416666667,3.411375,6.87297916666667,12.3981875,"2018-08-19",231,"2018-12-06",340,9,136,1211.62771144928,10.43475,94,"2018-08-21",7,4,1,3.00116666666667,0.139583333333333,4.01443214544513,15.296,3.31790272887324,4.71648690064299,0.297482142857143,14.4521130952381,0.925604166666667,"Chinook","EIT",2018,233
"1305","WFC",290,290,0,0,0,0,0,2.89976175387306,3.56609916764547,12.7170632734817,13.45125,-0.05350625,0.00935416666666667,1.42764583333333,5.16022916666667,10.8341291666667,"2018-08-18",230,"2018-12-04",338,3,156,843.276616956522,0.404500000000001,70,"",3,3,1,1.46004166666667,-0.0618333333333333,2.74799439656052,13.3894166666667,2.18812191901408,3.33056344483568,-0.0473452380952381,12.6003571428571,0.865708333333334,"Chinook","EIT",2018,NA
"1306","BIU",291,291,0,0,0,0,0,3.55155986327411,2.92098504751282,8.53215364779347,11.0672083333333,0.486208333333333,1.41860416666667,2.60441666666667,4.50133333333333,10.3454791666667,"2019-08-21",233,"2019-12-17",351,0,114,1033.50392021277,0,65,"",0,0,0,1.469375,0.00541666666666667,3.45733689631881,11.072625,2.82000540935673,4.11939576023392,0.424660714285714,10.8174464285714,1.20941666666667,"Chinook","EIT",2019,NA
"1307","BVC",291,291,0,0,0,0,0,3.343490267433,4.61906048059988,21.3357197234396,15.77125,0.0385416666666667,0.0606041666666667,0.522958333333333,5.0048125,14.5223958333333,"2019-08-22",234,"2019-12-15",349,24,165,972.955667823003,38.9079166666667,49,"2019-08-21",24,24,1,1.53258333333333,0.0309166666666667,3.1410803925285,15.8021666666667,2.5614881451818,3.75788402388951,0.03875,15.1668095238095,0.791,"Chinook","EIT",2019,233
"1308","CAM",291,291,0,0,0,0,0,3.51610568838196,4.21795720130446,17.7911629520362,14.684,0.138270833333333,0.177916666666667,1.47116666666667,5.71960416666667,13.1415833333333,"2019-08-22",234,"2020-02-19",50,16,160,1023.18675531915,11.1353333333333,67,"2019-08-21",11,2,2,1.56008333333333,0.0897083333333333,3.35719112142057,14.7737083333333,2.81100922919,3.94547779644146,0.131029761904762,13.9765297619048,0.924333333333333,"Chinook","EIT",2019,233
"1309","CHA",291,291,0,0,0,0,0,3.3428665825839,4.16745240895431,17.3676595808991,14.5881666666667,0.0704166666666667,0.083125,1.95458333333333,4.54479166666667,13.6934375,"2019-08-20",232,"2020-02-11",42,21,147,972.774175531915,21.6320833333333,55,"2019-08-21",11,10,2,1.595,0.0691666666666667,3.18742933352886,14.6573333333333,2.51561578947368,3.91186111111111,0.0705952380952381,14.3251369047619,1.3375,"Chinook","EIT",2019,233
"1310","CHC",291,291,0,0,0,0,0,2.58837768089981,3.16065594793985,9.98974602124755,11.3494583333333,-0.0171666666666667,0.0357916666666667,1.3855,3.88295833333333,9.9499375,"2019-08-22",234,"2019-11-23",327,0,159,753.814280141844,0,56,"",0,0,0,1.82295833333333,-0.0444166666666667,2.46483206064807,11.3050416666667,1.87135657894737,3.07874221102401,-0.0188809523809524,10.5673928571429,1.14641666666667,"Chinook","EIT",2019,NA
"1311","HER",291,291,0,0,0,0,0,4.36046060530998,4.19309206641405,17.5820210774245,13.9545757575758,-0.112208333333333,0.2975,3.43458333333333,7.383125,12.3855625,"2019-08-22",234,"2019-10-30",303,4,117,1276.48040151515,0.489083333333332,92,"",2,1,0,2.56466666666667,-0.652409090909091,4.20391604161225,13.3021666666667,3.19661383112886,5.25015131578947,-0.18180947905478,12.923869047619,1.92445833333333,"Chinook","EIT",2019,NA
"1312","LAK",291,291,0,0,0,0,0,2.34707288391704,3.64258694516041,13.268439653053,13.0456666666667,0.0294583333333333,0.0354375,0.35425,2.88233333333333,11.847125,"2019-08-21",233,"2020-01-10",10,2,198,682.998209219858,0.105625,29,"",2,2,0,1.16645833333333,0.0285416666666667,2.2103635369452,13.0742083333333,1.77890467836257,2.70058144208038,0.0292619047619048,12.485619047619,0.586916666666667,"Chinook","EIT",2019,NA
"1313","MAR",291,291,0,0,0,0,0,3.43367328361483,3.38720160574499,11.4731347179615,12.4665416666667,-0.036875,0.874270833333333,2.521875,4.50310416666667,11.2008958333333,"2019-08-22",234,"2019-12-01",335,0,129,1000.28071719858,0,67,"",0,0,0,2.28516666666667,-0.03875,3.28913708206687,12.4277916666667,2.44987251461988,4.19934619883041,-0.0375714285714286,11.8653869047619,1.55925,"Chinook","EIT",2019,NA
"1314","SFS",291,291,0,0,0,0,0,3.84374286819722,4.38514296052581,19.229478784249,16.284125,-0.0200833333333333,0.434729166666667,2.56620833333333,4.92125,14.6125416666667,"2019-08-22",234,"2019-10-30",303,24,131,1119.08979964539,44.5179166666667,73,"2019-08-21",24,24,1,1.720625,-0.025375,3.68579081746921,16.25875,2.88536684086102,4.55044298245614,-0.0209642857142857,15.3993571428571,1.45479166666667,"Chinook","EIT",2019,233
"1315","STH",291,291,0,0,0,0,0,4.95397696193034,3.95144548055437,15.6139213857935,14.8836209150327,0.1233125,1.67125,4.18633333333333,7.644375,13.0096166666667,"2019-10-11",284,"2019-10-19",292,16,91,1441.78947239232,9.65005277777778,112,"2019-08-21",11,1,1,11.801358974359,-0.0761764705882353,4.78836085452904,14.8074444444444,3.2288043036798,6.40006766599491,0.196589285714286,13.7368273809524,2.25533333333333,"Chinook","EIT",2019,233
"1316","VAL",291,291,0,0,0,0,0,4.43234543089371,4.45554637803857,19.8518935268526,15.3026666666667,0.435479166666667,0.655833333333333,3.1905,6.5451875,14.4077916666667,"2019-08-22",234,"2019-12-17",351,24,125,1289.81252039007,38.1225,79,"2019-08-21",24,24,1,1.98054166666667,0.094875,4.24698584848646,15.3975416666667,3.44678961988304,5.05178647505288,0.370166666666667,15.036505952381,1.35808333333333,"Chinook","EIT",2019,233
"1317","WFC",291,291,0,0,0,0,0,2.85513933062806,3.740133713604,13.9886001956372,13.094125,-0.0485208333333333,0.0502291666666667,1.37833333333333,4.01629166666667,12.0355625,"2019-09-01",244,"2020-01-10",10,1,170,832.964920212766,0.0362500000000008,49,"",1,1,0,1.36466666666667,-0.057875,2.69996248111413,13.03625,2.09116461988304,3.36586447368421,-0.0463988095238095,12.5735833333333,1.02170833333333,"Chinook","EIT",2019,NA
"1318","BIU",290,290,0,0,0,0,0,3.63284697053069,2.95124254932023,8.70983258491815,11.666875,0.446097916666667,1.31552083333333,2.6405625,5.39409375,10.0231375,"2020-08-18",231,"2020-12-29",364,0,118,1053.53378812057,0,83,"",0,0,0,1.47329166666667,-0.00816666666666667,3.53241112098121,11.6587083333333,2.83812221244131,4.19524191826491,0.50425,10.8979880952381,1.24366666666667,"Chinook","EIT",2020,NA
"1319","BVC",290,290,0,0,0,0,0,3.67359625519687,4.60901820440061,21.2430488084962,17.0920416666667,0.0477854166666667,0.0592604166666667,0.6235625,6.86807291666667,13.8528854166667,"2020-08-18",231,"2020-11-13",318,20,154,1065.34291400709,31.68075,69,"2020-08-21",9,6,3,1.85695833333333,0.03375,3.4806607258801,17.1257916666667,2.82126393779343,4.11342267256018,0.0486130952380952,15.623,0.867270833333333,"Chinook","EIT",2020,234
"1320","CAM",290,290,0,0,0,0,0,3.66236538273416,4.22551999437991,17.8550192229044,15.3575,0.0206270833333333,0.049,1.38597916666667,7.12246875,12.33521875,"2020-08-18",231,"2020-12-04",339,8,151,1062.08596099291,7.41125,91,"",5,4,2,2.08320833333333,0.00816666666666667,3.50166043022318,15.3656666666667,2.79422286734592,4.19564759389671,0.0182380952380952,13.7914166666667,1.2021875,"Chinook","EIT",2020,NA
"1321","CHA",290,290,0,0,0,0,0,3.48389899730986,4.0931845916208,16.754160101082,16.2979166666667,0.0733333333333333,0.0908333333333333,1.89833333333333,5.7296875,12.8330833333333,"2020-08-18",231,"2020-11-14",319,11,150,1010.33070921986,14.3279166666667,69,"2020-08-21",9,5,1,1.80625,0.07125,3.32131516492572,16.3691666666667,2.6079983892718,4.0275176056338,0.072202380952381,14.8580357142857,1.333125,"Chinook","EIT",2020,234
"1322","CHC",290,290,0,0,0,0,0,2.80465623012962,3.10972695976129,9.6704017642662,11.998125,-0.0307770833333333,-0.01790625,1.8534375,4.93657291666667,9.317275,"2020-08-18",231,"2020-11-12",317,0,147,815.469681737589,0,89,"",0,0,0,1.85525,-0.0399583333333333,2.68099443603108,11.9581666666667,2.07732898499151,3.238498092723,-0.0303214285714286,10.5125892857143,0.981166666666667,"Chinook","EIT",2020,NA
"1323","HER",290,290,0,0,0,0,0,4.67011308277679,4.51031196575802,20.3429140284599,15.8529094202899,-0.142291666666667,0.242364583333333,3.75233333333333,8.71114583333333,12.91311875,"2020-08-18",231,"2021-02-27",58,13,122,1361.03373650637,8.90933333333333,94,"",6,4,3,2.8915,-0.557826086956522,4.50346127584015,15.2950833333333,3.41843569981041,5.57568764671362,-0.183247294372294,13.979494047619,1.85704166666667,"Chinook","EIT",2020,NA
"1324","LAK",290,290,0,0,0,0,0,2.65880643189044,3.61443674703015,13.0641529982819,14.3026666666667,0.0341854166666667,0.0403958333333333,0.4393125,4.44753125,10.95950625,"2020-08-18",231,"2021-02-10",41,3,175,771.053865248227,2.4555,59,"",3,3,1,2.03320833333333,0.0304166666666667,2.51404039574325,14.3330833333333,1.99548734829188,3.04128004195385,0.0328690476190476,12.994869047619,0.708958333333333,"Chinook","EIT",2020,NA
"1325","MAR",290,290,0,0,0,0,0,3.60766804496688,3.38679040966603,11.4703492790058,13.5558333333333,-0.03408125,0.770927083333333,2.74602083333333,6.21102083333333,10.60625625,"2020-08-18",231,"2021-01-11",11,1,123,1047.68598304039,0.519583333333333,85,"",1,1,0,1.95529166666667,-0.03625,3.46134073505169,13.5195833333333,2.55158277606589,4.35534643549704,-0.0339880952380952,12.0218571428571,1.73675,"Chinook","EIT",2020,NA
"1326","SFS",290,290,0,0,0,0,0,3.98859241868428,4.45773780607131,19.8714263476774,17.9665,-0.0150833333333333,0.319072916666667,2.407,6.39196875,14.0370854166667,"2020-08-18",231,"2020-12-25",360,20,134,1157.43617641844,35.943125,79,"2020-08-21",9,6,3,2.315875,-0.0172083333333333,3.82250938209042,17.9492916666667,2.99146878433723,4.6353173415493,-0.0159761904761905,15.8276964285714,1.28304166666667,"Chinook","EIT",2020,234
"1327","STH",290,258,0,0,0,0,0,5.0088862128807,4.16598963076838,17.3554696036697,15.8617916666667,0.140697916666667,1.54184918478261,4.27645833333333,7.57038541666667,13.3525229166667,"2020-08-18",231,"2020-12-29",364,18,81,1292.34839292322,14.6564583333333,92,"2020-08-21",8,5,3,2.11441666666667,-0.0286666666666667,4.87182707414732,15.833125,3.78941471771924,5.95421909506556,0.277464285714286,14.3619880952381,2.09677083333333,"Chinook","EIT",2020,234
"1328","VAL",290,290,0,0,0,0,0,4.85045386402543,4.50872646735124,20.3286143573936,17.442375,0.5704,0.793208333333333,3.539875,8.583125,14.230525,"2020-08-18",231,"2021-01-26",26,21,119,1406.63162056738,39.031875,84,"2020-08-21",16,10,2,2.20066666666667,0.191333333333333,4.66332034405012,17.6337083333333,3.78291283650484,5.47193764671362,0.520196428571429,15.9902142857143,1.45783333333333,"Chinook","EIT",2020,234
"1329","WFC",290,290,0,0,0,0,0,2.99027781548056,3.61999218005112,13.1043433836313,14.4395833333333,-0.0442354166666667,0.0591979166666667,1.47960416666667,5.18547916666667,11.1374604166667,"2020-08-18",231,"2020-12-23",358,4,165,868.821858156028,2.27566666666667,67,"",4,4,1,1.79541666666667,-0.05475,2.84743821617649,14.3848333333333,2.20435938904705,3.51873708920188,-0.0383392857142857,13.05975,1.0679375,"Chinook","EIT",2020,NA
"1330","BIU",290,290,0,0,0,0,0,3.96550504096356,2.98331874454293,8.90019073154119,11.6268333333333,0.41948125,1.5668125,3.37208333333333,5.35220833333333,10.2217708333333,"2021-08-15",227,"2022-01-01",1,0,96,1149.99646187943,0,98,"",0,0,0,1.52579166666667,0.0055,3.88649345229176,11.6323333333333,3.17187913295375,4.66428198356808,0.332869047619048,10.7587916666667,1.2833125,"Chinook","EIT",2021,NA
"1331","CAM",290,290,0,0,0,0,0,3.78125121667889,4.03632416916644,16.2919127985971,15.506625,0.05126875,0.0872604166666667,3.08345833333333,6.07736458333333,12.0448541666667,"2021-08-15",227,"2022-01-01",1,5,134,1096.56285283688,6.553625,91,"",4,2,1,2.02375,0.031,3.64246395616607,15.537625,2.85782797360404,4.527778824543,0.0416130952380952,13.797994047619,1.53027083333333,"Chinook","EIT",2021,NA
"1332","CHA",290,290,0,0,0,0,0,3.59842312063323,3.92440739110916,15.4009733713922,15.3618333333333,-0.00325,0.01775,2.76479166666667,5.328125,12.1479125,"2021-08-15",227,"2022-01-01",1,3,130,1043.67478831697,4.78272983870968,82,"",3,3,1,2.55841666666667,-0.01225,3.47823608016025,15.3495833333333,2.68077893447642,4.37666848381665,-0.00386904761904762,12.8895625960061,1.54375,"Chinook","EIT",2021,NA
"1333","HER",290,290,0,0,0,0,0,4.89622550951887,4.34139823321264,18.8477386193418,16.4073532608696,-0.132783423913043,0.699916666666667,4.76235416666667,7.59845833333333,12.9250770833333,"2021-08-15",227,"2022-02-23",54,14,102,1425.86908570774,12.7543333333333,111,"",5,3,3,2.87795833333333,-0.612478260869565,4.76832337407275,15.794875,3.52973243224385,6.02679621478873,-0.197287133347202,13.8450476190476,2.14770833333333,"Chinook","EIT",2021,NA
"1334","LAK",290,290,0,0,0,0,0,2.64098302617308,3.51535048229165,12.3576890133481,14.6471666666667,0.0365791666666667,0.05115625,0.925916666666667,3.53707291666667,10.5489979166667,"2021-08-16",228,"2022-01-22",22,2,175,765.885077590194,2.5915,44,"",2,2,0,1.48720833333333,0.034625,2.53037196166903,14.6817916666667,1.9298074160543,3.21415760123104,0.0354583333333333,11.7108333333333,1.21504166666667,"Chinook","EIT",2021,NA
"1335","LOO",290,290,0,0,0,0,0,3.8079814563463,3.7448709280779,14.0240582679631,14.3824583333333,-0.04625,-0.0305,3.45695833333333,5.99042708333333,11.4380125,"2021-08-15",227,"2021-12-10",344,3,120,1107.61337234043,2.965375,110,"",3,3,1,2.074125,-0.053,3.69107330552464,14.3294583333333,2.87799090375587,4.59098457634103,-0.0488214285714286,12.787625,1.677875,"Chinook","EIT",2021,NA
"1336","MAR",290,290,0,0,0,0,0,3.5205558908046,3.07147268874527,9.43394447770811,12.2837916666667,-0.03024375,0.811947916666667,3.18027083333333,4.98609375,9.7712375,"2021-08-15",227,"2022-01-09",9,0,112,1021.941375,0,101,"",0,0,0,2.512,-0.0328333333333333,3.41293576039571,12.2509583333333,2.49184096244131,4.37553227699531,-0.0317440476190476,10.8380297619048,1.89075,"Chinook","EIT",2021,NA
"1337","VAL",290,290,0,0,0,0,0,4.88298614575691,4.14013538765039,17.140721028075,16.3493333333333,0.559497916666667,0.967125,4.07960416666667,7.19183333333333,13.2260458333333,"2021-08-16",228,"2022-01-01",1,17,104,1416.0659822695,18.61275,108,"",5,4,4,2.336375,0.320916666666667,4.73909863391341,16.67025,3.78461223591549,5.69816302067726,0.514910714285714,14.7805892857143,1.95804166666667,"Chinook","EIT",2021,NA
"1338","WFC",290,290,0,0,0,0,0,2.9992519999474,3.46926292333309,12.0357852312137,14.111,-0.0425020833333333,0.00096875,2.04110416666667,4.42533333333333,10.5994020833333,"2021-08-16",228,"2021-12-15",349,2,143,871.97986259344,1.12500657894737,63,"",2,2,0,1.88720833333333,-0.048625,2.88088685215603,14.062375,2.2127745968565,3.62073243901817,-0.0423154761904762,11.6724652255639,1.39866666666667,"Chinook","EIT",2021,NA
"1339","BIU",290,290,0,0,0,0,0,3.72610107300073,3.4283564956715,11.7536282614129,12.4075,0.335779166666667,1.1500625,2.228375,5.21785416666667,11.4757166666667,"2022-08-19",231,"2022-12-22",356,0,137,1080.56931117021,0,74,"",0,0,0,1.069375,0.03975,3.61787519442899,12.44725,3.01829826877934,4.25994886562282,0.343184523809524,12.1448392857143,1.20410416666667,"Chinook","EIT",2022,NA
"1340","BVC",290,290,0,0,0,0,0,3.43285809595202,4.93225993550915,24.3271880714287,16.204625,0.01425,0.02775,0.1515625,6.32957291666667,14.8177333333333,"2022-08-21",233,"2022-11-27",331,25,177,995.550847826087,49.8034166666667,43,"2022-08-21",25,25,1,1.70420833333333,-0.0200416666666667,3.24553142678535,16.1845833333333,2.7800547241784,3.6991452975097,0.0124345238095238,15.7926428571429,0.143208333333333,"Chinook","EIT",2022,233
"1341","CAM",290,290,0,0,0,0,0,3.62590405967229,4.49374791712284,20.1937703426458,14.576625,0.0883083333333333,0.1301875,0.764666666666667,6.82070833333333,13.4354083333333,"2022-08-25",237,"2022-12-03",337,19,166,1051.51217730496,17.055375,75,"2022-08-21",13,2,2,2.29570833333333,0.07375,3.46775689108053,14.650375,2.9962051430926,3.98414645764659,0.0959821428571429,14.2464761904762,0.6965,"Chinook","EIT",2022,233
"1342","CHA",290,290,0,0,0,0,0,3.62645050512244,4.66454687534499,21.7579975522907,16.081375,0.01025,0.028375,1.18385416666667,6.42432291666667,14.6284291666667,"2022-08-21",233,"2022-11-09",313,23,162,1051.67064648551,40.889,74,"2022-08-21",19,11,2,1.83754166666667,0.00125,3.45142919201805,16.082625,2.92225836267606,3.990950806287,0.00896428571428572,15.7218035714286,0.908979166666667,"Chinook","EIT",2022,233
"1343","HER",290,290,0,0,0,0,0,4.38513325218435,4.43635732491571,19.6812663143333,14.2960833333333,-0.0106,0.0269479166666667,2.90672916666667,8.00573958333333,13.0341979166667,"2022-08-21",233,"2022-11-11",315,15,131,1273.1832264668,6.18545833333333,87,"",4,3,4,1.84258333333333,-0.347375,4.25163791177108,13.9487083333333,3.45199933311993,5.16388726775547,-0.0619107142857143,13.4411904761905,1.51391666666667,"Chinook","EIT",2022,NA
"1344","LAK",290,290,0,0,0,0,0,2.60467675776473,3.9817377144132,15.8542352263804,13.89225,0.04776875,0.05559375,0.1660625,4.15102083333333,12.2891604166667,"2022-08-19",231,"2023-03-18",77,9,197,755.356259751773,3.715,51,"2022-08-23",9,9,1,1.3575,0.0417916666666667,2.46280980965581,13.9340416666667,2.13213644366197,2.82996258802817,0.0459761904761905,13.4845714285714,0.243625,"Chinook","EIT",2022,235
"1345","LOO",290,290,0,0,0,0,0,3.50898824590364,4.08375984124617,16.6770944409749,12.986125,-0.01475,-0.00575,1.631375,6.09385416666667,12.23451875,"2022-08-19",231,"2023-01-02",2,0,152,1018.45734131206,0,83,"",0,0,0,1.63858333333333,-0.02825,3.378594469744,12.957875,2.93043738138048,3.85882573231945,-0.0157142857142857,12.6854821428571,0.760750000000001,"Chinook","EIT",2022,NA
"1346","SFS",290,290,0,0,0,0,0,3.87128329585207,4.83408640242559,23.3683913461159,17.393875,-0.07975,0.1053125,1.641125,5.88772916666667,14.9412,"2022-08-20",232,"2022-11-21",325,25,154,1126.58407246377,57.7147083333334,61,"2022-08-21",25,25,1,1.92870833333333,-0.09325,3.71335706266585,17.300625,3.10276789906103,4.42572487369871,-0.0865,16.5873035714286,1.05216666666667,"Chinook","EIT",2022,233
"1347","VAL",290,290,0,0,0,0,0,4.64869651935396,4.81306628441081,23.1656070581321,16.399,0.518852083333333,0.743822916666667,2.28177083333333,8.26047916666667,15.0441166666667,"2022-08-17",229,"2023-01-02",2,25,142,1348.12199061265,57.9770833333333,73,"2022-08-21",25,25,1,2.25441666666667,0.152333333333333,4.47141504072193,16.5513333333333,3.80161044867691,5.18726991361874,0.435488095238095,16.1239761904762,1.0778125,"Chinook","EIT",2022,233
"1348","WFC",290,290,0,0,0,0,0,3.06982303885557,4.14193764967573,17.1556474938013,14.2592083333333,-0.0322354166666667,0.00244791666666667,0.712125,5.73842708333333,12.8131854166667,"2022-08-21",233,"2023-01-02",2,13,173,891.754639601449,8.89908333333334,64,"2022-08-21",12,6,1,1.70595833333333,-0.0484166666666667,2.9085686924263,14.2107916666667,2.43753080985916,3.41934408488977,-0.0285178571428571,13.9130952380952,0.668041666666667,"Chinook","EIT",2022,233
"1349","BVC",291,291,0,0,0,0,0,3.85151489192689,4.72653379128798,22.3401216801871,17.590875,0.0581666666666667,0.0991875,1.641875,7.15647916666667,13.8577708333333,"2023-08-18",230,"2023-12-14",348,21,151,1120.79083355072,40.33225,68,"2023-08-21",16,3,2,2.18729166666667,0.05475,3.65552013443028,17.645625,3.01973581871345,4.30629293058734,0.0583095238095238,16.1724404761905,1.05645833333333,"Chinook","EIT",2023,233
"1350","CHA",291,291,1,0.00343642611683849,1,0.00343642611683849,0.00687285223367698,3.83354113543228,4.33163483000792,18.7630603005378,17.0883333333333,0.03276875,0.0968645833333333,2.28522916666667,6.60522916666667,13.6316229166667,"2023-08-15",227,"2023-12-24",358,16,135,1111.72692927536,28.060625,74,"2023-08-21",14,8,1,1.7705,0.0192916666666667,3.6599975414563,17.107625,2.88298462369692,4.46504835341978,0.030577380952381,15.254625,1.52491666666667,"Chinook","EIT",2023,233
"1351","CHC",291,291,0,0,0,0,0,2.98560242566861,3.17202782954077,10.0617605513811,12.191375,-0.0216041666666667,-0.00152083333333333,2.26179166666667,4.94808333333333,9.33210416666667,"2023-08-18",230,"2024-02-27",58,0,137,869.969722536232,0,82,"",0,0,0,1.73045833333333,-0.025375,2.86325598133014,12.166,2.25153381006865,3.52121064632596,-0.0224464285714286,10.9219404761905,1.29875,"Chinook","EIT",2023,NA
"1352","VAL",291,291,0,0,0,0,0,5.11998603267095,4.58503316178921,21.0225290947068,18.005125,0.604708333333333,1.10245833333333,3.69570833333333,8.36527083333333,14.3554583333333,"2023-08-18",230,"2024-01-13",13,27,106,1489.91593550725,57.5953333333333,94,"2023-08-21",26,13,1,2.22195833333333,0.193708333333333,4.9356966617631,18.1988333333333,4.06220462751081,5.83230296084414,0.451642857142857,16.5358333333333,1.741875,"Chinook","EIT",2023,233
"1353","WFC",291,291,1,0.00343642611683849,1,0.00343642611683849,0.00687285223367698,3.23986209295352,3.77477686720778,14.248940397207,14.8379166666667,-0.03035625,0.16734375,1.7670625,5.4729375,11.7798875,"2023-08-15",227,"2023-11-24",328,6,154,940.584298623188,5.590625,62,"",4,3,1,1.244875,-0.04225,3.08516970207524,14.7956666666667,2.45508265217391,3.76756570683956,-0.0282321428571429,13.2282261904762,1.13725,"Chinook","EIT",2023,NA
"1354","BVC",290,290,0,0,0,0,0,3.72658304747626,4.56274817345094,20.8186708943299,15.9334583333333,0.12551875,0.1503125,0.928958333333333,7.09447916666667,12.86845,"2024-08-18",231,"2024-12-10",345,13,162,1080.70908376812,10.0771666666667,56,"2024-08-21",8,3,2,1.97970833333333,0.112,3.52296902399907,16.0454583333333,2.97190843309859,4.10903211267606,0.121684523809524,14.2355178571429,0.758166666666667,"Chinook","EIT",2024,234
"1355","CHA",290,290,0,0,0,0,0,3.7904149127936,4.1953507020527,17.6009675132141,14.8794166666667,-0.07150625,-0.038,2.36095833333333,6.52225,12.0989083333333,"2024-08-18",231,"2025-01-24",24,7,135,1103.90528304348,5.32,78,"",6,3,1,1.90929166666667,-0.132583333333333,3.62392124730266,14.7468333333333,2.91486222315779,4.33945332746479,-0.078327380952381,13.6364642857143,1.44229166666667,"Chinook","EIT",2024,NA
"1356","MAR",290,290,0,0,0,0,0,3.50993395277361,3.31204168554157,10.969620126765,12.9550416666667,-0.192004166666667,0.769229166666667,2.48314416666667,6.36642708333333,9.604525,"2024-08-18",231,"2024-12-06",341,0,128,1026.58992963768,0,92,"",0,0,0,1.77979166666667,-0.201125,3.36245431294288,12.7539166666667,2.60277455858338,4.20795509389671,-0.192940476190476,11.1169880952381,1.590875,"Chinook","EIT",2024,NA
"1357","SFS",290,290,0,0,0,0,0,4.16762939555222,4.28335496281358,18.3471297374597,15.756875,0.042,0.520833333333333,2.860875,6.46689583333333,12.868575,"2024-08-18",231,"2024-11-30",335,14,129,1208.61252471015,9.96708333333333,75,"2024-08-22",8,2,2,1.77208333333333,0.0397916666666667,4.01537582057563,15.7966666666667,3.34076505179629,4.76753267018779,0.0423154761904762,14.1661011904762,1.23225,"Chinook","EIT",2024,235
"1358","VAL",290,290,0,0,0,0,0,4.90090450649675,4.40714899010329,19.4229622209684,16.7719166666667,0.5521,0.841666666666667,3.48985416666667,8.52580208333333,12.6385229166667,"2024-08-18",231,"2025-02-12",43,13,118,1421.26230688406,15.61,73,"",5,3,2,2.15183333333333,0.33575,4.71950024221416,17.1076666666667,3.92855539395795,5.54334395029598,0.44102380952381,14.6942142857143,1.49295833333333,"Chinook","EIT",2024,NA
"1359","WFC",290,290,0,0,0,0,0,3.07202589505247,3.72757288709322,13.8947996285925,13.1993333333333,-0.29265625,-0.22496875,1.63591666666667,5.40115625,10.3404145833333,"2024-08-18",231,"2024-12-10",345,0,156,913.508092898551,0,75,"",0,0,0,1.43233333333333,-0.308708333333333,2.91450625852944,12.890625,2.31133082006532,3.55826531103286,-0.288839285714286,11.9806369047619,1.16920833333333,"Chinook","EIT",2024,NA
"1360","CHA",290,2,0,0,0,0,0,14.602431547619,1.2259253370375,1.5028929319905,1.73372023809524,13.8222574404762,14.1690014880952,14.602431547619,15.0358616071429,15.3826056547619,"2025-08-15",227,"2025-08-16",228,2,0,29.2048630952381,3.2048630952381,0,"",2,2,0,-1.73372023809524,NA,NA,NA,NA,NA,NA,NA,NA,"Chinook","EIT",2025,NA
"1361","MAR",139,139,0,0,0,0,0,10.0869285753216,3.30282300683464,10.9086398144762,13.025,3.70955416666667,7.4370625,10.74975,12.8995833333333,14.2666708333333,"1994-07-23",204,"1994-04-22",112,0,10,1402.0830719697,0,79,"",0,0,0,2.95808333333333,2.55379166666667,10.2026933893175,15.5787916666667,8.80800814536341,11.462844924812,3.27102976190476,14.5466607142857,2.02895833333333,"Chinook","PRFT",1993,NA
"1362","STH",139,139,0,0,0,0,0,12.1670702038369,2.84759354804599,8.10878901487317,11.515175,7.14078333333333,10.0496875,12.89125,14.5579166666667,15.7175916666667,"1994-07-08",189,"1994-04-26",116,0,0,1691.22275833333,0,101,"",0,0,0,6.60688333333333,5.25795833333333,12.2532933404941,16.7731333333333,10.9807609649123,13.4527401002506,6.12582142857143,16.0406547619048,2.16266666666667,"Chinook","PRFT",1993,NA
"1363","VAL",139,139,0,0,0,0,0,12.83488168037,3.93854240355083,15.512116264568,15.2898712121212,5.5841625,9.86002083333333,13.7371666666667,16.1536875,18.0675041666667,"1994-07-23",204,"1994-04-26",116,4,0,1784.04855357143,0.755416666666669,64,"",3,2,1,2.82925,4.38708333333333,12.9891030701754,19.6769545454545,11.4170236752596,14.4569418717248,5.37456547619048,18.8617993197279,2.63333333333333,"Chinook","PRFT",1993,NA
"1364","MAR",139,139,0,0,0,0,0,8.00311972422062,3.32175869758885,11.0340808450072,11.3333333333333,3.0710625,4.72670833333333,8.39141666666667,11.0787291666667,12.353825,"1995-08-06",218,"1995-05-06",126,0,29,1112.43364166667,0,53,"",0,0,0,2.26645833333333,1.87879166666667,8.05452890261368,13.212125,6.91930670426065,9.09565820802005,3.06449404761905,12.4674880952381,2.004,"Chinook","PRFT",1994,NA
"1365","STH",139,139,0,0,0,0,0,10.5601028722477,2.94957392477734,8.69998633772638,10.46675,5.88063333333333,7.8058125,10.8414166666667,13.1954375,14.4191666666667,"1995-08-04",216,"1995-05-06",126,0,0,1467.85429924242,0,74,"",0,0,0,2.28745833333333,4.91225,10.6265579695993,15.379,9.48205639097744,11.598478611301,5.95438095238095,14.7150476190476,1.91283333333333,"Chinook","PRFT",1994,NA
"1366","VAL",139,139,0,0,0,0,0,10.532061579308,3.50831744922287,12.3082913245217,12.55825,4.56361666666667,7.63289583333333,11.074625,13.7370416666667,15.0221791666667,"1995-08-06",218,"1995-04-15",105,0,2,1463.95655952381,0,77,"",0,0,0,2.92508333333333,3.5955,10.6088070175439,16.15375,9.25997431077694,11.7541143483709,4.54902380952381,15.3096845238095,2.212625,"Chinook","PRFT",1994,NA
"1367","MAR",139,139,0,0,0,0,0,7.95938369304556,3.7556399900771,14.1048317350663,12.1975416666667,1.800725,3.94416666666667,8.74204166666667,11.2162916666667,12.7510333333333,"1996-08-14",227,"1996-04-18",109,0,36,1106.35433333333,0,61,"",0,0,0,2.33191666666667,1.1615,8.01834268707483,13.3590416666667,6.98760870927318,8.98316510025063,1.98069047619048,12.8272738095238,1.98241666666667,"Chinook","PRFT",1995,NA
"1368","STH",139,139,3,0.0215827338129496,3,0.0215827338129496,0.0431654676258993,10.5672591911765,3.46424562682195,12.000997762955,11.578875,5.10791666666667,7.16210416666667,11.1162083333333,13.6256458333333,14.8756354166667,"1996-07-27",209,"1996-04-18",109,0,1,1437.14725,0,80,"",0,0,0,1.9,3.783125,10.6933126238215,15.362,9.68351002506266,11.6432550125313,4.8758630952381,15.0067083333333,1.94583333333333,"Chinook","PRFT",1995,NA
"1369","VAL",139,139,25,0.179856115107914,25,0.179856115107914,0.359712230215827,9.3386717940685,3.76912531420644,14.2063056341918,12.9125416666667,3.197,5.78722916666667,9.86807142857143,12.4910208333333,14.5840125,"1996-07-28",210,"1996-04-18",109,0,11,1064.60858452381,0,56,"",0,0,0,1.94991666666667,2.22454166666667,9.54185856021502,15.1370833333333,NA,NA,3.325825,14.7615119047619,2.04604166666667,"Chinook","PRFT",1995,NA
"1370","MAR",139,139,11,0.079136690647482,11,0.079136690647482,0.158273381294964,7.91046994357639,3.68473909290861,13.5773021828089,12.343625,2.07067708333333,4.70263541666667,8.51477083333333,11.3903958333333,12.81595625,"1997-08-07",219,"1997-04-23",113,0,29,1012.54015277778,0,47,"",0,0,0,1.81695833333333,1.254,8.0636351515997,13.597625,NA,NA,2.05897023809524,12.7559821428571,2.07725,"Chinook","PRFT",1996,NA
"1371","SEC",139,21,0,0,0,0,0,12.2764742063492,0.739840548990047,0.547364037929894,2.60420833333333,11.3972083333333,11.659125,12.15825,12.6616666666667,13.550875,"1997-08-24",236,"1997-08-12",224,0,0,257.805958333333,0,21,"",0,0,0,1.09458333333333,10.9879583333333,12.4837373015873,13.5921666666667,11.6045916666667,13.3253638888889,11.8844642857143,13.0257857142857,1.79804166666667,"Chinook","PRFT",1996,NA
"1372","SFS",139,5,0,0,0,0,0,12.2874638888889,1.28400821704048,1.64867710142747,3.10077777777778,11.497075,11.641375,11.8739166666667,11.89925,14.0292722222222,"1997-08-27",239,"1997-08-29",241,0,0,61.4373194444444,0,5,"",0,0,0,0.412916666666666,NA,NA,NA,NA,NA,NA,NA,NA,"Chinook","PRFT",1996,NA
"1373","STH",139,139,11,0.079136690647482,11,0.079136690647482,0.158273381294964,10.394480334712,3.00053810726292,9.00322893313694,10.6165833333333,5.49419791666667,7.82563541666667,10.3995416666667,13.32340625,14.55478125,"1997-07-22",203,"1997-04-30",120,0,0,1330.49348284314,0,73,"",0,0,0,1.487375,4.68308333333333,10.5510987068981,15.2996666666667,NA,NA,5.53946428571429,14.6704285714286,1.83333333333333,"Chinook","PRFT",1996,NA
"1374","MAR",139,139,0,0,0,0,0,8.87959757194245,3.67217561055941,13.4848737147874,12.1104166666667,3.49727083333333,5.62554166666667,8.23541666666667,12.150125,14.2733666666667,"1998-08-05",217,"1998-04-24",114,0,13,1234.2640625,0,63,"",0,0,0,1.961,2.794625,8.94506845238095,14.9050416666667,7.82949514411028,9.94934555137845,3.55454166666667,14.0796547619048,1.93545833333333,"Chinook","PRFT",1997,NA
"1375","SEC",139,139,0,0,0,0,0,8.93458663069544,4.72298218863658,22.3065607541784,13.8849166666667,2.81032083333333,4.027375,7.737125,13.54125,15.5038666666667,"1998-08-07",219,"1998-04-15",105,0,35,1241.90754166667,0,63,"",0,0,0,1.941125,2.017,8.99665820802005,15.9019166666667,8.13003978696742,9.88119611528822,2.96275595238095,15.3471845238095,1.64170833333333,"Chinook","PRFT",1997,NA
"1376","STH",139,139,0,0,0,0,0,10.8301340927258,3.23709747956671,10.4788000922172,10.7419583333333,6.1656125,7.96554166666667,10.1307916666667,14.0209791666667,15.3894666666667,"1998-07-18",199,"1998-04-15",105,0,0,1505.38863888889,0,69,"",0,0,0,1.71416666666667,5.48970833333333,10.8964404911087,16.2316666666667,9.81780158730159,11.8281713659148,6.3451130952381,15.6846964285714,1.990625,"Chinook","PRFT",1997,NA
"1377","VAL",139,139,0,0,0,0,0,11.0583862962262,3.96786302822926,15.7439370107886,13.78225,5.24666666666667,7.68516666666667,10.1050416666667,14.6121458333333,16.7710625,"1998-08-05",217,"1998-04-24",114,0,0,1537.11569517544,0,51,"",0,0,0,1.82841666666667,4.07316666666667,11.1319617252718,17.8554166666667,9.87865017807677,12.1731788847118,5.24324404761905,16.8694821428571,2.20508333333333,"Chinook","PRFT",1997,NA
"1378","MAR",139,139,0,0,0,0,0,7.95271708088075,3.57940430298702,12.812135164242,11.1241666666667,2.517325,4.03345833333333,8.37604166666667,11.3827291666667,12.5664958333333,"1999-07-29",210,"1999-04-28",118,0,34,1105.42767424242,0,57,"",0,0,0,2.090625,1.97125,7.9676055438922,13.0954166666667,7.02080046707678,8.83763847117795,2.41683928571429,12.49375,1.69679166666667,"Chinook","PRFT",1998,NA
"1379","SEC",139,139,10,0.0719424460431655,10,0.0719424460431655,0.143884892086331,8.08115289906139,4.16518375748619,17.3487557336268,13.9370416666667,2.04614166666667,4.14566666666667,7.417625,12.0282083333333,13.9260666666667,"1999-07-29",210,"1999-04-28",118,0,29,1042.46872397892,0,52,"",0,0,0,1.928375,1.13425,7.85052080828933,15.0712916666667,NA,NA,2.15945833333333,14.0329107142857,1.82891666666667,"Chinook","PRFT",1998,NA
"1380","SFS",139,139,0,0,0,0,0,7.98998587217183,4.20566961738521,17.687656930597,13.101875,2.86875,4.24120833333333,6.830875,12.2413958333333,14.3349583333333,"1999-07-29",210,"1999-04-19",109,0,30,1110.60803623188,0,54,"",0,0,0,1.751,2.21158333333333,7.98120739737543,15.3134583333333,7.17266729323308,8.82798276942356,2.61569047619048,14.1863154761905,1.424875,"Chinook","PRFT",1998,NA
"1381","STH",139,139,0,0,0,0,0,10.6002065347722,3.03287925248961,9.19835656018193,10.4396666666667,5.68845416666667,7.55016666666667,11.3885833333333,13.432875,14.2092416666667,"1999-07-13",194,"1999-04-22",112,0,0,1473.42870833333,0,82,"",0,0,0,1.90195833333333,4.56570833333333,10.6466407089151,15.005375,9.73286936090226,11.4669411027569,5.97464285714286,14.3023392857143,1.60329166666667,"Chinook","PRFT",1998,NA
"1382","VAL",139,139,0,0,0,0,0,10.1907023381295,3.87544146631264,15.0190465588154,13.1935416666667,3.75266666666667,6.89577083333333,10.7115416666667,13.6721041666667,15.1626,"1999-08-21",233,"1999-04-22",112,0,10,1416.507625,0,75,"",0,0,0,1.91345833333333,3.15070833333333,10.2312651271035,16.34425,9.19156171679198,11.2217431077694,3.73234523809524,15.1186369047619,1.83333333333333,"Chinook","PRFT",1998,NA
"1383","MAR",139,139,0,0,0,0,0,9.40663729016787,3.54472868426622,12.5651014450597,12.4100833333333,3.06045833333333,6.50454166666667,10.454125,12.3925208333333,13.6869,"2000-08-02",215,"2000-04-16",107,0,14,1307.52258333333,0,74,"",0,0,0,2.30029166666667,2.31870833333333,9.52774722520587,14.7287916666667,8.40354385964912,10.5333195488722,2.88609523809524,13.7871785714286,1.897125,"Chinook","PRFT",1999,NA
"1384","SEC",139,139,0,0,0,0,0,9.93587529976019,4.68933648319935,21.9898766526645,15.909375,2.83489583333333,5.60170833333333,10.7105416666667,13.891,16.5206083333333,"2000-08-04",217,"2000-05-11",132,0,18,1381.08666666667,0,57,"",0,0,0,2.12370833333333,2.35320833333333,10.0562458378088,18.2625833333333,8.80987687969925,11.3010780075188,3.00980357142857,17.5137321428571,2.349125,"Chinook","PRFT",1999,NA
"1385","SFS",139,139,0,0,0,0,0,9.92582439265979,4.54752776905893,20.6800088103621,15.0152916666667,3.65284583333333,5.42627083333333,10.6767083333333,14.0128541666667,16.19055,"2000-08-04",217,"2000-05-11",132,0,15,1379.68959057971,0,63,"",0,0,0,1.93886775362319,2.94375,10.0107909603201,17.9590416666667,8.99021559333115,11.0559705513784,3.83427976190476,16.98395936853,1.92529166666667,"Chinook","PRFT",1999,NA
"1386","STH",139,139,0,0,0,0,0,11.6828833932854,2.96529369034375,8.79296666999245,10.4604583333333,6.18103333333333,9.3836875,12.6386666666667,14.18875,14.9383708333333,"2000-08-02",215,"2000-05-10",131,0,0,1623.92079166667,0,99,"",0,0,0,1.68154166666667,5.41591666666667,11.7908306480487,15.876375,10.7812744360902,12.6957713032581,6.292875,15.1253988095238,1.88279166666667,"Chinook","PRFT",1999,NA
"1387","VAL",139,139,0,0,0,0,0,11.9486650479616,3.87352092126046,15.0041643274425,14.5155833333333,5.09299583333333,8.70633333333333,12.8674583333333,15.2263125,16.8348933333333,"2000-08-02",215,"2000-04-16",107,0,2,1660.86444166667,0,70,"",0,0,0,2.35079166666667,3.70241666666667,12.0876450143215,18.218,10.8591390977444,13.1937879072682,4.77313690476191,17.2009940476191,2.234,"Chinook","PRFT",1999,NA
"1388","MAR",139,139,0,0,0,0,0,10.3928418373996,3.4380436707083,11.8201442816974,12.784875,3.96043333333333,7.56439583333333,11.5036666666667,13.0966041666667,14.646325,"2001-07-12",193,"2001-04-28",118,0,9,1444.60501539855,0,85,"",0,0,0,3.28827083333333,2.95845833333333,10.4828692081524,15.7433333333333,9.03827600250627,11.7736979949875,3.80330357142857,14.910005952381,2.72904166666667,"Chinook","PRFT",2000,NA
"1389","STH",139,139,0,0,0,0,0,12.3563630095923,2.6942198327208,7.25882050702608,11.1600416666667,7.0749625,10.1812291666667,13.4420833333333,14.3118958333333,15.4607333333333,"2001-07-05",186,"2001-05-02",122,0,0,1717.53445833333,0,104,"",0,0,0,2.49029166666667,4.962875,12.4297304421769,16.1229166666667,10.9984884085213,13.6200629699248,7.15890476190476,15.6665654761905,2.23154166666667,"Chinook","PRFT",2000,NA
"1390","VAL",139,139,0,0,0,0,0,13.1788657074341,3.85503603832826,14.8613028568097,14.392625,6.44288333333333,9.59670833333333,14.5125,16.4203333333333,17.7147208333333,"2001-07-04",185,"2001-05-02",122,0,0,1831.86233333333,0,56,"",0,0,0,2.74795833333333,4.49070833333333,13.2680708915145,18.8833333333333,11.5751961152882,14.7443728070175,6.36396428571429,18.1515892857143,2.87916666666667,"Chinook","PRFT",2000,NA
"1391","MAR",139,139,0,0,0,0,0,9.10214818579919,3.92677863858522,15.4195904764492,14.7427083333333,3.05242916666667,6.00641666666667,9.69041666666667,12.5254791666667,14.3686916666667,"2002-07-14",195,"2002-04-15",105,0,23,1265.19859782609,0,65,"",0,0,0,1.96204166666667,1.31304166666667,9.24860452178583,16.05575,8.10050469924812,10.287272556391,2.18850595238095,15.2854523809524,1.88933333333333,"Chinook","PRFT",2001,NA
"1392","SEC",139,139,0,0,0,0,0,9.13012080335731,4.73305436395731,22.4018036121753,17.00875,2.20416666666667,4.64083333333333,9.24625,13.1277083333333,15.737875,"2002-07-14",195,"2002-04-15",105,0,30,1269.08679166667,0,62,"",0,0,0,1.52291666666667,0.895833333333333,9.24321209273183,17.9045833333333,8.02950814536341,10.3804432957394,1.79494047619048,16.4585714285714,2.17791666666667,"Chinook","PRFT",2001,NA
"1393","SFS",139,139,0,0,0,0,0,9.56893645083933,4.7409467570798,22.4765761534655,16.2027083333333,3.2335,4.93047916666667,9.56291666666667,13.7511041666667,16.19515,"2002-07-14",195,"2002-04-15",105,0,17,1330.08216666667,0,60,"",0,0,0,1.57425,1.9865,9.66165511994271,18.1892083333333,8.4783201754386,10.6898330200501,2.83370833333333,17.0407797619048,2.05395833333333,"Chinook","PRFT",2001,NA
"1394","STH",139,139,0,0,0,0,0,11.7339193645084,3.40142994510064,11.5697256714274,14.007375,5.87935833333333,8.94079166666667,12.4074583333333,14.7172708333333,16.0085,"2002-07-14",195,"2002-04-15",105,0,3,1631.01479166667,0,89,"",0,0,0,2.121,3.413375,11.8959829036878,17.42075,10.7385686090226,12.9695112781955,4.59836904761905,16.6795119047619,1.91333333333333,"Chinook","PRFT",2001,NA
"1395","VAL",139,139,0,0,0,0,0,11.7991070143885,4.21453990034911,17.7623465716347,17.5052916666667,5.046625,8.43154166666667,12.2933333333333,15.405875,17.419725,"2002-07-14",195,"2002-04-15",105,2,4,1640.075875,0.658875000000002,69,"",2,2,0,2.51779166666667,1.92783333333333,11.9767152255639,19.433125,10.5141441102757,13.2460228696742,3.5773630952381,18.371119047619,2.34670833333333,"Chinook","PRFT",2001,NA
"1396","SEC",139,139,0,0,0,0,0,9.61586630695444,5.26635848786304,27.7345317226871,15.7587916666667,2.03429166666667,4.347375,9.64404166666667,14.7936666666667,16.41915,"2003-07-20",201,"2003-04-26",116,0,32,1336.60541666667,0,57,"",0,0,0,1.64091666666667,1.63983333333333,9.70471276405299,17.398625,8.7900507518797,10.6279031954887,2.15458928571429,16.8576130952381,1.65554166666667,"Chinook","PRFT",2002,NA
"1397","SFS",139,139,0,0,0,0,0,9.53599856115108,4.96864492383563,24.6874323791575,14.87805,3.32883333333333,4.86729166666667,8.3675,14.6095833333333,16.3862916666667,"2003-08-18",230,"2003-04-26",116,0,25,1325.5038,0,54,"",0,0,0,4.2668,2.49375,9.5893309792338,17.3718,8.64986027568922,10.4863096491228,3.15190476190476,16.3464880952381,1.52,"Chinook","PRFT",2002,NA
"1398","STH",139,139,0,0,0,0,0,11.7779041721169,3.63247452871567,13.1948712017682,12.6797424242424,5.87597083333333,9.29395833333333,12.56375,14.8319375,16.2187125,"2003-08-10",222,"2003-04-26",116,0,0,1637.12867992424,0,85,"",0,0,0,3.92447159090909,4.82316666666667,11.8774947738665,17.5029090909091,10.7615496553885,12.9420754158123,5.63026785714286,16.1193333333333,1.83941666666667,"Chinook","PRFT",2002,NA
"1399","VAL",139,139,0,0,0,0,0,11.8091975419664,4.38740502991761,19.2493228965464,14.877,4.33711666666667,8.373375,12.176125,15.8125833333333,17.4670416666667,"2003-07-25",206,"2003-04-16",106,0,3,1641.47845833333,0,61,"",0,0,0,2.03908333333333,3.53754166666667,11.9164018528464,18.4145416666667,10.7191381578947,13.0517662907268,4.30589880952381,17.5657083333333,2.15279166666667,"Chinook","PRFT",2002,NA
"1400","MAR",139,139,4,0.0287769784172662,4,0.0287769784172662,0.0575539568345324,9.5088524691358,3.18990904389564,10.1755197083272,11.1933333333333,4.39820833333333,6.788125,9.72625,12.421875,13.747,"2004-07-20",202,"2004-04-16",107,0,7,1283.69508333333,0,65,"",0,0,0,2.395,3.28375,9.69704747583244,14.4770833333333,8.52310964912281,10.6992857142857,3.59238095238095,13.7510714285714,2.11416666666667,"Chinook","PRFT",2003,NA
"1401","SFS",139,139,2,0.0143884892086331,2,0.0143884892086331,0.0287769784172662,9.96212591240876,4.48418422605657,20.1079081732145,14.5945833333333,3.88383333333333,5.575,9.68708333333333,14.9020833333333,16.0831666666667,"2004-08-16",229,"2004-04-20",111,0,8,1364.81125,0,58,"",0,0,0,1.44875,2.69916666666667,10.0935119196802,17.29375,9.02835526315789,11.1159649122807,3.4047619047619,16.0802380952381,1.78958333333333,"Chinook","PRFT",2003,NA
"1402","STH",139,139,0,0,0,0,0,12.1919064748201,2.77746355951295,7.71430382442235,10.7983333333333,6.87666666666667,9.9925,12.6804166666667,14.565,15.8705,"2004-07-15",197,"2004-04-20",111,0,0,1694.675,0,96,"",0,0,0,1.80291666666667,5.58333333333333,12.3013095238095,16.3816666666667,11.1073182957393,13.2619454887218,6.1760119047619,15.9297619047619,1.88916666666667,"Chinook","PRFT",2003,NA
"1403","VAL",139,139,0,0,0,0,0,12.2336630695444,3.47826933757714,12.0983575847293,13.3920833333333,6.4965,9.38291666666667,12.48875,15.5327083333333,17.0594166666667,"2004-07-20",202,"2004-04-20",111,0,0,1700.47916666667,0,69,"",0,0,0,2.35125,4.54416666666667,12.3507657536699,17.93625,10.9785119047619,13.4710401002506,5.43785714285714,17.0995238095238,2.19125,"Chinook","PRFT",2003,NA
"1404","MAR",139,139,0,0,0,0,0,9.23060851318945,3.74103394458033,13.9953349745023,13.2225,3.181875,5.98666666666667,9.88125,12.4022916666667,14.193875,"2005-07-22",203,"2005-04-27",117,0,16,1283.05458333333,0,68,"",0,0,0,2.88,2.30583333333333,9.32287773003938,15.5283333333333,8.10233395989975,10.4895958646617,2.95184523809524,14.3057142857143,2.2425,"Chinook","PRFT",2004,NA
"1405","SEC",139,139,11,0.079136690647482,11,0.079136690647482,0.158273381294964,8.72219921875,4.70654764105626,22.1515906975322,15.6291666666667,2.41345833333333,4.423125,8.6775,13.0096875,15.2567708333333,"2005-08-09",221,"2005-04-17",107,0,30,1116.4415,0,55,"",0,0,0,2.41125,0.950833333333333,8.95218327907986,16.58,NA,NA,1.94178571428571,15.6311904761905,2.23666666666667,"Chinook","PRFT",2004,NA
"1406","SFS",139,139,0,0,0,0,0,9.57060551558753,4.65401447843219,21.6598507654565,14.3208333333333,3.65554166666667,4.86208333333333,9.52625,14.043125,16.2035416666667,"2005-08-08",220,"2005-04-15",105,0,17,1330.31416666667,0,61,"",0,0,0,2.19708333333333,2.6425,9.64934971356964,16.9633333333333,8.43451441102757,10.8017230576441,3.25607142857143,15.9651785714286,2.08958333333333,"Chinook","PRFT",2004,NA
"1407","STH",139,139,0,0,0,0,0,11.4864238609113,3.31770538990355,11.0071690541951,11.8783333333333,6.12354166666667,8.56354166666667,12.4795833333333,14.3610416666667,15.79675,"2005-07-13",194,"2005-04-18",108,0,0,1596.61291666667,0,82,"",0,0,0,2.0425,4.81541666666667,11.5820614035088,16.69375,10.3775532581454,12.6951660401003,5.69202380952381,15.8772023809524,2.32875,"Chinook","PRFT",2004,NA
"1408","VAL",139,139,13,0.0935251798561151,13,0.0935251798561151,0.18705035971223,11.2713686868687,4.32788688216983,18.7306048648577,16.4658712121212,4.81354166666667,7.2534375,11.2447916666667,14.9061458333333,17.4704166666667,"2005-07-16",197,"2005-04-18",108,1,2,1420.19245454545,0.785454545454545,49,"",1,1,0,2.19458333333333,3.31958333333333,11.7215099930713,19.7854545454545,NA,NA,4.20660714285714,19.7854545454545,2.68541666666667,"Chinook","PRFT",2004,NA
"1409","BIL",139,52,0,0,0,0,0,15.6864171245421,1.65140345452079,2.72713336960318,6.8225,12.9872291666667,14.7730208333333,15.5522916666667,16.8594791666667,18.1045833333333,"2006-07-22",203,"2006-08-31",243,0,0,815.69369047619,0,30,"",0,0,0,1.63875,11.8154166666667,15.8081325791186,18.6379166666667,14.5935688405797,16.8533229813665,13.7988690476191,18.1248214285714,2.31895833333333,"Chinook","PRFT",2005,NA
"1410","SFS",139,139,0,0,0,0,0,9.28143285371703,4.64405991777833,21.5672925199152,16.2441666666667,3.23704166666667,4.78916666666667,9.06041666666667,13.119375,16.2387916666667,"2006-07-24",205,"2006-04-16",106,0,22,1290.11916666667,0,59,"",0,0,0,1.43208333333333,1.65541666666667,9.38668143573219,17.8995833333333,8.50021929824561,10.217615914787,2.46511904761905,16.852619047619,1.66916666666667,"Chinook","PRFT",2005,NA
"1411","STH",139,139,15,0.107913669064748,15,0.107913669064748,0.215827338129496,10.9227874276261,3.35258581366859,11.2398316380119,12.2083333333333,5.46714583333333,7.83572916666667,11.691875,13.7536458333333,15.2828958333333,"2006-07-17",198,"2006-04-16",106,0,0,1354.42564102564,0,75,"",0,0,0,1.52291666666667,4.10958333333333,11.2102978541396,16.3179166666667,NA,NA,5.42261904761905,15.4923076923077,1.8025,"Chinook","PRFT",2005,NA
"1412","VAL",139,139,0,0,0,0,0,11.5210376992524,4.2139477794033,17.757355887538,16.3558333333333,4.04545833333333,8.83333333333333,12.0104166666667,14.8820833333333,17.5507916666667,"2006-07-23",204,"2006-04-16",106,0,6,1601.42424019608,0,76,"",0,0,0,2.09708333333333,2.27333333333333,11.6819344053411,18.6291666666667,10.4298601282618,12.7625156641604,3.43214285714286,18.0915476190476,2.38708333333333,"Chinook","PRFT",2005,NA
"1413","BIL",139,139,0,0,0,0,0,12.3237170263789,4.3601655679981,19.0110437803562,15.1579166666667,5.56770833333333,8.24145833333333,12.9104166666667,15.9339583333333,18.4962083333333,"2007-07-19",200,"2007-05-05",125,3,0,1712.99666666667,0.467500000000001,52,"",1,1,0,2.54041666666667,4.23541666666667,12.4241621911923,19.3933333333333,11.0417606516291,13.536522556391,5.44470238095238,18.5620238095238,2.58666666666667,"Chinook","PRFT",2006,NA
"1414","MAR",139,139,0,0,0,0,0,10.0655455635492,3.57830212315331,12.8042460845635,13.3004166666667,3.765875,7.17208333333333,11.235,12.9758333333333,14.7120416666667,"2007-07-14",195,"2007-04-18",108,0,11,1399.11083333333,0,78,"",0,0,0,2.81583333333333,2.15125,10.1757894736842,15.4516666666667,8.90313909774436,11.2422587719298,3.27601190476191,14.8172023809524,2.2725,"Chinook","PRFT",2006,NA
"1415","SEC",139,139,0,0,0,0,0,10.6068285371703,4.83261358607741,23.35415407234,17.1179166666667,3.02429166666667,6.00604166666667,11.4120833333333,14.5733333333333,17.50225,"2007-07-14",195,"2007-04-18",108,0,16,1474.34916666667,0,51,"",0,0,0,2.13791666666667,1.18291666666667,10.7370085929108,18.3008333333333,9.2971365914787,12.0836121553885,2.40851190476191,17.5306547619048,2.72541666666667,"Chinook","PRFT",2006,NA
"1416","SFS",139,139,0,0,0,0,0,10.9978387290168,4.87229902197948,23.7392977595822,16.39125,3.40879166666667,6.02020833333333,11.8433333333333,14.66875,17.5460416666667,"2007-07-18",199,"2007-04-19",109,0,10,1528.69958333333,0,50,"",0,0,0,2.33541666666667,2.39416666666667,11.0929345685643,18.7854166666667,9.80148496240601,12.3284461152882,3.04202380952381,17.9901785714286,2.57833333333333,"Chinook","PRFT",2006,NA
"1417","STH",139,139,0,0,0,0,0,12.323345323741,3.05180022344526,9.31348460382057,12.5325,6.87095833333333,10.0810416666667,13.3454166666667,14.78,16.0945833333333,"2007-07-05",186,"2007-04-19",109,0,0,1712.945,0,96,"",0,0,0,2.46541666666667,4.38375,12.4229927497315,16.91625,11.2116071428571,13.4993890977444,5.92327380952381,16.2075595238095,2.30583333333333,"Chinook","PRFT",2006,NA
"1418","VAL",139,139,0,0,0,0,0,12.5637470023981,4.00988919095189,16.0792113237128,14.8091666666667,5.804875,9.39479166666667,13.5625,15.9116666666667,17.7421666666667,"2007-07-18",199,"2007-04-19",109,0,1,1746.36083333333,0,60,"",0,0,0,2.75708333333333,3.53041666666667,12.6641044575725,18.3395833333333,11.3110025062657,13.8883521303258,5.15922619047619,17.7380952380952,2.65166666666667,"Chinook","PRFT",2006,NA
"1419","BIU",139,19,0,0,0,0,0,10.1908793859649,0.57505558237374,0.330688922819201,1.84225,9.38146666666666,9.6668125,10.2535,10.754125,10.8417791666667,"2008-08-18",231,"2008-08-31",244,0,0,193.626708333333,0,11,"",0,0,0,0.532499999999999,9.22516666666667,10.1748974358974,11.0674166666667,9.51714423076923,10.8910032051282,9.91022619047619,10.7435595238095,1.37420833333333,"Chinook","PRFT",2007,NA
"1420","BVC",139,31,0,0,0,0,0,14.3769771505376,1.13857888176642,1.29636187000448,3.88858333333333,12.3674583333333,13.8583333333333,14.3897916666667,15.3431041666667,15.84275,"2008-08-01",214,"2008-08-31",244,0,0,445.686291666667,0,30,"",0,0,0,1.22679166666667,12.1999166666667,14.4381073809524,16.0885,13.29412,15.461475,13.3792738095238,15.4304404761905,1.9045,"Chinook","PRFT",2007,NA
"1421","CHA",139,13,0,0,0,0,0,11.7921826923077,1.21987201065441,1.48808772237803,4.7405,10.49305,10.7764166666667,11.6354583333333,12.3113333333333,13.712825,"2008-08-19",232,"2008-08-31",244,0,0,153.298375,0,13,"",0,0,0,0.915666666666667,10.116,11.8011241496599,14.8565,10.6564404761905,13.2226785714286,11.5576488095238,12.1921726190476,2.20595833333333,"Chinook","PRFT",2007,NA
"1422","MAR",139,139,0,0,0,0,0,8.4133273381295,3.72947877610115,13.9090119413889,11.5716666666667,2.84091666666667,4.86645833333333,9.48625,11.9354166666667,12.7509166666667,"2008-07-26",208,"2008-04-20",111,0,29,1169.4525,0,67,"",0,0,0,2.26208333333333,1.56583333333333,8.46864348370927,13.1375,7.42804197994987,9.31078320802005,2.83392857142857,12.7745833333333,1.67916666666667,"Chinook","PRFT",2007,NA
"1423","SFS",139,139,0,0,0,0,0,9.2367206235012,4.82797360087721,23.3093290907672,14.85625,2.42895833333333,4.560625,9.46,13.8602083333333,15.3844583333333,"2008-08-08",221,"2008-04-21",112,0,24,1283.90416666667,0,64,"",0,0,0,1.9225,1.37083333333333,9.30422350519155,16.2270833333333,8.32004072681704,10.1492481203008,2.12172619047619,15.5008333333333,1.65041666666667,"Chinook","PRFT",2007,NA
"1424","STH",139,139,0,0,0,0,0,10.7638519184652,3.61278431432267,13.0522105018159,11.6475,5.18225,7.408125,12.0029166666667,14.168125,14.9197083333333,"2008-07-20",202,"2008-04-21",112,0,2,1496.17541666667,0,79,"",0,0,0,1.81583333333333,3.63,10.8386962943072,15.2775,9.76200187969925,11.7249843358396,5.13285714285714,14.9083333333333,1.58791666666667,"Chinook","PRFT",2007,NA
"1425","SUL",139,28,0,0,0,0,0,11.2356653138528,1.03966223743698,1.08089756795248,4.47612878787879,9.73463333333333,10.6592083333333,11.0576875,11.91440625,12.6508270833333,"2008-08-04",217,"2008-08-27",240,0,0,314.598628787879,0,23,"",0,0,0,1.02525,9.49941666666667,11.2004120916962,13.9755454545455,10.2372632575758,12.1541725206612,10.2888095238095,12.2274588744589,1.97391666666667,"Chinook","PRFT",2007,NA
"1426","VAL",139,139,0,0,0,0,0,10.5314568345324,4.28847697363023,18.3910347533567,14.1616666666667,3.91979166666667,6.945625,11.86,14.3125,15.7875416666667,"2008-08-17",230,"2008-04-30",121,0,9,1463.8725,0,75,"",0,0,0,2.09291666666667,2.08333333333333,10.614089688507,16.245,9.39492794486216,11.5838126566416,3.53863095238095,15.5714285714286,1.98916666666667,"Chinook","PRFT",2007,NA
"1427","WFC",139,13,0,0,0,0,0,10.3091538461538,1.11104746810586,1.23442647638444,4.15320833333333,9.05259166666667,9.472875,10.1020416666667,10.7615416666667,12.115625,"2008-08-19",232,"2008-08-31",244,0,0,134.019,0,8,"",0,0,0,0.872791666666666,8.94054166666667,10.2937482993197,13.09375,9.19935119047619,11.6964285714286,10.0418214285714,10.7413988095238,2.33625,"Chinook","PRFT",2007,NA
"1428","BIL",139,139,0,0,0,0,0,10.6337008653946,3.88480082948466,15.0916774847647,12.7416666666667,5.08025,7.20895833333333,9.87125,14.2977083333333,16.3733333333333,"2009-08-22",234,"2009-04-15",105,0,0,1478.08442028986,0,56,"",0,0,0,1.85458333333333,4.23833333333333,10.6599786344744,16.98,9.54021929824561,11.6944298245614,4.89994047619048,16.2086904761905,2.0275,"Chinook","PRFT",2008,NA
"1429","BIU",139,139,0,0,0,0,0,6.97577967625899,2.95770999087604,8.74804839012793,9.69025,2.834825,4.39120833333333,6.14258333333333,9.96508333333333,11.0412958333333,"2009-08-05",217,"2009-04-23",113,0,26,969.633375,0,32,"",0,0,0,1.26025,2.213375,6.99277076620122,11.903625,6.30907205513785,7.63504761904762,2.6724880952381,11.1010178571429,1.09270833333333,"Chinook","PRFT",2008,NA
"1430","BVC",139,139,0,0,0,0,0,9.93814031502071,4.94016035234352,24.4051843068668,16.937125,2.18915833333333,4.40316666666667,11.1536666666667,13.955875,16.2212666666667,"2009-08-04",216,"2009-04-15",105,0,33,1381.40150378788,0,64,"",0,0,0,2.06004166666667,0.436416666666667,10.0566188523256,17.3735416666667,8.79979104010025,11.3049047619048,1.8974880952381,16.3294648268398,2.18008333333333,"Chinook","PRFT",2008,NA
"1431","CAM",139,139,0,0,0,0,0,9.40734799433181,3.35018413292057,11.2237337244727,11.6231666666667,4.02159166666667,6.80164583333333,9.43154166666667,12.6251041666667,14.1014708333333,"2009-07-27",208,"2009-04-15",105,0,7,1307.62137121212,0,67,"",0,0,0,1.392375,3.04416666666667,9.46366636965791,14.6673333333333,8.48567825814536,10.3952672305764,3.81201190476191,14.1332261904762,1.85445833333333,"Chinook","PRFT",2008,NA
"1432","CHA",139,139,0,0,0,0,0,8.52638151652591,4.23276357669786,17.91628749622,13.76025,2.05475,4.45627083333333,8.88570833333333,12.222,14.3644458333333,"2009-07-26",207,"2009-04-23",113,0,28,1185.1670307971,0,64,"",0,0,0,1.7905,0.988833333333333,8.58257550903657,14.7490833333333,7.51579033180778,9.56129761904762,1.76804761904762,14.348125,1.77329166666667,"Chinook","PRFT",2008,NA
"1433","CHC",139,139,0,0,0,0,0,6.92056995456267,3.06521648646818,9.39555210891634,10.1365,2.5131125,3.905375,7.130375,9.5034375,11.3501291666667,"2009-08-04",216,"2009-04-23",113,0,38,961.959223684211,0,29,"",0,0,0,1.42329166666667,1.603375,6.94655238896112,11.739875,6.01723684210526,7.86809973948028,2.38965476190476,11.22225,1.50295833333333,"Chinook","PRFT",2008,NA
"1434","HER",139,139,0,0,0,0,0,9.27349427730543,2.25309510654112,5.07643755911956,9.03591666666667,5.26440416666667,7.637875,9.08391666666667,11.1742083333333,12.6228666666667,"2009-08-22",234,"2009-04-15",105,0,1,1289.01570454545,0,54,"",0,0,0,1.98495833333333,3.94120833333333,9.31040169010188,12.977125,8.32732236842105,10.2496082251082,4.83436904761905,12.5733928571429,1.924,"Chinook","PRFT",2008,NA
"1435","LAK",139,139,0,0,0,0,0,7.18324056407048,4.22944290689302,17.8881873026677,13.193875,1.15651666666667,2.62479166666667,7.03858333333333,11.0501041666667,12.870975,"2009-07-24",205,"2009-04-15",105,0,42,998.470438405797,0,52,"",0,0,0,1.75120833333333,0.393833333333333,7.23629375457277,13.5877083333333,6.21316091860085,8.19768796992481,1.17210714285714,12.8262202380952,1.68829166666667,"Chinook","PRFT",2008,NA
"1436","LOO",139,139,0,0,0,0,0,8.17055319380859,2.85977539463059,8.17831530773456,9.43495833333333,4.21130416666667,5.72352083333333,7.28258333333333,10.9955,12.4038208333333,"2009-08-22",234,"2009-04-15",105,0,6,1135.70689393939,0,43,"",0,0,0,1.335625,3.59958333333333,8.18562899130944,13.0345416666667,7.34077944862155,8.98880715994532,3.95774404761905,12.4542202380952,1.55,"Chinook","PRFT",2008,NA
"1437","MAR",139,139,0,0,0,0,0,8.3789039677349,3.67756190133153,13.5244615381252,12.7479166666667,2.32575,5.72395833333333,8.69583333333333,11.5447916666667,13.2370416666667,"2009-07-19",200,"2009-04-23",113,0,26,1164.66765151515,0,60,"",0,0,0,1.62041666666667,1.57166666666667,8.42050821046122,14.3195833333333,7.34890664160401,9.43677944862155,2.26452380952381,13.5168452380952,1.71208333333333,"Chinook","PRFT",2008,NA
"1438","SEC",139,139,0,0,0,0,0,8.35969763319779,4.60711220188025,21.2254828407139,15.75625,1.67491666666667,4.463125,7.78333333333333,12.5602083333333,14.8742155797101,"2009-08-04",216,"2009-04-15",105,0,29,1161.99797101449,0,63,"",0,0,0,1.92416666666667,0.00791666666666667,8.43959493064961,15.7641666666667,7.26629072681704,9.50641263484799,0.951071428571429,14.7145238095238,1.81166666666667,"Chinook","PRFT",2008,NA
"1439","STH",139,139,0,0,0,0,0,10.7511527734334,3.37177739899557,11.3688828283773,11.6904166666667,5.111875,8.25541666666667,10.665,13.6747916666667,15.2454402173913,"2009-07-24",205,"2009-04-23",113,0,0,1494.41023550725,0,75,"",0,0,0,1.5275,4.45833333333333,10.8183104889553,16.14875,9.74899749373434,11.8194378609567,4.80261904761905,15.4383333333333,2.09166666666667,"Chinook","PRFT",2008,NA
"1440","SUL",139,139,0,0,0,0,0,7.87021223021583,3.69053724702734,13.6200651716962,11.888125,2.18619166666667,3.99791666666667,8.602,11.0990416666667,12.5390541666667,"2009-08-04",216,"2009-04-23",113,0,35,1093.9595,0,58,"",0,0,0,1.70133333333333,1.59329166666667,7.93221732903688,13.4814166666667,7.02987280701754,8.79761027568922,1.95357738095238,12.5669345238095,1.54929166666667,"Chinook","PRFT",2008,NA
"1441","VAL",139,139,0,0,0,0,0,10.7719348868731,4.23139959481182,17.9047425309736,15.3679166666667,4.080625,8.21083333333333,10.2858333333333,14.2952083333333,16.6303333333333,"2009-08-04",216,"2009-04-23",113,0,6,1497.29894927536,0,58,"",0,0,0,1.70125,2.33666666666667,10.8466699551674,17.7045833333333,9.5971209273183,12.0154212978097,3.40577380952381,16.7089880952381,2.0825,"Chinook","PRFT",2008,NA
"1442","WFC",139,139,0,0,0,0,0,7.79366247002398,3.62548467181049,13.1441391055328,11.61775,1.96724583333333,4.23302083333333,8.39495833333333,10.8294583333333,12.4910166666667,"2009-07-26",207,"2009-04-23",113,0,33,1083.31908333333,0,57,"",0,0,0,1.44791666666667,1.44858333333333,7.85430383995704,13.0663333333333,6.94066823308271,8.72493233082707,1.88435119047619,12.4829285714286,1.602625,"Chinook","PRFT",2008,NA
"1443","BIU",139,139,0,0,0,0,0,6.6668528177458,2.81905501981032,7.94707120471775,8.84979166666667,2.79555416666667,4.11877083333333,6.25279166666667,9.62895833333333,10.4587041666667,"2010-08-06",218,"2010-05-05",125,0,33,926.692541666667,0,19,"",0,0,0,1.39308333333333,2.072625,6.69388775510204,10.9224166666667,6.00800563909774,7.33126033834587,2.65040476190476,10.4530357142857,1.41208333333333,"Chinook","PRFT",2009,NA
"1444","BVC",139,139,0,0,0,0,0,9.73506774580336,4.82446317637247,23.275444940174,15.2834583333333,2.40885,4.9121875,10.4267916666667,14.274125,15.6473916666667,"2010-07-25",206,"2010-04-28",118,0,27,1353.17441666667,0,68,"",0,0,0,2.56908333333333,0.785916666666667,9.86274762799857,16.069375,8.56202286967419,10.9766271929825,2.3163869047619,15.6527380952381,2.27779166666667,"Chinook","PRFT",2009,NA
"1445","CAM",139,139,0,0,0,0,0,9.01930739045128,3.35989535546399,11.2888967996685,11.791125,3.946275,5.87966666666667,9.08233333333333,12.2658541666667,13.6064541666667,"2010-07-30",211,"2010-05-05",125,0,8,1253.68372727273,0,64,"",0,0,0,1.752875,2.26108333333333,9.08199960534453,14.0522083333333,8.00917324561404,10.0767697368421,3.75823214285714,13.6995654761905,1.88766666666667,"Chinook","PRFT",2009,NA
"1446","CHA",139,139,0,0,0,0,0,8.3457789724742,4.28401191556681,18.3527580927184,14.0815833333333,2.45681666666667,4.125875,8.65629166666667,12.5126177536232,13.9527166666667,"2010-08-06",218,"2010-05-05",125,0,33,1160.06327717391,0,62,"",0,0,0,1.40475,1.11454166666667,8.42464413557185,15.196125,7.27853414786967,9.49457174185464,2.14948214285714,14.3263928571429,2.23154166666667,"Chinook","PRFT",2009,NA
"1447","CHC",139,139,0,0,0,0,0,6.83581412261495,3.06003734302466,9.36382854070539,9.93466666666667,2.25742083333333,4.04325,6.95691666666667,9.86508333333333,10.7574666666667,"2010-07-27",208,"2010-04-28",118,0,34,950.178163043478,0,31,"",0,0,0,1.57245833333333,1.64820833333333,6.88437403290836,11.582875,5.91063502506266,7.69095520050125,2.25008333333333,10.8772792443064,1.71154166666667,"Chinook","PRFT",2009,NA
"1448","HER",139,139,0,0,0,0,0,9.04981122927745,2.41419978341841,5.82836059425751,9.21683333333333,5.25519583333333,6.886,8.913,11.4604166666667,12.4265416666667,"2010-07-25",206,"2010-05-05",125,0,1,1257.92376086957,0,50,"",0,0,0,1.81391666666667,3.77283333333333,9.07244279565373,12.9896666666667,8.003837351531,10.0182769423559,5.01939880952381,12.4133392857143,1.89804166666667,"Chinook","PRFT",2009,NA
"1449","LAK",139,139,0,0,0,0,0,7.15774670263789,4.26775231350555,18.213709809432,13.818375,1.19170833333333,3.126875,7.19579166666667,11.2541458333333,12.755575,"2010-08-06",218,"2010-05-05",125,0,46,994.926791666667,0,52,"",0,0,0,1.83958333333333,0.4975,7.26542539384175,14.315875,6.18886622807018,8.28647023809524,1.05011904761905,13.1319761904762,2.01658333333333,"Chinook","PRFT",2009,NA
"1450","LOO",139,139,0,0,0,0,0,7.83259942915233,2.81782501272794,7.94013780235521,9.85129166666667,3.69599166666667,5.35627083333333,7.51516666666667,10.7406875,11.7165666666667,"2010-08-17",229,"2010-05-05",125,0,10,1088.73132065217,0,46,"",0,0,0,1.410625,2.29458333333333,7.84998383769984,12.145875,6.92796017216956,8.66791729323308,3.40646428571429,11.7561547619048,1.68991666666667,"Chinook","PRFT",2009,NA
"1451","MAR",139,139,0,0,0,0,0,8.22273381294964,3.62462424933406,13.1379009488605,12.195,2.23091666666667,5.17895833333333,8.49791666666667,11.4572916666667,12.8173333333333,"2010-07-27",208,"2010-04-28",118,0,25,1142.96,0,61,"",0,0,0,1.79416666666667,1.45458333333333,8.28786206587898,13.6495833333333,7.09305137844612,9.31801378446115,2.05696428571429,12.9199404761905,1.97333333333333,"Chinook","PRFT",2009,NA
"1452","SFS",139,139,0,0,0,0,0,9.11038369304556,4.54330985987662,20.6416644828521,14.75125,2.91154166666667,5.08104166666667,9.27208333333333,13.7877083333333,15.1602916666667,"2010-08-06",218,"2010-05-05",125,0,27,1266.34333333333,0,64,"",0,0,0,2.01875,1.675,9.21083154314357,16.42625,8.02260651629073,10.276873433584,2.83392857142857,15.407380952381,2.095,"Chinook","PRFT",2009,NA
"1453","STH",139,139,0,0,0,0,0,10.4633094828485,3.39661598109746,11.5370001230466,10.9125,4.97879166666667,7.47166666666667,10.9354166666667,13.58875,14.8210416666667,"2010-07-17",198,"2010-04-29",119,0,0,1454.40001811594,0,74,"",0,0,0,1.74666666666667,4.31791666666667,10.5230707591961,15.2304166666667,9.43850877192982,11.4917170644001,5.00214285714286,14.7366071428571,1.84541666666667,"Chinook","PRFT",2009,NA
"1454","SUL",139,139,0,0,0,0,0,7.50145893285372,3.73541312263569,13.9533111967589,11.3344166666667,1.96115,3.98266666666667,8.09383333333333,11.1664375,12.19255,"2010-07-27",208,"2010-04-28",118,0,36,1042.70279166667,0,55,"",0,0,0,1.86791666666667,1.46083333333333,7.59069020766201,12.79525,6.6257537593985,8.47451503759399,2.05141071428571,12.2401607142857,1.71416666666667,"Chinook","PRFT",2009,NA
"1455","VAL",139,139,0,0,0,0,0,10.5589693462621,4.22279678861068,17.8320127179007,14.5600724637681,3.87825,7.15791666666667,10.9770833333333,14.5247916666667,15.87225,"2010-07-29",210,"2010-04-22",112,0,10,1467.69673913043,0,69,"",0,0,0,2.11916666666667,2.39166666666667,10.6612988799639,16.9517391304348,9.33436403508772,11.8782055682685,3.74708333333333,16.1283436853002,2.29041666666667,"Chinook","PRFT",2009,NA
"1456","WFC",139,139,0,0,0,0,0,7.57752008393285,3.91602180323921,15.3352267634449,13.3425416666667,1.9953125,3.73122916666667,8.13008333333333,11.219375,12.5854041666667,"2010-08-06",218,"2010-05-05",125,0,38,1053.27529166667,0,56,"",0,0,0,1.428875,0.873791666666667,7.67882371106337,14.2163333333333,6.63603602756892,8.65541823308271,1.74358928571429,13.1153095238095,1.87104166666667,"Chinook","PRFT",2009,NA
"1457","BIL",139,139,0,0,0,0,0,9.47219724220624,3.44879574436747,11.8941920863671,12.15,5.01591666666667,6.675,8.34666666666667,13.2329166666667,15.004125,"2011-08-29",241,"2011-04-29",119,0,3,1316.63541666667,0,57,"",0,0,0,2.09833333333333,3.63791666666667,9.43197950232725,15.7879166666667,8.52700187969925,10.2066604010025,4.87845238095238,15.2122619047619,1.64083333333333,"Chinook","PRFT",2010,NA
"1458","BIU",139,139,0,0,0,0,0,6.27208914868106,2.65944790516783,7.07266316030159,8.63920833333333,3.069675,3.97964583333333,5.33525,9.27075,10.2396791666667,"2011-08-01",213,"2011-04-28",118,0,35,871.820391666667,0,16,"",0,0,0,1.25116666666667,2.33695833333333,6.25192256534193,10.9761666666667,5.6778876566416,6.82001315789474,2.87004761904762,10.3173630952381,1.13708333333333,"Chinook","PRFT",2010,NA
"1459","CAM",139,139,0,0,0,0,0,8.62470893285372,3.14990807766995,9.92192089777037,11.35725,3.7236875,6.04322916666667,8.026375,11.7466875,12.6800291666667,"2011-08-28",240,"2011-04-22",112,0,8,1198.83454166667,0,60,"",0,0,0,2.528375,2.20825,8.62891053526674,13.5655,7.75396553884712,9.39358427318296,3.39067857142857,13.0416964285714,1.553,"Chinook","PRFT",2010,NA
"1460","CHA",139,139,0,0,0,0,0,7.96971043165468,4.21306405085316,17.7499086965913,13.088375,2.449675,3.8163125,7.41804166666667,12.2237916666667,13.69615,"2011-08-01",213,"2011-04-29",119,0,37,1107.78975,0,60,"",0,0,0,1.82570833333333,1.51733333333333,7.96543000358038,14.6057083333333,7.1033045112782,8.82865914786967,2.29761904761905,13.9144821428571,1.59083333333333,"Chinook","PRFT",2010,NA
"1461","CHC",139,139,0,0,0,0,0,6.15081850172036,2.87273779736474,8.25262245240801,9.493875,2.07915,3.44620833333333,6.52675,9.03933333333333,9.96785416666667,"2011-08-25",237,"2011-04-29",119,0,49,854.96377173913,0,7,"",0,0,0,2.049625,1.43704166666667,6.15562816201996,10.9309166666667,5.39110056390978,6.86846804511278,2.24371428571429,10.1561785714286,1.40775,"Chinook","PRFT",2010,NA
"1462","HER",139,139,0,0,0,0,0,8.93918996976332,2.38086853132597,5.6685349634583,9.02425,5.43463333333333,7.10460416666667,8.75775,11.2572291666667,12.0285125,"2011-08-25",237,"2011-04-20",110,0,3,1242.5474057971,0,56,"",0,0,0,2.71745833333333,3.461875,8.95375886922275,12.486125,7.91305787566743,9.88110494987469,4.74569047619048,11.9531726190476,1.67433333333333,"Chinook","PRFT",2010,NA
"1463","LAK",139,139,0,0,0,0,0,6.01830793546981,4.02089809085178,16.1676214570155,12.2537083333333,0.840941666666667,1.99804166666667,5.80308333333333,10.1462708333333,11.7333625,"2011-08-25",237,"2011-04-15",105,0,63,836.544803030303,0,39,"",0,0,0,1.55566666666667,0.366541666666667,6.01612526445985,12.62025,5.28722220323536,6.77250281954887,0.759982142857143,11.972755952381,1.436375,"Chinook","PRFT",2010,NA
"1464","LOO",139,139,20,0.143884892086331,20,0.143884892086331,0.287769784172662,6.85927731092437,2.22386643348961,4.9455819140018,8.43954166666667,3.5519875,5.2770625,6.15283333333333,8.86958333333334,10.4072041666667,"2011-07-25",206,"2011-04-22",112,0,8,816.254,0,18,"",0,0,0,1.63158333333333,2.65291666666667,6.98397451563959,11.0924583333333,NA,NA,3.63325595238095,10.5965297619048,1.49070833333333,"Chinook","PRFT",2010,NA
"1465","MAR",139,139,0,0,0,0,0,7.67953343207787,3.38973612857433,11.4903110213621,11.3383333333333,2.51833333333333,4.3575,8.49875,10.9116666666667,11.8242083333333,"2011-08-25",237,"2011-05-15",135,0,28,1067.45514705882,0,57,"",0,0,0,1.81541666666667,1.54416666666667,7.69228807312399,12.8825,6.73428295002211,8.5884649122807,2.2297619047619,11.8089880952381,1.82625,"Chinook","PRFT",2010,NA
"1466","SEC",139,139,0,0,0,0,0,6.90064748201439,4.34673730679727,18.8941252143032,14.6470833333333,1.113125,2.99229166666667,6.37666666666667,11.2591666666667,13.2006666666667,"2011-08-25",237,"2011-04-15",105,0,50,959.379166666667,0,47,"",0,0,0,1.82875,-0.127083333333333,6.91019781596849,14.52,6.09048558897243,7.72976817042607,0.604583333333333,13.7269642857143,1.61833333333333,"Chinook","PRFT",2010,NA
"1467","SFS",139,139,0,0,0,0,0,7.98899793333036,4.3360697313907,18.8015007154826,13.9370833333333,2.36625,4.3375,6.5725,12.4627083333333,14.3108333333333,"2011-08-01",213,"2011-04-22",112,0,28,1110.47071273292,0,54,"",0,0,0,2.46730072463768,1.76625,7.9782943850309,15.7033333333333,7.06232088373107,8.86863584426906,2.18267857142857,14.6593452380952,1.57083333333333,"Chinook","PRFT",2010,NA
"1468","STH",139,139,0,0,0,0,0,10.3110403441952,3.27298529138342,10.7124327176122,10.9145833333333,5.418,7.17770833333333,11.0066666666667,13.4829166666667,14.2092083333333,"2011-08-01",213,"2011-04-20",110,0,0,1433.23460784314,0,74,"",0,0,0,1.89166666666667,4.03041666666667,10.3396094753691,14.945,9.41311090225564,11.224414160401,4.98226190476191,14.2255987394958,1.71625,"Chinook","PRFT",2010,NA
"1469","SUL",139,139,0,0,0,0,0,6.66445182425488,3.49137627006573,12.1897082591781,11.3995416666667,2.24719166666667,3.1859375,6.33945833333333,10.2352708333333,11.3259875,"2011-08-01",213,"2011-04-29",119,0,49,926.358803571429,0,42,"",0,0,0,1.384625,1.44704166666667,6.66560168277838,12.8465833333333,6.06426503759399,7.24374789652703,2.22542857142857,11.4233112244898,1.09475,"Chinook","PRFT",2010,NA
"1470","VAL",139,139,0,0,0,0,0,9.81159472422062,3.82758369112428,14.6503969125605,13.7770833333333,3.78895833333333,6.41479166666667,10.8166666666667,13.3352083333333,14.4350416666667,"2011-08-25",237,"2011-04-20",110,0,10,1363.81166666667,0,75,"",0,0,0,1.99708333333333,2.335,9.84119226638024,16.1120833333333,8.78393796992481,10.8485432330827,3.52970238095238,14.776369047619,1.99708333333333,"Chinook","PRFT",2010,NA
"1471","WFC",139,139,0,0,0,0,0,7.13793105515588,3.85007539723313,14.8230805643798,12.030875,1.61081666666667,3.2918125,7.67445833333333,10.8565,11.9444666666667,"2011-08-25",237,"2011-04-22",112,0,46,992.172416666667,0,57,"",0,0,0,1.91804166666667,0.737833333333333,7.14428481919083,12.7687083333333,6.36971741854637,7.92378634085213,1.35235714285714,12.2133392857143,1.46216666666667,"Chinook","PRFT",2010,NA
"1472","BIL",139,137,9,0.0656934306569343,9,0.0647482014388489,0.130441632095783,10.8887570567453,3.71724961334772,13.8179446879338,11.4445833333333,5.60379166666667,7.25041666666667,10.96,14.6477083333333,15.5580625,"2012-07-31",213,"2012-04-28",119,0,0,1393.7609032634,0,68,"",0,0,0,1.58416666666667,4.64791666666667,10.7308787560096,16.0925,NA,NA,5.41976190476191,15.5919642857143,1.77962121212121,"Chinook","PRFT",2011,NA
"1473","BIU",139,139,0,0,0,0,0,7.05213009592326,2.97270175035599,8.83695569656956,8.69445833333333,3.27130416666667,4.22779166666667,6.3165,10.4049791666667,11.0534791666667,"2012-08-06",219,"2012-04-16",107,0,29,980.246083333333,0,40,"",0,0,0,1.29741666666667,2.68979166666667,7.08112258324382,11.38425,6.41567888471178,7.67807769423559,3.34308333333333,11.0100654761905,1.138,"Chinook","PRFT",2011,NA
"1474","CAM",139,139,0,0,0,0,0,10.198574940048,3.42841939286797,11.7540595333932,11.83125,5.17760833333333,6.8439375,10.7740416666667,13.49175,14.4791583333333,"2012-07-23",205,"2012-04-16",107,0,2,1417.60191666667,0,76,"",0,0,0,2.13004166666667,3.53604166666667,10.2922513873971,15.3672916666667,9.11868922305764,11.3643496240602,5.08745833333333,14.5595535714286,2.17258333333333,"Chinook","PRFT",2011,NA
"1475","CHA",139,139,0,0,0,0,0,9.47844116524962,4.51948610333186,20.4257546382098,13.595125,3.31177916666667,5.15025,10.309375,14.1120833333333,15.0574625,"2012-07-28",210,"2012-04-16",107,0,25,1317.5033219697,0,70,"",0,0,0,2.061875,2.3105,9.57578218272955,15.905625,8.45189285714286,10.5979370585555,3.04277380952381,15.3938928571429,1.90358333333333,"Chinook","PRFT",2011,NA
"1476","CHC",139,139,0,0,0,0,0,6.96754454697112,3.18668465331359,10.1549590796643,11.271625,2.30266666666667,3.67358333333333,7.35883333333333,10.0055416666667,11.1480666666667,"2012-08-06",219,"2012-04-26",117,0,43,968.488692028986,0,35,"",0,0,0,1.58379166666667,1.002375,7.01786333068697,12.274,6.02356811866623,7.82200657894737,1.98564880952381,11.1099404761905,1.667625,"Chinook","PRFT",2011,NA
"1477","HER",139,139,0,0,0,0,0,10.0366342404337,2.6363437341372,6.95030828452447,10.1386666666667,5.35381666666667,7.71377083333333,10.6289166666667,12.4125833333333,13.3084208333333,"2012-08-06",219,"2012-04-16",107,0,0,1395.09215942029,0,75,"",0,0,0,2.40058333333333,4.616875,10.0850097020502,14.7555416666667,8.80772243107769,11.1416496948894,6.10776190476191,13.4559751552795,2.28695833333333,"Chinook","PRFT",2011,NA
"1478","LAK",139,139,0,0,0,0,0,7.73322601918465,4.3390929936709,18.8277280077239,12.94675,1.64057083333333,3.69610416666667,7.68929166666667,12.2180625,13.39365,"2012-08-09",222,"2012-04-26",117,0,42,1074.91841666667,0,56,"",0,0,0,2.03370833333333,0.679833333333333,7.80380366093806,13.6265833333333,6.73368076441103,8.66643577694236,1.36944642857143,13.2783571428571,1.74920833333333,"Chinook","PRFT",2011,NA
"1479","MAR",139,139,8,0.0575539568345324,8,0.0575539568345324,0.115107913669065,8.40023854961832,3.59168941929796,12.9002328846969,13.43625,2.03291666666667,5.63041666666667,9.49916666666667,11.4047916666667,12.7958333333333,"2012-08-06",219,"2012-04-26",117,0,22,1100.43125,0,59,"",0,0,0,1.75333333333333,0.4875,8.42080095874228,13.92375,NA,NA,1.30154761904762,12.7380357142857,2.22041666666667,"Chinook","PRFT",2011,NA
"1480","SEC",139,139,0,0,0,0,0,9.0326618705036,4.84183337320958,23.4433504139261,14.72625,2.341625,4.67583333333333,8.56041666666667,14.0620833333333,15.664,"2012-07-28",210,"2012-04-16",107,0,27,1255.54,0,62,"",0,0,0,2.08291666666667,1.45375,9.11809523809524,16.18,7.97388471177945,10.0909085213033,2.25166666666667,15.6292261904762,2.0125,"Chinook","PRFT",2011,NA
"1481","SFS",139,139,0,0,0,0,0,9.68856714628297,4.74853459579432,22.5485808074555,14.0375,3.68041666666667,4.94541666666667,9.15708333333333,14.7572916666667,16.0880416666667,"2012-08-06",219,"2012-04-16",107,0,12,1346.71083333333,0,60,"",0,0,0,2.30916666666667,2.68416666666667,9.75618600071608,16.7216666666667,8.61249060150376,10.788280075188,3.69517857142857,16.020119047619,2.115,"Chinook","PRFT",2011,NA
"1482","STH",139,139,0,0,0,0,0,10.9926337191117,3.39109298999611,11.4995116668008,12.1908333333333,5.6035,8.07375,11.8833333333333,13.9622916666667,15.0334583333333,"2012-08-06",219,"2012-04-27",118,0,1,1527.97608695652,0,86,"",0,0,0,1.83833333333333,3.74,11.088358065194,15.9308333333333,9.90699874686717,12.1235012803749,5.05303571428572,15.1175,1.77958333333333,"Chinook","PRFT",2011,NA
"1483","VAL",139,139,0,0,0,0,0,10.5821372901679,4.04694250874266,16.3777436690684,15.1441666666667,4.04945833333333,7.05958333333333,11.2554166666667,14.1725,15.721625,"2012-08-06",219,"2012-04-16",107,0,6,1470.91708333333,0,77,"",0,0,0,1.91791666666667,2.36166666666667,10.7057997672753,17.5058333333333,9.35353383458647,11.8744454887218,3.69613095238095,15.8597023809524,2.24083333333333,"Chinook","PRFT",2011,NA
"1484","WFC",139,139,0,0,0,0,0,8.52569694244604,3.96140733643553,15.6927480851652,12.3670833333333,2.79457083333333,4.82966666666667,9.22091666666667,12.4947916666667,13.3927208333333,"2012-07-28",210,"2012-04-16",107,0,28,1185.071875,0,64,"",0,0,0,1.7895,1.85295833333333,8.61826825993555,14.2200416666667,7.56660463659148,9.56152694235589,2.72703571428571,13.6537976190476,1.95458333333333,"Chinook","PRFT",2011,NA
"1485","BIU",139,139,0,0,0,0,0,7.76893195443645,3.02632437396654,9.15863921646397,9.547875,3.54584166666667,4.6695,7.35620833333333,10.7548541666667,11.3561708333333,"2013-07-20",201,"2013-04-15",105,0,15,1079.88154166667,0,59,"",0,0,0,1.31975,2.12433333333333,7.81949467418546,11.6722083333333,7.12919611528822,8.44079824561404,2.95479166666667,11.4739761904762,1.081875,"Chinook","PRFT",2012,NA
"1486","BVC",139,139,0,0,0,0,0,11.5017372145762,4.5931190514693,21.0967426209703,16.2362083333333,3.84905833333333,7.47645833333333,13.27975,15.4981041666667,17.0895,"2013-07-02",183,"2013-04-15",105,0,8,1598.74147282609,0,65,"",0,0,0,2.48620833333333,2.32708333333333,11.6159220119398,18.5632916666667,10.3045605726272,12.8301481829574,3.71091071428571,17.3523869047619,2.08195833333333,"Chinook","PRFT",2012,NA
"1487","CAM",139,139,0,0,0,0,0,10.6404430455635,3.63379825038006,13.2044897244652,12.8939583333333,4.4345125,7.42077083333333,11.4617916666667,13.9721041666667,15.2114541666667,"2013-07-02",183,"2013-04-16",106,0,5,1479.02158333333,0,81,"",0,0,0,1.83704166666667,2.743875,10.7433720014322,15.6378333333333,9.73293671679198,11.6735989974937,3.71072023809524,15.0252380952381,1.7515,"Chinook","PRFT",2012,NA
"1488","CHA",139,139,0,0,0,0,0,9.95856861901783,4.54065901865507,20.6175843236936,14.6638333333333,2.8917,5.22275,10.585875,14.1768541666667,15.4929916666667,"2013-07-02",183,"2013-04-16",106,0,12,1384.24103804348,0,73,"",0,0,0,2.10954166666667,1.568375,10.0659459985367,16.2322083333333,8.95646240601504,11.0705397597254,2.66639880952381,15.52625,1.77625,"Chinook","PRFT",2012,NA
"1489","CHC",139,139,0,0,0,0,0,8.16279758367219,3.20633000244038,10.2805520845493,10.902625,3.03792083333333,4.917125,8.54583333333333,11.113125,11.9933791666667,"2013-07-03",184,"2013-04-15",105,0,14,1134.62886413043,0,61,"",0,0,0,1.81804166666667,1.99925,8.23914760892916,12.901875,7.33258709273183,9.03861560150376,2.74444047619048,11.9919821428571,1.43975,"Chinook","PRFT",2012,NA
"1490","HER",139,139,0,0,0,0,0,10.7022901678657,2.72186612616165,7.40855520874623,10.6812083333333,5.80129166666667,8.5098125,11.688,13.1402291666667,13.6349791666667,"2013-07-17",198,"2013-04-15",105,0,3,1487.61833333333,0,84,"",0,0,0,2.35995833333333,3.67241666666667,10.7969169799499,14.353625,9.77822807017544,11.7998286340852,5.06217261904762,13.793755952381,1.732125,"Chinook","PRFT",2012,NA
"1491","LAK",139,139,0,0,0,0,0,8.15407134292566,4.35794298875084,18.9916670932026,13.4254166666667,1.7537875,3.56804166666667,7.89366666666667,12.4866458333333,13.151975,"2013-07-03",184,"2013-04-18",108,0,40,1133.41591666667,0,65,"",0,0,0,1.70954166666667,0.377625,8.22578969745793,13.8030416666667,7.29872431077694,9.07568703007519,1.20857142857143,13.046755952381,1.487375,"Chinook","PRFT",2012,NA
"1492","LOO",139,139,0,0,0,0,0,9.1996579736211,3.2833120751701,10.7801381829578,11.08075,4.34017916666667,6.13025,9.144,12.2705833333333,13.1729125,"2013-07-20",201,"2013-04-15",105,0,7,1278.75245833333,0,66,"",0,0,0,1.401,2.363875,9.27005992660222,13.444625,8.36851723057644,10.0112268170426,3.51827976190476,13.1379404761905,1.40733333333333,"Chinook","PRFT",2012,NA
"1493","MAR",139,139,0,0,0,0,0,9.65051943228026,3.49655843963179,12.2259209217603,13.1063333333333,3.1474,6.83472916666667,10.8946666666667,12.4243333333333,13.9414958333333,"2013-07-02",183,"2013-04-29",119,0,15,1341.42220108696,0,79,"",0,0,0,2.18808333333333,2.315375,9.75856900208596,15.4217083333333,8.74476065162907,10.7057935463659,3.19208928571429,14.3917857142857,1.65941666666667,"Chinook","PRFT",2012,NA
"1494","SEC",139,139,0,0,0,0,0,9.25560251798561,4.57765726454968,20.9549460316844,14.25475,2.66505833333333,4.79389583333333,8.35325,13.9337083333333,14.7842583333333,"2013-08-18",230,"2013-04-18",108,0,17,1286.52875,0,65,"",0,0,0,1.76008333333333,0.952458333333333,9.31877407805227,15.2072083333333,8.38399812030075,10.127655075188,1.97885119047619,14.9245416666667,1.76008333333333,"Chinook","PRFT",2012,NA
"1495","SFS",139,139,0,0,0,0,0,10.9025980215827,4.70466204964612,22.1338450013804,15.976625,3.7084,6.04272916666667,11.902625,15.2433958333333,16.4341333333333,"2013-07-03",184,"2013-04-15",105,0,9,1515.461125,0,64,"",0,0,0,2.27595833333333,2.119375,10.9954603472968,18.096,9.7600899122807,12.1097534461153,3.24754166666667,16.5863928571429,2.05025,"Chinook","PRFT",2012,NA
"1496","VAL",139,139,0,0,0,0,0,12.2874509957252,3.93211291918215,15.4615120091992,14.818625,5.510175,8.67035416666667,13.3560833333333,15.7653125,17.0014583333333,"2013-07-17",198,"2013-04-15",105,0,0,1707.9556884058,0,65,"",0,0,0,2.50058333333333,4.01454166666667,12.4033900667819,18.8331666666667,11.1735629699248,13.4913746867168,5.20785119047619,17.1176845238095,2.35875,"Chinook","PRFT",2012,NA
"1497","WFC",139,139,0,0,0,0,0,9.09214268585132,4.12439795816435,17.0106585173102,13.646625,2.47273333333333,5.23529166666667,10.4130833333333,12.8833125,13.9020916666667,"2013-07-02",183,"2013-04-16",106,0,25,1263.80783333333,0,72,"",0,0,0,1.90120833333333,1.115125,9.19580759935553,14.76175,8.17331203007519,10.1071983082707,2.08256547619048,14.0329285714286,1.62166666666667,"Chinook","PRFT",2012,NA
"1498","BIU",139,139,0,0,0,0,0,7.35045790324262,3.0418627173839,9.25292879141014,9.32729166666667,3.20842083333333,4.69852083333333,6.85579166666667,10.5053958333333,11.3375291666667,"2014-07-14",195,"2014-04-23",113,0,26,1021.71364855072,0,49,"",0,0,0,1.23166666666667,2.58966666666667,7.37855634427684,11.9169583333333,6.74366823308271,7.99732330827068,2.99319047619048,11.4402202380952,1.12495833333333,"Chinook","PRFT",2013,NA
"1499","BVC",139,139,0,0,0,0,0,10.4010107913669,5.06096593949705,25.6133762407493,16.4855,2.16118333333333,5.0913125,11.232625,15.0374166666667,16.3065416666667,"2014-07-14",195,"2014-04-23",113,0,30,1445.7405,0,71,"",0,0,0,2.01666666666667,1.31125,10.4964464285714,17.79675,9.29501597744361,11.6891964285714,2.06125,16.7916369047619,2.14925,"Chinook","PRFT",2013,NA
"1500","CAM",139,139,9,0.0647482014388489,9,0.0647482014388489,0.129496402877698,9.88441284965035,3.73512563078146,13.9511634777206,14.6535871212121,4.42043541666667,6.92779166666667,9.40252083333333,13.7545625,15.08395,"2014-08-07",219,"2014-04-15",105,0,2,1284.97367045455,0,61,"",0,0,0,1.641375,3.68195833333333,10.149394611569,18.3355454545455,NA,NA,4.398,18.3355454545455,1.81283333333333,"Chinook","PRFT",2013,NA
"1501","CHA",139,139,0,0,0,0,0,9.25630041184444,4.4061655653159,19.4142949889756,14.221375,2.8003,5.15991666666667,10.0513333333333,13.7164791666667,14.78885,"2014-07-14",195,"2014-04-22",112,0,26,1286.62575724638,0,69,"",0,0,0,1.65208333333333,1.833125,9.33108535702611,16.0545,8.33924342105263,10.2280749291708,2.515125,15.0758928571429,1.64804166666667,"Chinook","PRFT",2013,NA
"1502","CHC",139,139,0,0,0,0,0,7.43311600719424,3.1962852996142,10.2162397165299,10.3985,2.792425,4.3711875,7.663875,10.5158958333333,11.5000083333333,"2014-07-14",195,"2014-04-22",112,0,30,1033.203125,0,48,"",0,0,0,1.583125,1.93845833333333,7.47939863050483,12.3369583333333,6.61191196741855,8.27708458646617,2.4836369047619,11.563630952381,1.51641666666667,"Chinook","PRFT",2013,NA
"1503","HER",139,139,0,0,0,0,0,10.5919748201439,2.67494357003542,7.15532310287386,9.77979166666667,6.08616666666667,8.576125,10.5272083333333,13.0913333333333,14.0260708333333,"2014-07-16",197,"2014-04-28",118,0,0,1472.2845,0,81,"",0,0,0,1.873125,4.92,10.6455660132474,14.6997916666667,9.57628540100251,11.5904686716792,5.704125,14.109130952381,1.65708333333333,"Chinook","PRFT",2013,NA
"1504","LAK",139,139,0,0,0,0,0,8.00060971223022,4.3874882463913,19.2500531122218,13.5182083333333,1.88420416666667,3.580875,8.45625,12.5158125,13.6060375,"2014-07-14",195,"2014-04-23",113,0,37,1112.08475,0,57,"",0,0,0,1.559375,1.170375,8.07320963122091,14.6885833333333,7.13190350877193,8.99428790726817,1.57133928571429,13.6135476190476,1.63145833333333,"Chinook","PRFT",2013,NA
"1505","LOO",139,139,0,0,0,0,0,8.65735341726619,3.17056865889333,10.0525056207567,9.93820833333333,4.21014583333333,5.85179166666667,8.50475,11.96075,12.8697291666667,"2014-08-11",223,"2014-04-23",113,0,5,1203.372125,0,57,"",0,0,0,1.4375,3.366625,8.68990829752954,13.3048333333333,7.85319172932331,9.457289160401,3.96279166666667,12.7972083333333,1.42683333333333,"Chinook","PRFT",2013,NA
"1506","MAR",139,139,0,0,0,0,0,8.96355185851319,3.93012455363586,15.4458790070914,14.0239583333333,1.815475,6.50170833333333,9.3745,12.3790416666667,13.5688875,"2014-07-14",195,"2014-04-22",112,0,26,1245.93370833333,0,64,"",0,0,0,1.57858333333333,0.909666666666667,9.06433364661654,14.933625,8.00849968671679,10.0498336466165,1.65565476190476,13.9387321428571,1.947,"Chinook","PRFT",2013,NA
"1507","SEC",139,139,0,0,0,0,0,9.05473051558753,4.72340149075291,22.3105216428468,14.2638333333333,2.32999583333333,5.02747916666667,8.916125,13.9398958333333,15.2882,"2014-07-14",195,"2014-04-16",106,0,28,1258.60754166667,0,60,"",0,0,0,1.310125,1.84920833333333,9.13119513068385,16.1130416666667,8.16699874686717,10.0660294486216,2.12436904761905,15.1610357142857,1.61920833333333,"Chinook","PRFT",2013,NA
"1508","SFS",139,139,0,0,0,0,0,9.99448381294964,4.77379655905508,22.7891335872461,14.9357083333333,3.2487375,5.49608333333333,10.391,14.5827083333333,16.4017833333333,"2014-07-14",195,"2014-04-23",113,0,14,1389.23325,0,58,"",0,0,0,1.983375,2.52666666666667,10.0580227801647,17.462375,8.90680795739348,11.1337102130326,3.09727976190476,16.3666666666667,2.00458333333333,"Chinook","PRFT",2013,NA
"1509","STH",139,139,0,0,0,0,0,11.1765272781775,3.52453944191215,12.4223782775944,12.9011666666667,5.14893333333333,8.4614375,11.8006666666667,14.0636875,15.8807666666667,"2014-07-14",195,"2014-04-23",113,0,0,1553.53729166667,0,82,"",0,0,0,1.54358333333333,4.03420833333333,11.2586592821339,16.935375,10.2514398496241,12.2121832706767,4.65544642857143,16.3108035714286,1.801125,"Chinook","PRFT",2013,NA
"1510","VAL",139,139,0,0,0,0,0,10.8660701438849,4.29239535402466,18.4246578752525,15.377875,3.07510416666667,7.69160416666667,11.1682916666667,14.8138333333333,16.1058333333333,"2014-08-02",214,"2014-04-22",112,0,14,1510.38375,0,82,"",0,0,0,1.87958333333333,1.83116666666667,10.9666059344791,17.2090416666667,9.77978822055138,12.0808602756892,2.75808928571429,15.9909047619048,2.18841666666667,"Chinook","PRFT",2013,NA
"1511","WFC",139,139,0,0,0,0,0,8.53774049331963,3.99147492861414,15.9318721057553,13.001625,2.51869166666667,4.45629166666667,9.26858333333333,12.3632916666667,13.4458333333333,"2014-07-14",195,"2014-04-22",112,0,31,1186.74592857143,0,61,"",0,0,0,1.32370833333333,1.67516666666667,8.62572153598281,14.6767916666667,7.76136278195489,9.43737602935911,2.18882142857143,13.7579404761905,1.53216666666667,"Chinook","PRFT",2013,NA
"1512","BIU",139,139,0,0,0,0,0,8.55921043165468,2.92595470635181,8.56121094362228,9.99454166666667,3.8288375,5.330375,9.82645833333333,10.9165833333333,12.1034083333333,"2015-06-30",181,"2015-04-26",116,0,8,1189.73025,0,67,"",0,0,0,1.101875,2.954625,8.61601208378088,12.9491666666667,7.84052224310777,9.30942387218045,3.9256130952381,12.4358869047619,1.426875,"Chinook","PRFT",2014,NA
"1513","BVC",139,139,0,0,0,0,0,12.2873498201439,4.18331710869432,17.5001420318946,15.81825,4.82202083333333,8.09516666666667,13.978875,15.1724375,17.79915,"2015-06-30",181,"2015-04-26",116,2,3,1707.941625,0.145000000000003,76,"",2,2,0,2.096625,3.31320833333333,12.4206680988185,19.1314583333333,11.1896776315789,13.5529404761905,4.30130952380952,18.6547261904762,2.26866666666667,"Chinook","PRFT",2014,NA
"1514","CAM",139,139,0,0,0,0,0,12.0601768585132,4.07073255133209,16.5708635044747,15.81825,4.82202083333333,8.09516666666667,13.2539583333333,15.0484583333333,17.79915,"2015-06-30",181,"2015-04-26",116,2,3,1676.36458333333,0.145000000000003,79,"",2,2,0,2.096625,3.31320833333333,12.1949401629073,19.1314583333333,10.9642368421053,13.2820256892231,4.30130952380952,18.6547261904762,2.21008333333333,"Chinook","PRFT",2014,NA
"1515","CHA",139,139,0,0,0,0,0,10.9353477869878,4.16716079866805,17.3652291219557,16.2134166666667,4.19112916666667,7.0729375,12.448,13.8999791666667,16.2706333333333,"2015-06-30",181,"2015-04-15",105,0,6,1520.0133423913,0,79,"",0,0,0,1.825875,2.03445833333333,11.0601396581516,18.247875,9.83661215538847,12.2534981203008,4.0114880952381,17.2964166666667,2.14808333333333,"Chinook","PRFT",2014,NA
"1516","CHC",139,139,0,0,0,0,0,8.8304373501199,2.87412952924183,8.26062055085986,10.9697916666667,4.23767916666667,5.85870833333333,9.989,10.8436041666667,12.5396583333333,"2015-06-30",181,"2015-04-15",105,0,5,1227.43079166667,0,69,"",0,0,0,1.84704166666667,2.84575,8.90082098102399,13.8155416666667,7.88922525062657,9.81461998746867,4.02314285714286,13.1401904761905,1.88970833333333,"Chinook","PRFT",2014,NA
"1517","HER",139,139,0,0,0,0,0,10.8609229155137,2.57965151282496,6.6546019276201,12.3002916666667,7.20481666666667,8.51491666666667,11.514875,12.9820416666667,14.4390458333333,"2015-08-14",226,"2015-04-15",105,0,1,1509.66828525641,0,82,"",0,0,0,1.87629166666667,3.646,10.9241381096973,15.9462916666667,10.0017488673607,11.8913063909774,6.74680952380952,14.1931130952381,1.7055,"Chinook","PRFT",2014,NA
"1518","LAK",139,139,0,0,0,0,0,9.98925419664269,3.98444726354631,15.8758199959817,14.5332916666667,3.52557083333333,5.862125,11.6055416666667,12.8826041666667,15.2668625,"2015-06-30",181,"2015-04-15",105,0,12,1388.50633333333,0,84,"",0,0,0,2.03070833333333,2.021,10.0984951217329,16.5542916666667,8.92930889724311,11.2580723684211,3.26534523809524,15.7436488095238,2.17945833333333,"Chinook","PRFT",2014,NA
"1519","LOO",139,139,0,0,0,0,0,9.78440479155137,3.01714529651541,9.10316574028508,10.98675,5.24556666666667,6.652,10.631625,12.278,13.7876875,"2015-06-30",181,"2015-04-15",105,0,2,1360.03226602564,0,76,"",0,0,0,1.33616666666667,3.296625,9.8374426106475,14.283375,8.8747981492192,10.736844924812,5.18963690476191,13.8396130952381,1.84654166666667,"Chinook","PRFT",2014,NA
"1520","MAR",139,139,0,0,0,0,0,10.1990924820144,3.05881174497916,9.35632929122244,13.0949583333333,4.4859625,7.42385416666667,11.33875,12.3726666666667,14.6403333333333,"2015-06-30",181,"2015-04-15",105,0,3,1417.673855,0,87,"",0,0,0,1.80179166666667,2.94875,10.3150864948085,16.0437083333333,9.19876221804511,11.3427260401003,4.37860119047619,15.1712678571429,1.93025,"Chinook","PRFT",2014,NA
"1521","SEC",139,139,0,0,0,0,0,11.1752356115108,4.39421679415005,19.3091412339903,15.722375,4.27362083333333,6.46439583333333,12.7010833333333,14.3820833333333,16.9468791666667,"2015-06-30",181,"2015-04-15",105,0,5,1553.35775,0,69,"",0,0,0,2.18770833333333,2.69979166666667,11.289783566058,18.4221666666667,10.0368897243108,12.4866268796992,4.12461904761905,17.614505952381,2.38079166666667,"Chinook","PRFT",2014,NA
"1522","SFS",139,139,0,0,0,0,0,12.0699556354916,4.33038028031162,18.7521933721117,16.4879166666667,5.23734583333333,7.10347916666667,13.8121666666667,15.3541666666667,17.6727166666667,"2015-06-30",181,"2015-04-15",105,1,2,1677.72383333333,0.492874999999998,66,"",1,1,0,1.776,3.00495833333333,12.1893391514501,19.492875,10.9078236215539,13.3969078947368,5.05488095238095,18.4660892857143,2.23808333333333,"Chinook","PRFT",2014,NA
"1523","STH",139,139,0,0,0,0,0,12.137925059952,2.91124435335012,8.47534368491294,13.5483333333333,7.39592916666667,9.4139375,13.2773333333333,14.1119166666667,16.2044541666667,"2015-06-30",181,"2015-04-15",105,0,0,1687.17158333333,0,91,"",0,0,0,2.27608333333333,4.03266666666667,12.2428203992123,17.581,11.2687781954887,13.2045626566416,7.18155952380952,16.7432261904762,1.86666666666667,"Chinook","PRFT",2014,NA
"1524","SUL",139,139,0,0,0,0,0,9.91177368105516,3.36193674117642,11.302618651672,12.9622916666667,4.34267083333333,6.72445833333333,11.3007916666667,12.3839583333333,14.1820875,"2015-06-30",181,"2015-04-15",105,0,5,1377.73654166667,0,88,"",0,0,0,1.56483333333333,2.743,10.0123849803079,15.7052916666667,9.03374812030075,10.9207603383459,3.89929166666667,14.9150297619048,1.829875,"Chinook","PRFT",2014,NA
"1525","VAL",139,139,0,0,0,0,0,12.78133117506,3.57101291641366,12.7521332491932,14.6379583333333,7.1696375,9.1550625,14.2019166666667,15.2753333333333,17.702725,"2015-06-30",181,"2015-04-15",105,1,0,1776.60503333333,0.0103749999999998,73,"",1,1,0,2.06791666666667,4.37241666666667,12.8918361797351,19.010375,11.7001629072682,14.0299097117794,6.86345238095238,18.2083511904762,2.207,"Chinook","PRFT",2014,NA
"1526","WFC",139,139,0,0,0,0,0,9.89377248201439,3.64412812760725,13.2796698104183,14.6535833333333,3.7184625,6.85820833333333,11.0142916666667,12.41475,14.4413541666667,"2015-06-30",181,"2015-04-15",105,0,9,1375.234375,0,85,"",0,0,0,1.87591666666667,1.50758333333333,10.0132375581812,16.1611666666667,8.9173045112782,11.1145968045113,3.35378571428571,15.3203928571429,1.97445833333333,"Chinook","PRFT",2014,NA
"1527","BIU",139,139,0,0,0,0,0,7.91554586330935,2.61577062674204,6.84225597172642,8.668375,4.18748333333333,5.36175,8.4215,10.3971875,11.2189875,"2016-07-30",212,"2016-04-15",106,0,5,1100.260875,0,45,"",0,0,0,1.06425,3.1215,7.96219454887218,11.789875,7.22999122807018,8.62112186716792,4.08013690476191,11.5088035714286,1.26525,"Chinook","PRFT",2015,NA
"1528","BVC",139,139,0,0,0,0,0,11.0138558153477,4.37436396601179,19.1350601071424,15.852125,3.22419166666667,7.51322916666667,12.6524166666667,14.7293958333333,16.1125833333333,"2016-07-29",211,"2016-04-23",114,0,13,1530.92595833333,0,81,"",0,0,0,1.93970833333333,1.37,11.1643814894379,17.222125,9.74390319548872,12.477022556391,2.5433630952381,16.591130952381,2.61683333333333,"Chinook","PRFT",2015,NA
"1529","CHA",139,139,0,0,0,0,0,10.2504987879262,3.96717989123017,15.738516289381,13.701875,3.94413333333333,6.18658333333333,11.50425,13.6290833333333,15.3543958333333,"2016-07-29",211,"2016-04-15",106,0,10,1424.81933152174,0,80,"",0,0,0,2.26179166666667,2.78204166666667,10.3596904178147,16.4839166666667,9.06165976081508,11.5422753759399,3.85696428571429,15.9100357142857,2.47604166666667,"Chinook","PRFT",2015,NA
"1530","CHC",139,139,0,0,0,0,0,7.6934889088729,2.78787268465434,7.77223410584178,9.13891666666667,3.30610833333333,4.867375,8.34620833333333,10.1924583333333,11.1477916666667,"2016-07-29",211,"2016-04-23",114,0,21,1069.39495833333,0,40,"",0,0,0,1.34916666666667,2.74529166666667,7.75643550841389,11.8842083333333,6.82887312030075,8.53767512531328,3.18569047619048,11.3936547619048,1.57183333333333,"Chinook","PRFT",2015,NA
"1531","LAK",139,139,0,0,0,0,0,8.60840474142425,3.7055275111012,13.7309341355278,12.7967916666667,2.7037,5.18741666666667,9.23133333333333,11.8737916666667,13.5682,"2016-07-30",212,"2016-04-15",106,0,19,1196.56825905797,0,63,"",0,0,0,1.68291666666667,1.65741666666667,8.69085067676956,14.4542083333333,7.40236184210526,9.84885658439577,2.50380357142857,14.0511488095238,2.274,"Chinook","PRFT",2015,NA
"1532","LOO",139,139,0,0,0,0,0,9.10435821342926,2.84286985324848,8.08190900250904,9.78529166666667,4.84254583333333,6.44922916666667,9.588375,11.670625,12.9456125,"2016-07-29",211,"2016-04-15",106,0,0,1265.50579166667,0,64,"",0,0,0,1.43741666666667,4.03620833333333,9.14914509488006,13.8215,8.27898402255639,9.93770614035088,4.94322023809524,13.1851607142857,1.66458333333333,"Chinook","PRFT",2015,NA
"1533","MAR",139,139,0,0,0,0,0,9.22297182254197,3.14198614666083,9.87207694580857,12.1045416666667,3.0228375,7.06883333333333,10.1109583333333,11.7073958333333,12.9668125,"2016-07-29",211,"2016-04-23",114,0,14,1281.99308333333,0,72,"",0,0,0,1.47575,1.603875,9.34903387934121,13.7084166666667,8.17947744360902,10.3522390350877,2.40364285714286,13.0662976190476,2.125375,"Chinook","PRFT",2015,NA
"1534","SEC",139,139,0,0,0,0,0,9.70679736211031,4.01822142026189,16.1461033822514,14.0776666666667,3.90253333333333,5.826875,9.950875,13.2866875,15.1917666666667,"2016-07-30",212,"2016-04-15",106,0,11,1349.24483333333,0,65,"",0,0,0,1.75633333333333,2.33420833333333,9.78747149122807,16.411875,8.43850250626566,10.9856218671679,3.64880952380952,15.9186547619048,2.31220833333333,"Chinook","PRFT",2015,NA
"1535","SFS",139,139,0,0,0,0,0,10.7198648081535,4.19600530421846,17.6064605130294,13.1579166666667,4.5167125,6.4720625,11.5706666666667,14.7855208333333,16.1176041666667,"2016-07-29",211,"2016-04-15",106,0,0,1490.06120833333,0,72,"",0,0,0,1.857875,4.00920833333333,10.7983424633011,17.167125,9.57244266917293,11.9508092105263,4.49630952380952,16.6224404761905,2.267375,"Chinook","PRFT",2015,NA
"1536","STH",139,139,0,0,0,0,0,11.5404976019185,3.0141882337127,9.08533070825206,10.732375,6.03199583333333,8.93370833333333,12.68925,13.8573958333333,15.3239458333333,"2016-07-02",184,"2016-04-15",106,0,0,1604.12916666667,0,95,"",0,0,0,1.325875,4.9265,11.6433912012173,15.658875,10.5896798245614,12.6107866541353,5.80692857142857,15.3914166666667,1.97579166666667,"Chinook","PRFT",2015,NA
"1537","SUL",139,139,0,0,0,0,0,8.92711295746012,3.32076067881112,11.0274514859381,10.9285833333333,3.6595625,5.54122916666667,10.1158333333333,11.7534547101449,13.0129875,"2016-07-29",211,"2016-04-15",106,0,16,1240.86870108696,0,71,"",0,0,0,1.50145833333333,2.69833333333333,9.03055445679416,13.6269166666667,8.04917449874687,9.93194893483709,3.54226785714286,13.262125,1.81333333333333,"Chinook","PRFT",2015,NA
"1538","VAL",139,139,0,0,0,0,0,11.6195362709832,3.50934892684083,12.3155298903189,13.4359166666667,5.47161666666667,8.76983333333333,12.5895,14.5365625,16.0377291666667,"2016-07-29",211,"2016-04-15",106,0,1,1615.11554166667,0,85,"",0,0,0,1.77608333333333,3.59954166666667,11.7388763426423,17.0354583333333,10.444930764411,12.871005952381,5.26564285714286,16.3415416666667,2.446125,"Chinook","PRFT",2015,NA
"1539","WFC",139,139,0,0,0,0,0,9.51269509175268,3.53696899313871,12.5101496584247,12.6325,3.53960833333333,6.36229166666667,10.4716666666667,12.293875,14.0380125,"2016-07-30",212,"2016-04-15",106,0,16,1322.26461775362,0,76,"",0,0,0,2.00145833333333,2.4675,9.62844973069319,15.1,8.35517381769641,10.7941231203008,3.41860119047619,14.4599583333333,2.452125,"Chinook","PRFT",2015,NA
"1540","BIU",139,139,0,0,0,0,0,7.4759896126577,2.87478679669621,8.26439912645884,8.70245833333333,3.63335416666667,4.741125,6.81304166666667,10.4738125,11.3621958333333,"2017-07-31",212,"2017-04-15",105,0,10,1039.16255615942,0,52,"",0,0,0,1.35066666666667,2.923125,7.49079822031788,11.6255833333333,6.78671459899749,8.06555639097744,3.74284523809524,11.4912440476191,1.24095833333333,"Chinook","PRFT",2016,NA
"1541","BVC",139,139,0,0,0,0,0,10.0161953133146,4.9604717822467,24.6062803024658,15.5035,2.13538333333333,4.62589583333333,12.510875,14.1921875,15.3984833333333,"2017-07-09",190,"2017-05-07",127,0,33,1392.25114855072,0,77,"",0,0,0,3.42066666666667,0.571583333333333,10.1041697527981,16.0750833333333,8.9082417184265,11.1693493107769,1.46614880952381,15.4655654761905,1.92125,"Chinook","PRFT",2016,NA
"1542","CHA",139,139,0,0,0,0,0,9.90418075539568,4.32041281777287,18.6659669159761,13.8424583333333,3.61105416666667,5.58658333333333,11.0289166666667,13.8058125,15.4266458333333,"2017-07-09",190,"2017-04-15",105,0,14,1376.681125,0,72,"",0,0,0,2.113125,2.21504166666667,9.99343998388829,16.0575,8.87451378446115,11.0196785714286,3.61801785714286,15.4368630952381,2.12895833333333,"Chinook","PRFT",2016,NA
"1543","CHC",139,139,0,0,0,0,0,6.5629320089383,2.88413770812975,8.31825031945595,8.77291666666667,2.43175,3.51785416666667,7.321375,9.35925,10.1602291666667,"2017-08-29",241,"2017-05-12",132,0,41,912.247549242424,0,11,"",0,0,0,2.33183333333333,1.75425,6.57646452169385,10.5271666666667,5.87578796422875,7.21283395989975,2.20930357142857,10.2180238095238,1.21470833333333,"Chinook","PRFT",2016,NA
"1544","LAK",139,139,0,0,0,0,0,8.05750951057336,4.16411523319488,17.3398556753257,12.5822083333333,1.87861666666667,3.40083333333333,9.07675,11.9425833333333,13.0850666666667,"2017-07-30",211,"2017-05-17",137,0,37,1119.9938219697,0,64,"",0,0,0,1.98341666666667,1.16591666666667,8.10485173160173,13.748125,7.23187562656642,8.87314097744361,2.14377976190476,13.2238928571429,1.49191666666667,"Chinook","PRFT",2016,NA
"1545","LOO",139,139,0,0,0,0,0,8.18995923261391,2.66352555094637,7.09436836054417,8.36329166666667,4.68588333333333,5.64945833333333,7.709125,10.9609375,11.6301625,"2017-08-04",216,"2017-04-15",105,0,2,1138.40433333333,0,58,"",0,0,0,1.11975,3.83816666666667,8.19345833333333,12.2014583333333,7.55195175438597,8.77565852130326,4.62057738095238,11.8056845238095,1.21691666666667,"Chinook","PRFT",2016,NA
"1546","MAR",139,139,0,0,0,0,0,8.4608012329267,3.73125225989412,13.922243426965,11.977375,2.12468333333333,5.43214583333333,10.0082083333333,11.4959166666667,12.4787791666667,"2017-07-16",197,"2017-05-06",126,0,31,1176.05137137681,0,70,"",0,0,0,3.00416666666667,0.967291666666667,8.53334659825029,12.9446666666667,7.50338781736951,9.46057393483709,1.54982142857143,12.4850357142857,1.57845833333333,"Chinook","PRFT",2016,NA
"1547","SEC",139,139,7,0.0503597122302158,7,0.0503597122302158,0.100719424460432,8.97094807449495,4.47834492057419,20.0555732276326,14.3944166666667,2.94258333333333,4.84344791666667,8.52475,13.616390625,14.9374395833333,"2017-07-30",211,"2017-04-15",105,0,24,1184.16514583333,0,58,"",0,0,0,1.93866666666667,1.61220833333333,9.21573585069445,16.006625,NA,NA,2.82547619047619,15.3356845238095,1.68720833333333,"Chinook","PRFT",2016,NA
"1548","SFS",139,139,0,0,0,0,0,9.76610555468669,4.37756555481704,19.1630801867206,12.938625,4.15459166666667,5.55179166666667,9.71925,14.2259791666667,15.3073625,"2017-08-04",216,"2017-04-15",105,0,6,1357.48867210145,0,68,"",0,0,0,1.61125,2.69225,9.790757738679,15.630875,8.89996334586466,10.6106864443718,4.06310119047619,15.3666369047619,1.53520833333333,"Chinook","PRFT",2016,NA
"1549","STH",139,139,0,0,0,0,0,10.6925286075487,3.29978277055873,10.8885663328762,11.0202083333333,5.36855416666667,7.18297916666667,11.8976666666667,13.4261041666667,14.5782166666667,"2017-07-10",191,"2017-05-17",137,0,0,1486.26147644928,0,85,"",0,0,0,2.21858333333333,4.06541666666667,10.7595105640654,15.085625,9.75080952380952,11.6327352756892,5.50813095238095,14.632880952381,1.364875,"Chinook","PRFT",2016,NA
"1550","SUL",139,139,0,0,0,0,0,7.8305866697946,3.60209439931327,12.9750840615641,10.5720416666667,2.94384583333333,4.03552083333333,8.71841666666667,11.1893958333333,12.1846958333333,"2017-07-09",190,"2017-04-15",105,0,34,1088.45154710145,0,64,"",0,0,0,2.081875,2.31345833333333,7.87645013932346,12.8855,7.14702976190476,8.47653575514874,3.09020238095238,12.3035773809524,1.168875,"Chinook","PRFT",2016,NA
"1551","VAL",139,139,0,0,0,0,0,10.751627515379,3.61813611865062,13.0909089730842,12.2788333333333,4.03750416666667,7.8429375,12.0588333333333,13.8057916666667,14.6172791666667,"2017-08-04",216,"2017-04-15",105,0,7,1494.47622463768,0,90,"",0,0,0,2.46233333333333,2.79183333333333,10.8407778705304,15.0706666666667,9.67881860902256,11.8620429061785,3.76695833333333,14.7441904761905,1.66225,"Chinook","PRFT",2016,NA
"1552","WFC",139,139,0,0,0,0,0,8.82264418465228,4.0540059928555,16.4349645901083,12.6315833333333,2.535775,4.25316666666667,10.197,12.2346875,13.90675,"2017-07-09",190,"2017-04-15",105,0,31,1226.34754166667,0,70,"",0,0,0,1.70341666666667,1.66058333333333,8.90214299140709,14.2921666666667,7.97605388471178,9.74327036340852,2.57229166666667,13.7762321428571,1.688875,"Chinook","PRFT",2016,NA
"1553","BIU",139,139,0,0,0,0,0,8.14805395683453,2.957838839921,8.74881060294518,9.64070833333333,3.7766125,5.23847916666667,8.55433333333333,11.1904166666667,11.8946541666667,"2018-07-14",195,"2018-04-17",107,0,8,1132.5795,0,54,"",0,0,0,1.69733333333333,2.591875,8.21895251521661,12.2325833333333,7.48373966165414,8.86285745614035,3.65783928571429,11.9489702380952,1.23695833333333,"Chinook","PRFT",2017,NA
"1554","BVC",139,139,0,0,0,0,0,11.3799490407674,4.69322089396796,22.0263223595774,16.492375,2.92377083333333,8.24645833333333,12.5540416666667,15.381,16.8794666666667,"2018-07-25",206,"2018-04-29",119,0,18,1581.81291666667,0,63,"",0,0,0,2.03775,1.19225,11.5436747225206,17.684625,10.3716074561404,12.6230892857143,2.28099404761905,16.9648571428571,2.249875,"Chinook","PRFT",2017,NA
"1555","CHA",139,139,0,0,0,0,0,10.3172237384006,4.24950556158293,18.0582975179242,13.7747083333333,3.88492083333333,5.95325,10.647875,14.5177291666667,15.8458625,"2018-08-10",222,"2018-04-17",107,0,10,1434.09409963768,0,75,"",0,0,0,2.541625,2.62933333333333,10.4410258565669,16.4040416666667,9.28244674185464,11.3685886591479,3.88758333333333,15.884,2.07366666666667,"Chinook","PRFT",2017,NA
"1556","CHC",139,139,0,0,0,0,0,7.72946619226358,3.01381476372967,9.08307943007495,10.0536666666667,3.062975,4.92808333333333,8.08995833333333,10.569875,11.5465458333333,"2018-08-10",222,"2018-04-17",107,0,25,1074.39580072464,0,45,"",0,0,0,1.68329166666667,1.8115,7.81936526681611,11.8651666666667,6.99139831916748,8.50769486215539,3.02776785714286,11.4981011904762,1.33666666666667,"Chinook","PRFT",2017,NA
"1557","LAK",139,139,0,0,0,0,0,8.65006774580336,4.22747402346471,17.8715366190689,13.6802916666667,2.21724166666667,4.451625,9.23404166666667,12.7620208333333,13.9890708333333,"2018-08-01",213,"2018-04-18",108,0,31,1202.35941666667,0,61,"",0,0,0,2.21858333333333,0.987875,8.78053016469746,14.6681666666667,7.69726817042607,9.68234461152882,2.03011904761905,13.9309166666667,2.01091666666667,"Chinook","PRFT",2017,NA
"1558","LOO",139,139,0,0,0,0,0,8.94335461630696,2.91019987319023,8.46926330191644,10.1255416666667,4.85390833333333,6.1670625,9.03141666666667,11.8444791666667,12.8532458333333,"2018-08-10",222,"2018-04-17",107,0,2,1243.12629166667,0,58,"",0,0,0,1.54625,3.25883333333333,9.0171186895811,13.384375,8.27170332080201,9.63329981203007,4.67108333333333,12.8349523809524,1.331125,"Chinook","PRFT",2017,NA
"1559","MAR",139,139,0,0,0,0,0,9.39369604316547,3.41850057628012,11.6861461900275,11.95975,2.5397625,7.24660416666667,9.930375,12.1060625,13.5388666666667,"2018-07-17",198,"2018-04-26",116,0,16,1305.72375,0,68,"",0,0,0,1.84379166666667,2.03383333333333,9.53718515037594,13.9935833333333,8.51814724310777,10.4513233082707,2.31254166666667,13.6784047619048,1.905625,"Chinook","PRFT",2017,NA
"1560","SEC",139,139,0,0,0,0,0,9.92683423261391,4.53624003200677,20.5774736279808,14.995375,3.2567375,5.43641666666667,10.3829583333333,14.4752083333333,15.9117166666667,"2018-08-10",222,"2018-04-18",108,0,19,1379.82995833333,0,67,"",0,0,0,2.27095833333333,1.57208333333333,10.0675643573219,16.5674583333333,8.88480419799499,11.0366697994987,2.72253571428571,15.8632916666667,2.015125,"Chinook","PRFT",2017,NA
"1561","SFS",139,139,0,0,0,0,0,10.9938935851319,4.46638299214391,19.9485770325124,14.8664166666667,4.49076666666667,6.2888125,11.785625,15.4552916666667,16.7640583333333,"2018-07-25",206,"2018-04-17",107,0,4,1528.15120833333,0,62,"",0,0,0,2.0825,2.64366666666667,11.1205731292517,17.5100833333333,10.0935996240602,12.0573135964912,4.07463095238095,16.6345773809524,1.84991666666667,"Chinook","PRFT",2017,NA
"1562","STH",139,139,0,0,0,0,0,11.2393231414868,3.1723697526447,10.063929847495,11.266375,5.69284583333333,8.52447916666667,11.848625,14.0409583333333,15.2466041666667,"2018-07-14",195,"2018-04-17",107,0,0,1562.26591666667,0,89,"",0,0,0,1.63866666666667,4.58304166666667,11.366662056928,15.8494166666667,10.3821842105263,12.2290892857143,5.59163095238095,15.5113869047619,1.714375,"Chinook","PRFT",2017,NA
"1563","SUL",139,139,0,0,0,0,0,8.90617236211031,3.49986456869763,12.2490519992251,11.375,2.9360875,5.54785416666667,9.90070833333333,12.0268541666667,13.0128125,"2018-07-25",206,"2018-04-17",107,0,21,1237.95795833333,0,68,"",0,0,0,1.65104166666667,2.17604166666667,9.02659658073756,13.5510416666667,8.21273464912281,9.74186591478697,2.87188690476191,13.1788154761905,1.40879166666667,"Chinook","PRFT",2017,NA
"1564","VAL",139,139,0,0,0,0,0,11.5981037170264,3.75115700108696,14.0711788468037,14.3392083333333,4.99682083333333,8.8938125,12.107125,15.0457916666667,16.5301041666667,"2018-08-10",222,"2018-04-17",107,0,3,1612.13641666667,0,77,"",0,0,0,1.99079166666667,2.71095833333333,11.76076660401,17.0501666666667,10.6377239974937,12.7858198621554,4.09164880952381,16.3989285714286,2.13270833333333,"Chinook","PRFT",2017,NA
"1565","WFC",139,139,0,0,0,0,0,9.43894814148681,3.76239458056865,14.1556129798924,12.62825,3.069275,6.43579166666667,10.02125,13.040375,14.0909166666667,"2018-08-10",222,"2018-04-17",107,0,19,1312.01379166667,0,71,"",0,0,0,2.54283333333333,2.06454166666667,9.57605312388113,14.6927916666667,8.60631672932331,10.3964783834586,2.77359523809524,14.1288333333333,1.59579166666667,"Chinook","PRFT",2017,NA
"1566","BVC",139,139,0,0,0,0,0,10.4645944244604,4.94013807025367,24.4049641531697,16.1806666666667,2.53258333333333,5.5686875,12.47075,14.7274583333333,16.3353791666667,"2019-07-14",195,"2019-04-15",105,0,25,1454.578625,0,71,"",0,0,0,2.27529166666667,0.981458333333333,10.574328499821,17.162125,9.25529010025063,11.7046049498747,2.37060714285714,16.3213214285714,2.027125,"Chinook","PRFT",2018,NA
"1567","CAM",139,139,0,0,0,0,0,10.2111501798561,3.31443899113813,10.9855058259767,12.0964583333333,5.07769166666667,7.1395,10.8452083333333,13.4567291666667,14.5006875,"2019-08-05",217,"2019-04-29",119,0,2,1419.349875,0,73,"",0,0,0,1.75275,2.99216666666667,10.2670551825994,15.088625,9.08407706766917,11.2821196741855,4.52869047619048,14.4292857142857,1.972875,"Chinook","PRFT",2018,NA
"1568","CHA",139,139,0,0,0,0,0,9.99839448441247,4.34772989293005,18.9027552218776,14.2611666666667,3.4113125,5.65854166666667,11.0964583333333,13.943,15.6567166666667,"2019-08-05",217,"2019-04-28",118,0,15,1389.77683333333,0,70,"",0,0,0,1.78925,2.32845833333333,10.0556180630147,16.589625,8.90055043859649,11.1017145989975,3.08638095238095,15.7497321428571,1.73083333333333,"Chinook","PRFT",2018,NA
"1569","CHC",139,139,0,0,0,0,0,7.09359412470024,3.01187052685451,9.07136407053488,9.14204166666667,2.8485,3.8465625,7.58708333333333,9.96208333333333,11.0634833333333,"2019-08-05",217,"2019-04-29",119,0,39,986.009583333333,0,32,"",0,0,0,1.546125,2.29433333333333,7.11885884353742,11.436375,6.18964129072682,7.88494830827068,2.6126369047619,11.0846845238095,1.587125,"Chinook","PRFT",2018,NA
"1570","HER",139,139,0,0,0,0,0,9.76365947242206,2.49583753432768,6.22920499775886,9.50354166666667,5.76575833333333,7.54289583333333,9.48383333333333,12.3359375,13.125975,"2019-08-03",215,"2019-04-29",119,0,0,1357.14866666667,0,60,"",0,0,0,2.06925,4.13358333333333,9.76093242033656,13.637125,8.59842857142857,10.716765037594,5.48770238095238,12.923869047619,2.06620833333333,"Chinook","PRFT",2018,NA
"1571","LAK",139,139,0,0,0,0,0,8.01549430455636,4.13817873867279,17.1245232732035,13.5562916666667,1.83257083333333,3.7829375,8.525375,11.8232708333333,13.5554541666667,"2019-08-05",217,"2019-04-29",119,0,38,1114.15370833333,0,58,"",0,0,0,1.88516666666667,1.16104166666667,8.06085629251701,14.7173333333333,7.01599780701754,9.0018436716792,1.60255952380952,13.8917142857143,1.77325,"Chinook","PRFT",2018,NA
"1572","MAR",139,139,0,0,0,0,0,8.51284802158273,3.60332358890292,12.9839408863442,11.645125,2.3569625,5.32535416666667,9.75145833333333,11.5480625,12.8710666666667,"2019-07-14",195,"2019-04-29",119,0,26,1183.285875,0,66,"",0,0,0,1.722625,1.97004166666667,8.58182814178303,13.6151666666667,7.45112218045113,9.48121303258145,2.16102380952381,12.8272916666667,1.94945833333333,"Chinook","PRFT",2018,NA
"1573","SEC",139,122,0,0,0,0,0,8.53861636416862,4.49743945422331,20.2269616444044,14.7914583333333,2.40530625,4.61602083333333,8.48402083333333,12.8530416666667,15.719025,"2019-08-05",217,"2019-04-20",110,0,21,1041.71119642857,0,45,"",0,0,0,2.16554166666667,1.61,8.57501789379545,16.4014583333333,7.42573373357964,9.56261135057471,2.28719642857143,15.9269047619048,1.97104166666667,"Chinook","PRFT",2018,NA
"1574","SFS",139,139,0,0,0,0,0,10.0992311151079,4.55035988425017,20.7057750761932,14.3870416666667,3.85961666666667,5.44614583333333,10.3453333333333,14.6125416666667,16.2572125,"2019-08-05",217,"2019-04-29",119,0,8,1403.793125,0,62,"",0,0,0,2.16754166666667,2.93216666666667,10.1426663086287,17.3192083333333,8.93751973684211,11.1740989974937,3.72158333333333,16.5875178571429,1.93054166666667,"Chinook","PRFT",2018,NA
"1575","STH",139,139,0,0,0,0,0,10.9927086810552,3.04963857400098,9.30029543203472,10.6436666666667,6.1161625,8.19027083333333,11.9854583333333,13.6274791666667,14.7967375,"2019-07-14",195,"2019-04-30",120,0,0,1527.98650666667,0,86,"",0,0,0,2.082,4.59125,11.0516446527032,15.2349166666667,9.8993787593985,11.9454041729323,5.61997619047619,14.8201190476191,1.92004166666667,"Chinook","PRFT",2018,NA
"1576","SUL",139,114,0,0,0,0,0,7.49719005847953,3.63217331466596,13.1926829877715,10.8713333333333,2.50753958333333,4.00095833333333,7.3471875,10.9198541666667,12.6584729166667,"2019-07-14",195,"2019-04-20",110,0,29,854.679666666667,0,40,"",0,0,0,1.79441666666667,2.28379166666667,7.49649619708995,13.155125,6.46255594135802,8.30053279320988,2.49964880952381,12.5202083333333,1.62570833333333,"Chinook","PRFT",2018,NA
"1577","VAL",139,139,0,0,0,0,0,10.930145383693,3.98081770228033,15.8469095787884,13.08475,3.9159125,7.2898125,11.8763333333333,14.5721875,15.932725,"2019-07-31",212,"2019-04-21",111,0,9,1519.29020833333,0,79,"",0,0,0,2.80029166666667,3.23783333333333,11.0038602309345,16.3225833333333,9.64745394736842,12.0222543859649,3.77918452380952,16.0809702380952,2.15741666666667,"Chinook","PRFT",2018,NA
"1578","WFC",139,139,0,0,0,0,0,8.92078836930456,3.75422120524916,14.0941768579425,12.516375,2.74054583333333,5.344625,10.3430833333333,12.065375,13.6827166666667,"2019-08-05",217,"2019-04-20",110,0,19,1239.98958333333,0,71,"",0,0,0,1.70133333333333,1.98041666666667,8.98983279627641,14.4967916666667,7.9002656641604,9.99497337092732,2.57339880952381,13.7031547619048,1.85304166666667,"Chinook","PRFT",2018,NA
"1579","BIU",139,139,0,0,0,0,0,7.26182164268585,2.98986773939666,8.93930909908486,9.39779166666667,3.1842625,4.3818125,6.89508333333333,10.3315416666667,11.3252125,"2020-08-06",219,"2020-04-15",106,0,25,1009.39320833333,0,42,"",0,0,0,1.77608333333333,2.32504166666667,7.30805057286072,11.7228333333333,6.52042857142857,7.98570520050125,3.10501785714286,11.5155,1.21179166666667,"Chinook","PRFT",2019,NA
"1580","BVC",139,139,0,0,0,0,0,10.7830863309353,4.76410072065768,22.6966556765711,15.5444166666667,3.46718333333333,5.69902083333333,11.5577083333333,14.9650208333333,16.9842166666667,"2020-08-06",219,"2020-05-01",122,0,15,1498.849,0,64,"",0,0,0,2.40583333333333,2.3815,10.8767901450054,17.9259166666667,9.38103602756892,12.2796203007519,2.98277380952381,17.3683035714286,2.26866666666667,"Chinook","PRFT",2019,NA
"1581","CAM",139,139,0,0,0,0,0,9.53116636690648,3.34028548613171,11.1575071288621,12.486125,5.15773333333333,6.48122916666667,9.20133333333333,12.7827916666667,14.3167916666667,"2020-08-18",231,"2020-04-15",106,0,5,1324.832125,0,63,"",0,0,0,2.92454166666667,2.87954166666667,9.62318148048693,15.3656666666667,8.42192355889724,10.6767531328321,3.92041666666667,14.6537678571429,1.79704166666667,"Chinook","PRFT",2019,NA
"1582","CHA",139,139,0,0,0,0,0,9.32928302812296,4.37244203055925,19.1182493106011,14.0008333333333,3.21954166666667,4.99020833333333,9.41791666666667,13.200625,15.595375,"2020-08-18",231,"2020-04-23",114,0,20,1296.77034090909,0,59,"",0,0,0,2.15,2.36833333333333,9.4138962259545,16.3691666666667,8.13461152882206,10.6033387445887,3.08172619047619,16.0292261904762,2.09041666666667,"Chinook","PRFT",2019,NA
"1583","CHC",139,139,0,0,0,0,0,7.35428776978417,2.75434428708336,7.58641245178875,9.16116666666667,3.50115833333333,4.58058333333333,7.60204166666667,9.78708333333333,11.0665583333333,"2020-08-18",231,"2020-04-15",106,0,24,1022.246,0,29,"",0,0,0,1.98170833333333,2.797,7.4222511188686,11.9581666666667,6.40080795739348,8.37963721804511,3.42836904761905,11.2892440476191,1.58175,"Chinook","PRFT",2019,NA
"1584","HER",139,139,0,0,0,0,0,10.7653264388489,2.82110653683619,7.95864209217988,12.0387083333333,6.671125,8.09664583333333,10.9602083333333,13.1207291666667,14.5808083333333,"2020-08-18",231,"2020-04-15",106,0,1,1496.380375,0,83,"",0,0,0,3.000625,3.256375,10.8725720551378,15.2950833333333,9.48498778195489,12.0682625313283,5.74004761904762,14.7055952380952,2.19383333333333,"Chinook","PRFT",2019,NA
"1585","LAK",139,139,0,0,0,0,0,7.54365407673861,4.16250181142654,17.3264213301292,13.2319166666667,1.82570833333333,3.1873125,7.46316666666667,11.2679166666667,13.4894416666667,"2020-08-18",231,"2020-04-30",121,0,42,1048.56791666667,0,57,"",0,0,0,2.03320833333333,1.10116666666667,7.61484322413176,14.3330833333333,6.38533803258145,8.75245426065163,1.79755952380952,13.7453273809524,2.10525,"Chinook","PRFT",2019,NA
"1586","MAR",139,139,0,0,0,0,0,8.81343555155875,3.38615280611259,11.4660308263442,11.653375,3.5143,5.68352083333333,9.58091666666667,11.8027291666667,13.0744833333333,"2020-08-06",219,"2020-04-30",121,0,18,1225.06754166667,0,64,"",0,0,0,2.48895833333333,2.21545833333333,8.90498899033298,13.8688333333333,7.68381296992481,10.0914414160401,2.89921428571429,13.3205952380952,2.15808333333333,"Chinook","PRFT",2019,NA
"1587","SFS",139,139,0,0,0,0,0,10.0865800359712,4.54728242106701,20.6777774169451,14.3499583333333,4.2999875,5.43179166666667,9.78225,14.5087708333333,16.7543916666667,"2020-08-18",231,"2020-04-16",107,0,4,1402.034625,0,53,"",0,0,0,2.315875,3.59933333333333,10.1560203634085,17.9492916666667,8.85423590225564,11.398429197995,4.10030952380952,16.9757619047619,2.246625,"Chinook","PRFT",2019,NA
"1588","STH",139,139,0,0,0,0,0,11.6490806354916,3.01168569705195,9.07025073782731,10.4809583333333,6.81097083333333,8.73366666666667,12.2544166666667,14.3373333333333,15.3962583333333,"2020-07-31",213,"2020-04-16",107,0,0,1619.22220833333,0,93,"",0,0,0,2.428875,5.473375,11.7586463032581,15.9543333333333,10.5089721177945,12.9064567669173,6.38688095238095,15.502005952381,2.164125,"Chinook","PRFT",2019,NA
"1589","VAL",139,139,0,0,0,0,0,11.6376960431655,4.0454065948865,16.3653145179512,13.7159166666667,4.9292375,7.784125,11.7909166666667,15.1090416666667,17.160325,"2020-07-31",213,"2020-04-24",115,0,0,1617.63975,0,67,"",0,0,0,2.39933333333333,4.39429166666667,11.7540285535267,18.1102083333333,10.3786162280702,13.0877387218045,4.82632738095238,17.3958571428571,2.71266666666667,"Chinook","PRFT",2019,NA
"1590","WFC",139,139,0,0,0,0,0,8.26997302158273,3.74773335619344,14.045505309125,12.7052083333333,2.42513333333333,4.57552083333333,8.83683333333333,11.3646458333333,13.4251458333333,"2020-08-18",231,"2020-04-16",107,0,26,1149.52625,0,63,"",0,0,0,1.79541666666667,1.679625,8.36793546365915,14.3848333333333,7.26313690476191,9.4436835839599,2.14619642857143,13.7998273809524,1.95854166666667,"Chinook","PRFT",2019,NA
"1591","BIU",139,139,0,0,0,0,0,8.47150276300699,3.30307235387529,10.9102869749353,9.707625,3.5008875,5.05283333333333,10.0320833333333,11.573125,12.2424,"2021-07-07",188,"2021-05-09",129,0,22,1177.53888405797,0,71,"",0,0,0,1.27095833333333,3.001625,8.54252580208285,12.70925,7.74056689277542,9.2401287593985,3.58459523809524,12.3261428571429,1.47320833333333,"Chinook","PRFT",2020,NA
"1592","BVC",139,139,0,0,0,0,0,12.2694760464356,5.13166296396425,26.3339647757223,16.805375,3.87960416666667,6.99675,13.694,16.7715,18.2707958333333,"2021-07-05",186,"2021-04-25",115,1,11,1705.45717045455,0.390291666666666,42,"",1,1,0,3.20158333333333,2.58491666666667,12.4317246972952,19.3902916666667,11.0191036967419,13.725274122807,3.54282142857143,18.3740833333333,2.4435,"Chinook","PRFT",2020,NA
"1593","CAM",139,139,0,0,0,0,0,11.5161780147311,4.06936670238679,16.5597453584943,13.291,4.76691666666667,7.96991666666667,12.3549166666667,15.406,16.2352791666667,"2021-07-05",186,"2021-04-15",105,0,1,1600.74874404762,0,74,"",0,0,0,2.29858333333334,3.60208333333333,11.6666166756176,16.8930833333333,10.4571622807018,12.7333806390977,4.54555952380952,16.1538095238095,2.19691666666667,"Chinook","PRFT",2020,NA
"1594","CHA",139,139,0,0,0,0,0,11.016447097161,4.94895315681615,24.4921373483605,14.48125,3.42545833333333,5.67145833333333,12.2283333333333,15.5716666666667,17.10425,"2021-07-07",188,"2021-04-19",109,0,20,1531.28614650538,0,63,"",0,0,0,2.20875,3.03916666666667,11.15697823187,17.5204166666667,9.9552734962406,12.2416367531733,3.33672619047619,17.1676190476191,2.12166666666667,"Chinook","PRFT",2020,NA
"1595","CHC",139,139,0,0,0,0,0,8.45969827774144,3.03997682890704,9.24145912029171,9.81416666666667,3.6914625,5.18595833333333,9.17229166666667,11.2964375,12.2824625,"2021-07-29",210,"2021-04-25",115,0,17,1175.89806060606,0,56,"",0,0,0,2.11075,2.86933333333333,8.55322763076523,12.6835,7.54259586466165,9.41600344611529,3.59718452380952,12.1180773809524,1.87770833333333,"Chinook","PRFT",2020,NA
"1596","HER",139,139,0,0,0,0,0,12.2473852712297,3.37166716150499,11.3681394479711,13.3706666666667,6.0636375,9.79104166666667,13.2517083333333,14.9899375,16.1221208333333,"2021-07-30",211,"2021-04-15",105,0,1,1702.38655270092,0,91,"",0,0,0,2.34979166666667,3.82279166666667,12.3905459118222,17.1934583333333,10.9824304511278,13.6993925983437,5.34123214285714,16.03458436853,2.53858333333333,"Chinook","PRFT",2020,NA
"1597","LAK",139,139,0,0,0,0,0,9.48718256698989,4.86050999354788,23.6245573973788,14.1169166666667,2.3238,4.36425,10.5521666666667,14.1598333333333,15.5595541666667,"2021-07-04",185,"2021-04-25",115,0,32,1318.71837681159,0,77,"",0,0,0,1.819375,1.8165,9.61666412926727,15.9334166666667,8.49302380952381,10.6016315789474,2.12450595238095,15.4876130952381,1.92966666666667,"Chinook","PRFT",2020,NA
"1598","MAR",139,139,0,0,0,0,0,9.92255900062559,3.59767831676617,12.9432892709295,12.1121666666667,3.540925,6.7419375,11.23175,12.8621041666667,14.1539291666667,"2021-07-05",186,"2021-04-25",115,0,15,1379.23570108696,0,82,"",0,0,0,2.62,2.85858333333333,10.0715234865113,14.97075,8.8734259017108,11.1528981829574,3.41993452380952,14.2009285714286,2.19441666666667,"Chinook","PRFT",2020,NA
"1599","SFS",139,139,19,0.136690647482014,19,0.136690647482014,0.273381294964029,11.7991370138889,5.52409091661305,30.5155804550068,15.7976666666667,4.40498541666667,5.87979166666667,12.9145,17.0964583333333,18.8327,"2021-07-05",186,"2021-05-09",129,5,1,1415.89644166667,1.495125,22,"",2,1,0,3.04120833333333,3.82945833333333,12.0700972109788,19.627125,NA,NA,4.36699404761905,18.8573511904762,2.195875,"Chinook","PRFT",2020,NA
"1600","STH",139,15,0,0,0,0,0,6.74923055555556,0.650394683261287,0.42301324401455,2.58766666666667,5.9441875,6.31845833333333,6.75220833333333,7.01920833333333,7.6798375,"2021-04-28",118,"2021-04-15",105,0,0,101.238458333333,0,0,"",0,0,0,1.3705,5.78420833333333,6.74184788359788,8.371875,6.11873148148148,7.51344444444445,6.57527380952381,6.91641071428571,1.176625,"Chinook","PRFT",2020,NA
"1601","VAL",139,139,0,0,0,0,0,13.0455691356006,4.29448410504709,18.4425937285021,14.5951666666667,5.34304583333333,8.9175625,13.977875,16.9278333333333,18.1031625,"2021-07-05",186,"2021-04-15",105,0,0,1813.33410984848,0,51,"",0,0,0,2.943875,4.35295833333333,13.2260354661003,18.948125,11.8759332706767,14.4804132205514,5.09141666666667,17.9969523809524,2.52195833333333,"Chinook","PRFT",2020,NA
"1602","WFC",139,139,0,0,0,0,0,9.73987115044806,4.44920939287571,19.7954642216534,13.5358333333333,2.55914583333333,5.11564583333333,10.8836666666667,13.7368333333333,15.1715541666667,"2021-07-05",186,"2021-04-19",109,0,27,1353.84208991228,0,81,"",0,0,0,1.97120833333333,2.14133333333333,9.88572077986319,15.6771666666667,8.81907612781955,10.9223822055138,2.37917261904762,15.2253988095238,1.81683333333333,"Chinook","PRFT",2020,NA
"1603","BIU",139,139,0,0,0,0,0,7.74499460431655,3.4316128168405,11.775966524704,11.7940416666667,3.42535,4.60175,6.72204166666667,11.5178333333333,12.448425,"2022-08-13",225,"2022-04-16",106,0,19,1076.55425,0,51,"",0,0,0,1.52579166666667,1.00383333333333,7.78586967418546,12.797875,7.03693703007519,8.56070394736842,2.81073214285714,12.3485535714286,1.390375,"Chinook","PRFT",2021,NA
"1604","CAM",139,139,0,0,0,0,0,9.88108902877698,3.73878855786399,13.9785398804147,14.455375,4.44366666666667,6.580375,9.73679166666667,13.6689583333333,14.6325666666667,"2022-07-28",209,"2022-04-15",105,0,4,1373.471375,0,69,"",0,0,0,2.02375,0.884875,9.9652540726817,15.34025,8.88679730576441,11.0465288220551,3.86003571428571,14.580130952381,1.907,"Chinook","PRFT",2021,NA
"1605","CHA",139,139,0,0,0,0,0,10.105707733813,4.93377311688076,24.3421171688553,16.1548333333333,3.5300625,5.32433333333333,10.3322916666667,15.1472083333333,16.2519708333333,"2022-07-28",209,"2022-04-16",106,0,13,1404.693375,0,62,"",0,0,0,2.37675,0.938416666666667,10.1901277747941,17.09325,9.06863157894737,11.2470479323308,3.0423630952381,16.6214226190476,2.07583333333333,"Chinook","PRFT",2021,NA
"1606","HER",139,139,0,0,0,0,0,9.93723980815348,2.86524541980115,8.20963131569147,9.51804166666667,5.19972083333333,7.30614583333333,10.1982083333333,12.7677708333333,13.6103291666667,"2022-08-21",233,"2022-04-16",106,0,0,1381.27633333333,0,71,"",0,0,0,2.87795833333333,4.43066666666667,9.97308722699606,13.9487083333333,8.77910714285714,11.0809329573935,5.70632142857143,13.4990833333333,1.92116666666667,"Chinook","PRFT",2021,NA
"1607","LAK",139,139,0,0,0,0,0,7.83664538369305,4.77974566430559,22.845968615448,14.3105833333333,1.31563333333333,3.1173125,7.84141666666667,12.8209375,13.7844833333333,"2022-07-28",209,"2022-04-16",106,0,47,1089.29370833333,0,61,"",0,0,0,1.790375,0.0650416666666667,7.90784170247046,14.375625,6.94688063909775,8.80726503759398,0.83202380952381,13.966880952381,1.83504166666667,"Chinook","PRFT",2021,NA
"1608","LOO",139,139,0,0,0,0,0,8.5064301558753,3.24599790613113,10.5365024066077,11.7319583333333,4.37090833333333,5.60472916666667,7.91475,11.9874583333333,12.8399291666667,"2022-08-12",224,"2022-04-16",106,0,4,1182.39379166667,0,56,"",0,0,0,1.845625,1.34983333333333,8.55507666487648,13.0817916666667,7.73822117794486,9.3624727443609,3.51210714285714,12.7841369047619,1.43595833333333,"Chinook","PRFT",2021,NA
"1609","VAL",139,139,0,0,0,0,0,11.3462374100719,4.3192583073865,18.6559923259273,14.8781666666667,4.52073333333333,7.26270833333333,12.0845,15.5402291666667,16.8441458333333,"2022-07-28",209,"2022-04-16",106,0,3,1577.127,0,60,"",0,0,0,2.31779166666667,2.54841666666667,11.4295030880773,17.4265833333333,10.1640773809524,12.6120263157895,4.66360714285714,16.9622619047619,2.219125,"Chinook","PRFT",2021,NA
"1610","WFC",139,139,0,0,0,0,0,8.80700659472422,4.40182125915521,19.3760303975508,14.239125,2.68424583333333,4.30533333333333,9.15058333333333,13.1184166666667,14.2034041666667,"2022-07-28",209,"2022-04-16",106,0,30,1224.17391666667,0,67,"",0,0,0,1.73454166666667,0.523708333333333,8.89023357500895,14.7628333333333,7.9965272556391,9.72943452380952,2.04876785714286,14.45375,1.65633333333333,"Chinook","PRFT",2021,NA
"1611","BIU",139,99,0,0,0,0,0,6.54937988215488,2.89697430066324,8.39246009870325,10.4723333333333,2.53090416666667,4.37529166666667,5.78525,8.5421875,11.6276625,"2023-07-21",202,"2023-04-18",108,0,22,648.388608333333,0,19,"",0,0,0,1.100125,1.68616666666667,6.52061786994368,12.1585,5.82739184587814,7.19113978494624,2.28754166666667,11.849880952381,1.24529166666667,"Chinook","PRFT",2022,NA
"1612","BVC",139,139,0,0,0,0,0,10.5068042104778,5.24061022656806,27.4639955468097,17.3995833333333,1.95102083333333,5.88527083333333,11.3163333333333,15.0359583333333,16.7246291666667,"2023-08-18",230,"2023-04-18",108,0,30,1460.44578525641,0,65,"",0,0,0,1.66008333333333,0.246041666666667,10.6515202704564,17.645625,9.46840654520918,11.7808471177945,0.726690476190476,16.9291428571429,2.14454166666667,"Chinook","PRFT",2022,NA
"1613","CAM",139,94,0,0,0,0,0,8.12862225177305,2.95183201173329,8.71331222549341,12.338375,3.58207916666667,5.99477083333333,7.9093125,9.52192708333333,13.1538791666667,"2023-07-16",197,"2023-04-19",109,0,7,764.090491666667,0,21,"",0,0,0,1.23058333333333,2.02358333333333,8.12506715367965,14.3619583333333,7.32079725378788,8.92347017045455,2.8966369047619,13.6132857142857,1.59620833333333,"Chinook","PRFT",2022,NA
"1614","CHA",139,139,0,0,0,0,0,10.5654403477218,4.46553048928692,19.9409625507511,15.2164583333333,3.43035416666667,6.74720833333333,10.9798333333333,14.4908125,16.109475,"2023-08-15",227,"2023-04-17",107,0,11,1468.59620833333,0,70,"",0,0,0,1.52158333333333,1.89116666666667,10.6760913891873,17.107625,9.63835745614035,11.6738493107769,3.14030952380952,16.0963273809524,1.81458333333333,"Chinook","PRFT",2022,NA
"1615","HER",139,139,0,0,0,0,0,9.48621620811459,2.48303190153391,6.16544742403511,11.1254583333333,5.86759583333333,7.68379166666667,8.85195833333333,11.6985625,12.8519833333333,"2023-08-18",230,"2023-04-19",109,0,2,1318.58405292793,0,61,"",0,0,0,1.84258333333333,3.20208333333333,9.5435365597875,14.3275416666667,8.54867483743142,10.4515927318296,4.67844642857143,13.5084166666667,1.80541666666667,"Chinook","PRFT",2022,NA
"1616","LAK",139,51,0,0,0,0,0,2.82328513071895,1.85435569263762,3.43863503481754,5.93045833333333,0.421625,1.47170833333333,2.24129166666667,4.62879166666667,6.00258333333333,"2023-06-01",152,"2023-04-19",109,0,35,143.987541666667,0,0,"",0,0,0,0.742041666666667,0.232333333333333,2.77815238095238,6.16279166666667,2.22149907407407,3.3440287037037,0.436559523809524,5.88192857142857,1.08970833333333,"Chinook","PRFT",2022,NA
"1617","LOO",139,139,0,0,0,0,0,8.87866438848921,3.16815032593916,10.0371764877484,12.47525,4.46491666666667,6.085,8.24883333333333,12.0648208333333,13.116775,"2023-08-18",230,"2023-04-19",109,0,5,1234.13435,0,63,"",0,0,0,1.19825,2.08820833333333,8.93613000358038,14.5634583333333,8.18860250626566,9.63709116541353,3.35683928571429,13.7358928571429,1.4015,"Chinook","PRFT",2022,NA
"1618","VAL",139,139,0,0,0,0,0,11.594125530345,4.19739943659766,17.6181620303504,15.32275,4.66431666666667,8.6596875,11.4319583333333,15.4874375,16.9683666666667,"2023-08-18",230,"2023-04-19",109,0,2,1611.58344871795,0,70,"",0,0,0,1.70225,2.87608333333333,11.6853063634361,18.1988333333333,10.5608679149798,12.8273154761905,4.27746428571429,17.2916369047619,2.35946794871795,"Chinook","PRFT",2022,NA
"1619","WFC",139,139,0,0,0,0,0,9.05618435251799,3.975341770889,15.8033421953749,13.5688333333333,2.34154583333333,6.37558333333333,9.88633333333333,12.4819375,13.6516583333333,"2023-08-15",227,"2023-04-18",108,0,26,1258.809625,0,68,"",0,0,0,1.09366666666667,1.22683333333333,9.16290695488722,14.7956666666667,8.29281578947368,10.0339019423559,1.98559523809524,13.9,1.54170833333333,"Chinook","PRFT",2022,NA
"1620","BVC",139,139,0,0,0,0,0,11.1649022781775,4.91414609168055,24.1488318103792,15.7969166666667,3.10890416666667,6.67708333333333,12.8065,15.20075,17.4111083333333,"2024-07-23",205,"2024-04-30",121,0,20,1551.92141666667,0,58,"",0,0,0,2.22791666666667,2.224,11.3332116004296,18.0209166666667,10.0624031954887,12.5164010025063,2.73274404761905,17.7010952380952,2.10816666666667,"Chinook","PRFT",2023,NA
"1621","CHA",139,139,0,0,0,0,0,10.5459307125728,4.77589458391141,22.8091690766343,15.8773333333333,2.962975,5.92816666666667,11.8207916666667,14.5105625,17.0968291666667,"2024-07-25",207,"2024-04-30",121,0,15,1465.88436904762,0,62,"",0,0,0,2.49625,2.06495833333333,10.6945213927676,17.9422916666667,9.24638032581454,11.9958370927318,3.0217380952381,17.477369047619,2.55691666666667,"Chinook","PRFT",2023,NA
"1622","CHC",139,139,0,0,0,0,0,7.57149361380461,2.98657380099271,8.91962306877605,10.0612916666667,3.07620416666667,4.64835416666667,8.10870833333333,10.1348958333333,11.5247375,"2024-07-25",207,"2024-04-18",109,0,27,1052.43761231884,0,40,"",0,0,0,1.621625,2.18166666666667,7.68292561177789,12.2429583333333,6.66283386455269,8.57217857142857,2.93902976190476,11.7637619047619,1.72583333333333,"Chinook","PRFT",2023,NA
"1623","HER",139,139,0,0,0,0,0,10.0445440647482,2.96598357898784,8.79705859082553,11.4485,5.095525,7.421875,10.63575,12.5210416666667,14.052025,"2024-08-04",217,"2024-05-01",122,0,2,1396.191625,0,75,"",0,0,0,2.39029166666667,3.33795833333333,10.1281967866094,14.7864583333333,8.91391196741855,11.2771121553885,5.16326190476191,13.9932142857143,2.102875,"Chinook","PRFT",2023,NA
"1624","LOO",139,139,0,0,0,0,0,9.30628836930456,3.34613850053853,11.1966428647863,11.220375,4.37782083333333,6.2508125,10.204375,12.4434791666667,13.9961875,"2024-07-25",207,"2024-04-18",109,0,5,1293.57408333333,0,71,"",0,0,0,1.83479166666667,3.526375,9.39150608664518,14.74675,8.35822086466165,10.3329934210526,4.31058333333333,14.0848273809524,1.77854166666667,"Chinook","PRFT",2023,NA
"1625","VAL",139,139,0,0,0,0,0,11.7972338129496,4.22254635201441,17.8298976949102,15.326375,4.54380833333333,8.8199375,12.5812083333333,15.2528125,17.3926708333333,"2024-07-23",205,"2024-04-16",107,0,6,1639.8155,0,66,"",0,0,0,2.22195833333333,3.07583333333333,12.0070844522019,18.4022083333333,10.5560883458647,13.3020303884712,3.93022023809524,17.6780833333333,2.441,"Chinook","PRFT",2023,NA
"1626","WFC",139,139,0,0,0,0,0,8.92431611074777,4.12596921627148,17.0236219736199,14.0306666666667,2.400175,5.0338125,10.0343333333333,12.4067083333333,14.6382458333333,"2024-07-25",207,"2024-04-17",108,0,26,1240.47993939394,0,71,"",0,0,0,1.9925,1.797125,9.05420107492758,15.8277916666667,7.85996115288221,10.1576159432673,2.38852976190476,14.9210297619048,2.03075,"Chinook","PRFT",2023,NA
"1627","BVC",139,109,0,0,0,0,0,10.5877389143731,5.06869774390932,25.6916968191114,16.283375,2.79223333333333,5.54429166666667,11.9742083333333,15.1937083333333,17.0948583333333,"2025-07-14",195,"2025-04-29",119,0,18,1154.06354166667,0,45,"",0,0,0,1.86970833333333,1.83354166666667,10.6776871243643,18.1169166666667,9.27417597087379,11.9771334951456,2.56959523809524,17.405244047619,2.36379166666667,"Chinook","PRFT",2024,NA
"1628","CHA",139,124,0,0,0,0,0,10.7029733582949,4.52349669775029,20.4620223745578,14.5532083333333,3.96766875,5.90888541666667,11.8666458333333,14.4823854166667,16.4824375,"2025-07-14",195,"2025-04-17",107,0,7,1327.16869642857,0,54,"",0,0,0,2.02575,2.881,10.7670766603251,17.4342083333333,9.37144269572236,12.0050201271186,3.66138095238095,16.7017619047619,2.47945833333333,"Chinook","PRFT",2024,NA
"1629","CHC",139,104,0,0,0,0,0,6.86546674679487,2.95337834937683,8.72244367456782,9.4205,2.85737291666667,3.71033333333333,7.04789583333333,9.65913541666667,11.1720895833333,"2025-07-14",195,"2025-04-19",109,0,31,714.008541666667,0,22,"",0,0,0,1.329375,2.60129166666667,6.90779506802721,12.0217916666667,6.03135331632653,7.69793494897959,3.09306547619048,11.3807440476191,1.49425,"Chinook","PRFT",2024,NA
"1630","HER",139,102,0,0,0,0,0,10.1977720588235,2.57277473463567,6.61916983517966,10.538375,6.30625833333333,8.02333333333333,10.3736666666667,12.1911354166667,14.01025625,"2025-07-13",194,"2025-04-18",108,0,0,1040.17275,0,56,"",0,0,0,2.13279166666667,4.35991666666667,10.2464526289683,14.8982916666667,8.72079383680556,11.4928237847222,5.90823214285714,14.3563333333333,2.68754166666667,"Chinook","PRFT",2024,NA
"1631","LOO",139,100,0,0,0,0,0,8.28682428571429,2.76734753915116,7.658212402446,9.92754166666667,4.81211458333333,6.07475,7.666,10.4429464285714,13.1498916666667,"2025-07-14",195,"2025-04-18",108,0,1,828.682428571429,0,28,"",0,0,0,1.53175,3.89479166666667,8.27945290563034,13.8223333333333,7.30988487841945,9.08484929078014,4.69826785714286,13.3642678571429,1.57866666666667,"Chinook","PRFT",2024,NA
"1632","MAR",139,103,0,0,0,0,0,8.64963654468509,3.89683389947148,15.1853144400701,13.3249166666667,1.944675,5.76891666666667,9.69425,11.9743333333333,13.5020666666667,"2025-07-14",195,"2025-04-17",107,0,20,890.912564102564,0,50,"",0,0,0,1.77979166666667,1.36904166666667,8.76506422057324,14.6939583333333,7.53338253370341,9.85557603092784,2.21579761904762,13.9019107142857,1.9375,"Chinook","PRFT",2024,NA
"1633","SFS",139,110,0,0,0,0,0,10.3797448863636,4.87029726033531,23.7197954040296,14.756,4.00007291666667,5.36602083333333,9.57575,15.4648958333333,17.2915895833333,"2025-07-14",195,"2025-04-18",108,0,6,1141.7719375,0,32,"",0,0,0,1.82866666666667,3.47645833333333,10.4106218807234,18.2324583333333,9.19511197916667,11.5341342147436,3.8026369047619,17.4126964285714,1.90666666666667,"Chinook","PRFT",2024,NA
"1634","VAL",139,104,0,0,0,0,0,11.1745008012821,4.01076396425856,16.086227576995,14.8537083333333,4.63169375,7.8383125,11.8642291666667,14.5120104166667,16.5725666666667,"2025-07-14",195,"2025-04-17",107,0,5,1162.14808333333,0,48,"",0,0,0,1.62433333333333,3.21358333333333,11.2870662050534,18.0672916666667,9.91975382653061,12.488724914966,3.85765476190476,17.0031071428571,2.31627083333333,"Chinook","PRFT",2024,NA
"1635","WFC",139,122,0,0,0,0,0,9.12844091530055,3.96722614996291,15.7388833249495,12.8435416666667,3.05453333333333,5.21434375,10.3183125,12.5050104166667,14.2027270833333,"2025-07-14",195,"2025-04-17",107,0,19,1113.66979166667,0,62,"",0,0,0,1.765,1.96408333333333,9.20775708128079,14.807625,7.98389260057471,10.3669554597701,2.56616071428571,14.1830892857143,2.08208333333333,"Chinook","PRFT",2024,NA
"1636","MAR",365,365,0,0,0,0,0,5.57500612353497,4.67768128776022,21.8807022298621,15.3412916666667,0.3,1.158125,4.116,9.52475,13.5987833333333,"1994-07-23",204,"1994-11-14",318,0,179,2034.87723509026,0,80,"",0,0,0,2.95808333333333,0.2375,5.60380931647374,15.5787916666667,4.64612395543176,6.59203978990103,0.283928571428571,14.5466607142857,1.708125,"Chinook","PRST",1993,NA
"1637","STH",365,365,39,0.106849315068493,39,0.106849315068493,0.213698630136986,7.58990877531021,5.19290337116336,26.9662454222398,16.5731333333333,0.313479166666667,2.5370625,7.73504166666667,12.3308645833333,15.24121875,"1994-07-08",189,"1995-01-01",1,0,121,2474.31026075113,0,131,"",0,0,0,6.60688333333333,0.2,7.55956386014741,16.7731333333333,NA,NA,0.211904761904762,16.0406547619048,1.887375,"Chinook","PRST",1993,NA
"1638","VAL",365,365,48,0.131506849315068,48,0.131506849315068,0.263013698630137,7.35553160852052,6.19258314502686,38.3480860080707,19.3269962121212,0.609016666666667,0.908041666666667,5.62041666666667,12.79125,17.213,"1994-07-23",204,"1995-01-22",22,4,142,2331.70351990101,0.755416666666669,90,"",3,2,1,2.82925,0.349958333333333,7.37944841581724,19.6769545454545,NA,NA,0.440982142857143,18.8617993197279,1.61670833333333,"Chinook","PRST",1993,NA
"1639","MAR",366,366,0,0,0,0,0,4.82937054208094,3.9335755244802,15.4730164067896,12.912125,0.3,1.4904375,3.56839583333333,8.21738541666667,11.8672291666667,"1995-08-06",218,"1995-12-05",339,0,203,1767.54961840163,0,61,"",0,0,0,2.26645833333333,0.3,4.86070186659182,13.212125,4.02919901871981,5.74954581609535,0.3,12.4674880952381,1.65404166666667,"Chinook","PRST",1994,NA
"1640","STH",366,366,0,0,0,0,0,6.75089571596678,4.4060125165301,19.4129462958199,15.0831666666667,0.430135416666667,3.056875,6.1724375,10.6671354166667,13.9965104166667,"1995-08-04",216,"1995-12-22",356,0,115,2470.82783204384,0,96,"",0,0,0,2.28745833333333,0.295833333333333,6.77103663662972,15.379,5.76510972222222,7.80529948084569,0.335089285714286,14.7150476190476,1.96654166666667,"Chinook","PRST",1994,NA
"1641","VAL",366,366,0,0,0,0,0,6.23829332990996,4.93786201744214,24.3824813032978,15.7995833333333,0.53009375,1.3351875,4.9455,10.4986666666667,14.6328229166667,"1995-08-06",218,"1995-12-18",352,0,157,2283.21535874704,0,100,"",0,0,0,2.92508333333333,0.354166666666667,6.27729944228677,16.15375,5.30112696759259,7.22322051730365,0.414785714285714,15.3096845238095,1.83741666666667,"Chinook","PRST",1994,NA
"1642","MAR",365,365,0,0,0,0,0,4.50494519819295,4.16675658321289,17.3618604237479,13.3400416666667,0.0206666666666667,0.84325,2.76575,7.75625,12.1297833333333,"1996-08-14",227,"1996-12-07",342,0,217,1644.30499734043,0,64,"",0,0,0,2.33191666666667,0.019,4.53764576789348,13.3590416666667,3.71441364902507,5.3983300613406,0.0191785714285714,12.8272738095238,1.58279166666667,"Chinook","PRST",1995,NA
"1643","MAR",365,365,27,0.073972602739726,27,0.073972602739726,0.147945205479452,4.36451553494676,4.001869597026,16.0149602716011,13.59725,0.00866041666666667,1.13060416666667,2.93179166666667,7.58623958333333,12.1136958333333,"1997-08-07",219,"1998-01-10",10,0,207,1475.20625081201,0,47,"",0,0,0,1.98604166666667,0.000375,4.46917578126028,13.597625,NA,NA,0.002625,12.7559821428571,1.61216666666667,"Chinook","PRST",1996,NA
"1644","SEC",365,247,0,0,0,0,0,2.74945997826524,4.38323532177228,19.2127518860322,13.5681666666667,0.0271,0.029,0.029,3.11416666666667,12.1665041666667,"1997-08-24",236,"1997-12-04",338,0,190,679.116614631514,0,35,"",0,0,0,1.18775,0.024,2.64973755824181,13.5921666666667,2.22705565242341,3.13200535961273,0.025202380952381,13.0257857142857,0.005,"Chinook","PRST",1996,NA
"1645","SFS",365,231,37,0.16017316017316,37,0.101369863013699,0.261543023186859,2.97154645089397,4.08209463213219,16.6634965856824,14.5617777777778,0.05,0.0973854166666667,0.7546875,4.24647916666667,11.89494375,"1997-08-27",239,"1998-03-08",67,0,141,576.48001147343,0,22,"",0,0,0,1.195625,0,2.77790512493508,14.5617777777778,NA,NA,0,12.3726547619048,0.710402173913044,"Chinook","PRST",1996,NA
"1646","MAR",365,365,0,0,0,0,0,5.20680514305839,4.50262819443709,20.2736606573398,14.8760416666667,0.031625,1.3445,3.772,8.48675,13.4311916666667,"1998-08-05",217,"1998-12-22",356,0,190,1900.48387721631,0,81,"",0,0,0,1.961,0.029,5.22984337067815,14.9050416666667,4.34104439415042,6.11468181907979,0.029,14.0796547619048,1.66795833333333,"Chinook","PRST",1997,NA
"1647","STH",365,365,0,0,0,0,0,6.67711820294489,4.77337116619118,22.7850722902254,16.2205833333333,0.264116666666667,2.41066666666667,5.90829166666667,9.93404166666667,14.8153583333333,"1998-07-18",199,"1998-12-21",355,0,136,2437.14814407488,0,89,"",0,0,0,2.50329166666667,0.0110833333333333,6.6921890702444,16.2316666666667,5.6922424172083,7.69524299858464,0.0788690476190476,15.6846964285714,1.96420833333333,"Chinook","PRST",1997,NA
"1648","MAR",366,366,0,0,0,0,0,4.75266913378642,3.95871451523282,15.671420613115,13.0954166666667,0,1.617125,3.49847916666667,8.2785,11.9935104166667,"1999-07-29",210,"1999-12-04",338,0,208,1739.47690296583,0,57,"",0,0,0,2.21129166666667,0,4.77561234620138,13.0954166666667,3.91711968644781,5.65557017304365,0,12.49375,1.643,"Chinook","PRST",1998,NA
"1649","SEC",366,366,10,0.0273224043715847,10,0.0273224043715847,0.0546448087431694,4.05126388231059,4.58507969755538,21.0229558329345,15.0639583333333,0.009,0.01025,2.29075,7.42302083333333,13.436125,"1999-07-29",210,"1999-11-28",332,0,217,1442.24994210257,0,53,"",0,0,0,1.928375,0.00733333333333333,4.05750741710172,15.0712916666667,NA,NA,0.009,14.0329107142857,1.22558333333333,"Chinook","PRST",1998,NA
"1650","SFS",366,366,0,0,0,0,0,4.70625835574394,4.35117426317085,18.9327174684804,15.3134583333333,0.1,1.02911458333333,3.3598125,7.21676041666667,13.5353333333333,"1999-07-29",210,"1999-11-23",327,0,209,1722.49055820228,0,60,"",0,0,0,2.17791666666667,0,4.7319314282074,15.3134583333333,3.9378887328905,5.62300630985113,0.1,14.1863154761905,1.40858333333333,"Chinook","PRST",1998,NA
"1651","STH",366,366,0,0,0,0,0,6.65736371714144,4.40923560425231,19.4413586138062,14.921625,0.347083333333333,2.96796875,6.17716666666667,10.7441979166667,14.00471875,"1999-07-13",194,"2000-01-11",11,0,125,2436.59512047377,0,106,"",0,0,0,2.58833333333333,0.08375,6.66259066203031,15.005375,5.69333132045089,7.64610257901328,0.16927380952381,14.3023392857143,1.86810416666667,"Chinook","PRST",1998,NA
"1652","VAL",366,366,0,0,0,0,0,5.97874196175971,4.88903580596088,23.9026711119675,16.2049166666667,0.434302083333333,1.06140625,4.52808333333333,10.5453541666667,14.614125,"1999-08-21",233,"2000-01-29",29,0,160,2188.21955800405,0,99,"",0,0,0,2.713125,0.139333333333333,6.0060459944557,16.34425,5.141159375,6.8708626192587,0.331833333333333,15.1186369047619,1.6655,"Chinook","PRST",1998,NA
"1653","MAR",365,365,0,0,0,0,0,5.27855785559202,4.56935763264859,20.879029175044,14.7287916666667,0,0.708333333333333,4.17520833333333,9.58816666666667,13.1252666666667,"2000-08-02",215,"2000-11-18",323,0,176,1926.67361729109,0,82,"",0,0,0,3.244375,0,5.31504718306312,14.7287916666667,4.39819452181987,6.26218933677164,0,13.7871785714286,1.6725,"Chinook","PRST",1999,NA
"1654","SFS",365,365,17,0.0465753424657534,17,0.0465753424657534,0.0931506849315068,5.44652553778258,5.37665759582253,28.9084469027162,17.9304583333333,0.029,0.367083333333333,4.1418125,9.68122916666667,15.25080625,"2000-08-04",217,"2001-02-14",45,0,171,1895.39088714834,0,74,"",0,0,0,2.13604166666667,0.0285833333333333,5.4379747175359,17.9590416666667,NA,NA,0.0295,16.98395936853,1.40004166666667,"Chinook","PRST",1999,NA
"1655","STH",365,365,0,0,0,0,0,6.86100956728718,5.03733345184959,25.3747283051229,15.7777083333333,0.251433333333333,1.835875,6.29975,11.8741666666667,14.6597333333333,"2000-08-02",215,"2001-01-07",7,0,131,2504.26849205982,0,119,"",0,0,0,3.201125,0.0986666666666667,6.88220665317101,15.876375,5.90179723769731,7.87077478318418,0.289994047619048,15.1253988095238,1.9195,"Chinook","PRST",1999,NA
"1656","VAL",365,365,0,0,0,0,0,6.53825417586456,5.6857375619412,32.327611623269,17.9559166666667,0.366041666666667,0.549583333333333,5.1135,11.6095416666667,16.2087333333333,"2000-08-02",215,"2001-01-28",28,0,154,2386.46277419056,0,90,"",0,0,0,3.675,0.262083333333333,6.57678181894175,18.218,5.66676811594203,7.40850082253442,0.361005952380952,17.2009940476191,1.70270833333333,"Chinook","PRST",1999,NA
"1657","MAR",365,365,0,0,0,0,0,5.82569136871196,4.9050182919023,24.0592044438962,15.7343333333333,0.109,0.843541666666667,4.55025,10.4952083333333,13.863675,"2001-07-12",193,"2001-11-28",332,0,168,2126.37734957986,0,98,"",0,0,0,3.28827083333333,0.009,5.85324434158073,15.7433333333333,4.85398170883592,6.86705387852731,0.02625,14.910005952381,1.98091666666667,"Chinook","PRST",2000,NA
"1658","STH",365,365,0,0,0,0,0,7.35792004517633,5.2571305202956,27.6374213074235,16.0877916666667,0.213183333333333,1.63079166666667,6.955375,12.5947916666667,14.9160583333333,"2001-07-05",186,"2001-12-26",360,0,121,2685.64081648936,0,134,"",0,0,0,2.49029166666667,0.035125,7.367703212797,16.1229166666667,6.20905129990715,8.46917688022284,0.140839285714286,15.6665654761905,2.06308333333333,"Chinook","PRST",2000,NA
"1659","VAL",365,365,0,0,0,0,0,7.27259168852618,6.1382041903716,37.6775506826955,18.6739583333333,0.459958333333333,0.689208333333333,5.85333333333333,13.2308333333333,17.0242833333333,"2001-07-04",185,"2002-01-29",29,0,146,2654.49596631206,0,86,"",0,0,0,2.91458333333333,0.209375,7.30375711865674,18.8833333333333,6.21714535056007,8.29067722841226,0.358684523809524,18.1515892857143,1.940375,"Chinook","PRST",2000,NA
"1660","MAR",365,365,0,0,0,0,0,5.14301808407522,4.53840870250905,20.5971535510098,16.0078333333333,0.0518333333333333,1.30458333333333,3.526,8.798375,13.369025,"2002-07-14",195,"2002-11-26",330,0,198,1877.20160068745,0,72,"",0,0,0,2.2425,0.0479166666666667,5.18463574272934,16.05575,4.25244057494686,6.18794232641585,0.0526190476190476,15.2854523809524,1.885,"Chinook","PRST",2001,NA
"1661","SEC",365,365,0,0,0,0,0,4.51260447877198,5.31755354467094,28.2763757004424,17.8712083333333,0.109,0.109,1.83866666666667,8.90833333333333,14.8960833333333,"2002-07-14",195,"2002-10-30",303,0,219,1647.10063475177,0,74,"",0,0,0,1.65729166666667,0.033375,4.56681744326665,17.9045833333333,3.9139912063652,5.19396332404828,0.083125,16.4585714285714,1.09416666666667,"Chinook","PRST",2001,NA
"1662","STH",365,365,0,0,0,0,0,6.98109030409016,5.06446531671377,25.6488089441967,17.3774166666667,0.326583333333333,2.36541666666667,6.047875,11.6359583333333,15.3133166666667,"2002-07-14",195,"2002-12-25",359,0,142,2548.09796099291,0,112,"",0,0,0,2.26083333333333,0.0433333333333333,7.01438765829037,17.42075,5.90428679942314,8.21323247446611,0.438095238095238,16.6795119047619,2.13241666666667,"Chinook","PRST",2001,NA
"1663","MAR",366,366,42,0.114754098360656,42,0.114754098360656,0.229508196721311,4.17804326338686,3.83981274260186,14.7441618982476,15.6866,0.00172916666666667,0.941458333333333,3.0704375,7.27925,11.7039229166667,"2003-08-09",221,"2003-12-24",358,0,200,1353.68601733734,0,33,"",0,0,0,1.93679166666667,0,4.33032130773577,15.6866,NA,NA,0.000119047619047619,15.6866,1.46708333333333,"Chinook","PRST",2002,NA
"1664","SEC",366,366,0,0,0,0,0,5.00598406677518,5.59038067132878,31.2523560503664,17.3540416666667,0.05,0.0510416666666667,2.87145833333333,8.573125,15.5821666666667,"2003-07-20",201,"2003-11-01",305,0,208,1832.19016843972,0,65,"",0,0,0,2.69833333333333,0.0445833333333333,5.04310979328493,17.398625,4.40089490740741,5.68716284722222,0.05,16.8576130952381,1.0224375,"Chinook","PRST",2002,NA
"1665","SFS",366,366,0,0,0,0,0,5.37914030442197,5.32347704525349,28.3394078513408,17.3622166666667,0.01,0.545625,3.876875,8.7991875,15.6010416666667,"2003-08-18",230,"2003-12-18",352,0,191,1968.76535141844,0,64,"",0,0,0,4.2668,0.00958333333333333,5.40765706081842,17.3718,4.63117361111111,6.18920641203704,0.01,16.3464880952381,1.1425,"Chinook","PRST",2002,NA
"1666","STH",366,366,0,0,0,0,0,7.23736929308382,5.13611546725062,26.379682092931,17.4629090909091,0.428854166666667,2.298125,6.64145833333333,11.3017708333333,15.64215625,"2003-08-10",222,"2004-01-05",5,0,126,2648.87716126868,0,113,"",0,0,0,3.92447159090909,0.04,7.25104449558759,17.5029090909091,6.15978948520531,8.33404848596783,0.267559523809524,16.1193333333333,1.99583333333333,"Chinook","PRST",2002,NA
"1667","VAL",366,366,0,0,0,0,0,6.74861550676535,5.75049666780489,33.0682119264351,18.194125,0.448066123188406,0.745208333333333,5.88939583333333,11.0954583333333,16.7394583333333,"2003-07-25",206,"2004-01-05",5,0,152,2469.99327547612,0,86,"",0,0,0,2.04679166666667,0.220416666666667,6.77259524272466,18.4145416666667,5.83189121736255,7.67295318410166,0.404166666666667,17.5657083333333,1.62641666666667,"Chinook","PRST",2002,NA
"1668","SFS",365,365,2,0.00547945205479452,2,0.00547945205479452,0.010958904109589,5.30717012973058,5.26427772705903,27.7126199876098,17.3720833333333,-0.0708333333333334,0.458125,3.93375,8.9,15.3521666666667,"2004-08-16",229,"2005-01-15",15,0,182,1929.9915070922,0,69,"",0,0,0,1.905,-0.0783333333333333,5.38149412264264,17.29375,4.58354224698236,6.19328922934076,-0.0725,16.0802380952381,1.50333333333333,"Chinook","PRST",2003,NA
"1669","STH",365,365,0,0,0,0,0,7.20631849631873,5.06194126753783,25.6232493960025,16.3658333333333,0.246083333333333,2.66916666666667,6.54625,11.6970833333333,14.91275,"2004-07-15",197,"2005-01-06",6,0,133,2630.30625115634,0,118,"",0,0,0,2.29,0.0158333333333333,7.22842883993674,16.3816666666667,6.15787836583101,8.26364428161964,0.0553571428571429,15.9297619047619,1.9975,"Chinook","PRST",2003,NA
"1670","VAL",365,365,0,0,0,0,0,6.72709688623336,5.58690362863382,31.2134921556417,17.59125,0.534333333333333,0.888333333333333,5.77166666666667,11.4179166666667,16.3943333333333,"2004-07-20",202,"2005-02-16",47,0,168,2455.39036347518,0,88,"",0,0,0,2.35125,0.345,6.76392626780458,17.93625,5.83828574744661,7.63561629526462,0.418928571428571,17.0995238095238,1.77416666666667,"Chinook","PRST",2003,NA
"1671","MAR",365,365,4,0.010958904109589,4,0.010958904109589,0.0219178082191781,5.09634874069272,4.60085777367953,21.1678922536274,15.57,-0.03,0.821666666666667,4.24416666666667,8.19875,13.3929166666667,"2005-07-22",203,"2006-02-11",42,0,179,1841.38689539007,0,71,"",0,0,0,2.88,-0.0416666666666667,5.10370408916189,15.5283333333333,4.21680704379778,5.98452878365831,-0.0382738095238095,14.3057142857143,1.66583333333333,"Chinook","PRST",2004,NA
"1672","SFS",365,365,0,0,0,0,0,5.16870108326047,5.22068524956429,27.2555544750182,16.9633333333333,0,0.327083333333333,3.96083333333333,8.87833333333333,15.0973333333333,"2005-08-08",220,"2005-11-15",319,0,183,1886.57589539007,0,71,"",0,0,0,2.19708333333333,0,5.20544486048435,16.9633333333333,4.39196134356664,6.02417479108635,0,15.9651785714286,1.44458333333333,"Chinook","PRST",2004,NA
"1673","STH",365,365,0,0,0,0,0,6.87838804020461,5.0238274017526,25.2388417626003,16.67,0.188,2.03291666666667,6.90791666666667,10.6558333333333,15.19725,"2005-07-13",194,"2005-12-08",342,0,137,2510.61163467468,0,105,"",0,0,0,2.67875,0.02375,6.89451211409582,16.69375,5.88838114146862,7.87711673933228,0.0949042443064182,15.8772023809524,1.84791666666667,"Chinook","PRST",2004,NA
"1674","VAL",365,365,13,0.0356164383561644,13,0.0356164383561644,0.0712328767123288,6.121139902409,5.49758641511562,30.2234563916638,19.5667045454545,0.400416666666667,0.6571875,5.08229166666667,10.07,16.5701875,"2005-07-16",197,"2005-12-08",342,1,156,2154.64124564797,0.785454545454545,68,"",1,1,0,2.48708333333333,0.21875,6.36561841244852,19.7854545454545,NA,NA,0.33077380952381,19.7854545454545,1.65833333333334,"Chinook","PRST",2004,NA
"1675","BIL",365,278,0,0,0,0,0,5.60407287246719,6.049619974978,36.5979018416528,18.6433333333333,0.007375,0.140104166666667,3.42020833333333,10.0203125,16.773,"2006-07-22",203,"2007-01-15",15,0,145,1557.94434187921,0,48,"",0,0,0,2.6775,-0.00541666666666667,5.49470705662006,18.6379166666667,4.68430299961682,6.34271284045533,-0.000297619047619048,18.1248214285714,1.56395833333333,"Chinook","PRST",2005,NA
"1676","SFS",365,365,0,0,0,0,0,5.09081950261681,5.06548631321328,25.659151589351,17.9495833333333,-0.05,0.482916666666667,3.67,8.23458333333333,14.702,"2006-07-24",205,"2006-11-30",334,0,192,1861.20661845513,0,72,"",0,0,0,1.61541666666667,-0.05,5.13314778320173,17.8995833333333,4.40083686461605,5.878201676291,-0.05,16.852619047619,1.29333333333333,"Chinook","PRST",2005,NA
"1677","STH",365,365,15,0.0410958904109589,15,0.0410958904109589,0.0821917808219178,6.47639509561515,4.72920980841264,22.3654254119863,16.3283333333333,0.0401458333333333,2.25375,5.88375,10.0695833333333,14.6451458333333,"2006-07-17",198,"2007-01-15",15,0,125,2266.82786679864,0,88,"",0,0,0,2.51,-0.0104166666666667,6.63837651066835,16.3179166666667,NA,NA,-0.00785714285714286,15.4923076923077,1.90291666666667,"Chinook","PRST",2005,NA
"1678","VAL",365,365,0,0,0,0,0,6.34258289695055,5.54428003542184,30.7390411111772,18.5920833333333,0.23725,0.6375,4.75739130434783,11.18875,15.8891666666667,"2006-07-23",204,"2007-01-12",12,0,160,2315.04275738695,0,89,"",0,0,0,2.09708333333333,0.0370833333333333,6.38750320402255,18.6291666666667,5.44758629635698,7.26399157774577,0.150654761904762,18.0915476190476,1.83487588652482,"Chinook","PRST",2005,NA
"1679","BIL",366,366,3,0.00819672131147541,3,0.00819672131147541,0.0163934426229508,6.60530402263474,6.11110043172994,37.3455484866898,19.4108333333333,0.0198333333333333,0.349375,5.57875,11.0572916666667,18.0224583333333,"2007-07-19",200,"2008-01-21",21,3,162,2397.75286021641,0.467500000000001,70,"",1,1,0,2.54041666666667,-0.0175,6.61154787284541,19.3933333333333,5.67761837121212,7.50662215198547,-0.000892857142857143,18.5620238095238,1.88291666666667,"Chinook","PRST",2006,NA
"1680","MAR",366,366,17,0.046448087431694,17,0.046448087431694,0.092896174863388,5.4853895527241,4.94058364730443,24.4093667760119,15.4716666666667,-0.02,0.764583333333333,4.265,9.61958333333333,14.1410833333333,"2007-07-14",195,"2008-01-05",5,0,168,1915.50512056738,0,84,"",0,0,0,2.81583333333333,-0.02,5.47076316610928,15.4516666666667,NA,NA,-0.02,14.8172023809524,1.65875,"Chinook","PRST",2006,NA
"1681","SFS",366,366,0,0,0,0,0,5.74733107689702,5.85808056136444,34.3171078634359,18.9458333333333,-0.16,0.237395833333333,3.88020833333333,10.388125,16.9882291666667,"2007-07-18",199,"2008-01-14",14,0,184,2114.61025747764,0,65,"",0,0,0,2.33541666666667,-0.160416666666667,5.78754304325801,18.7854166666667,4.86607638888889,6.72495385466989,-0.160059523809524,17.9901785714286,1.85666666666667,"Chinook","PRST",2006,NA
"1682","STH",366,366,0,0,0,0,0,6.99772435102684,5.36661330111193,28.8005383236715,17.0108333333333,0.000625,2.03104166666667,6.43958333333333,11.9563541666667,15.4551041666667,"2007-07-05",186,"2008-01-07",7,0,140,2562.33627914249,0,114,"",0,0,0,2.49541666666667,-0.0945833333333333,7.00901051264929,16.91625,5.97008801024429,8.03008312289562,-0.0152380952380952,16.2075595238095,1.955,"Chinook","PRST",2006,NA
"1683","VAL",366,366,0,0,0,0,0,6.66528215669226,5.95461382814085,35.4574258422862,18.1395833333333,0.320208333333333,0.660729166666667,5.4325,11.6927083333333,17.2123958333333,"2007-07-18",199,"2008-01-22",22,0,169,2439.49326934937,0,76,"",0,0,0,2.75708333333333,0.2,6.68902809607629,18.3395833333333,5.74799715519752,7.6029109535067,0.26452380952381,17.7380952380952,1.79041666666667,"Chinook","PRST",2006,NA
"1684","BIL",365,365,34,0.0931506849315068,34,0.0931506849315068,0.186301369863014,5.73132765156279,5.42481754622378,29.4286454098174,16.2325,0.00541666666666667,0.18696365248227,4.64708333333333,10.7377083333333,15.0252083333333,"2008-08-15",228,"2009-01-16",16,0,157,1897.09861933395,0,88,"",0,0,0,1.97666666666667,-0.00625,5.74582875751877,16.22625,NA,NA,-0.00303571428571429,15.92625,1.14791666666667,"Chinook","PRST",2007,NA
"1685","BIU",365,245,0,0,0,0,0,3.43935849254595,3.11346125699767,9.69364099882551,11.0652916666667,0.174525,1.07845833333333,2.29933333333333,4.79091666666667,9.795025,"2008-08-18",231,"2009-01-27",27,0,171,842.642830673759,0,11,"",0,0,0,1.15570833333333,0.002125,3.35773148418987,11.0674166666667,2.73171373779637,3.99836192468619,0.151482142857143,10.7435595238095,1.19620833333333,"Chinook","PRST",2007,NA
"1686","BVC",365,257,0,0,0,0,0,3.62029961089494,5.20045145774779,27.0446953643911,16.1089166666667,-0.01255,0.00466666666666667,0.150458333333333,7.57158333333333,14.672675,"2008-08-01",214,"2008-12-13",348,0,181,930.893041666667,0,46,"",0,0,0,1.51220833333333,-0.0204166666666667,3.52337360083476,16.0885,2.96907519920319,4.05016633466135,-0.0185059523809524,15.4304404761905,0.264041666666667,"Chinook","PRST",2007,NA
"1687","CAM",365,175,0,0,0,0,0,0.806240207700101,1.21953804966252,1.48727305457466,4.99854166666667,0.01865,0.0373125,0.0768333333333333,1.2648125,3.73491666666667,"2008-11-02",307,"2008-12-15",350,0,170,141.092036347518,0,0,"",0,0,0,2.47120833333333,0.0135,0.740210591236369,5.01204166666667,0.354393984220907,1.16730051093206,0.016672619047619,3.80638690476191,0.147833333333333,"Chinook","PRST",2007,NA
"1688","CHA",365,239,0,0,0,0,0,2.53688180674307,3.59516591627307,12.9252179655316,14.8770416666667,-0.0173375,-0.00864583333333333,0.73375,3.24854166666667,10.1788416666667,"2008-08-19",232,"2008-12-09",344,0,182,607.350791666667,0,13,"",0,0,0,2.53845833333333,-0.0205416666666667,2.41438182874381,14.8565,1.80636235771599,3.06446030042918,-0.0179702380952381,12.1921726190476,0.994458333333333,"Chinook","PRST",2007,NA
"1689","CHC",365,174,0,0,0,0,0,0.521830301826037,0.936871400946478,0.877728021911417,3.59620833333333,-0.0263395833333333,-0.0214791666666667,-0.009875,0.657552083333333,2.74830833333333,"2009-04-12",102,"2008-11-25",330,0,174,92.641,0,0,"",0,0,0,1.954125,-0.0317083333333333,0.45418850563275,3.5645,0.161920882936508,0.788878472222222,-0.0275535714285714,2.64429761904762,0.100708333333333,"Chinook","PRST",2007,NA
"1690","HER",365,176,0,0,0,0,0,1.79242184261882,1.85848551070474,3.45396839349944,7.88945833333333,-0.189114583333333,0.0823125,1.15279166666667,3.18085416666667,5.13817708333333,"2009-04-13",103,"2008-12-16",351,0,149,320.570535967579,0,0,"",0,0,0,2.45758333333333,-0.828833333333333,1.6837540180966,7.060625,0.82255637254902,2.67339191176471,-0.374720238095238,5.7075,1.82195833333333,"Chinook","PRST",2007,NA
"1691","LAK",365,173,0,0,0,0,0,0.249291957778336,0.634797311001372,0.402967626054572,3.46929166666667,-0.0264833333333333,-0.0237083333333333,-0.019375,0.0667916666666667,1.87949,"2008-11-02",307,"2008-12-04",339,0,173,45.6673166666667,0,0,"",0,0,0,1.35775,-0.0297916666666667,0.220640891818847,3.4395,0.0548091968237438,0.411738522954092,-0.026702380952381,2.31170833333333,0.00766666666666667,"Chinook","PRST",2007,NA
"1692","LOO",365,175,0,0,0,0,0,1.10471709292228,1.45413083433975,2.11449648337762,5.36520833333333,-0.00466666666666667,-0.00104166666666667,0.0404166666666667,2.07245833333333,4.11535,"2008-11-02",307,"2009-01-17",17,0,163,193.463699594732,0,0,"",0,0,0,1.94125,-0.00554166666666667,1.01920808539329,5.35966666666667,0.581304733727811,1.52546492194385,-0.00435119047619048,4.15489880952381,0.831541666666666,"Chinook","PRST",2007,NA
"1693","MAR",365,365,0,0,0,0,0,4.70421155470793,4.33567687347002,18.7980939511428,13.3275,-0.19,0.962083333333333,3.26458333333333,8.51,12.4308333333333,"2008-07-26",208,"2008-12-20",355,0,208,1727.10763413506,0,67,"",0,0,0,2.36791666666667,-0.19,4.72265191893305,13.1375,3.85495960015014,5.55002452464576,-0.19,12.7745833333333,1.64375,"Chinook","PRST",2007,NA
"1694","SFS",365,365,3,0.00821917808219178,3,0.00821917808219178,0.0164383561643836,5.12302865777203,5.20537173948369,27.0958949462155,16.3875,-0.16,0.384791666666667,3.246875,9.598125,14.5547083333333,"2008-08-08",221,"2009-02-12",43,0,197,1864.19929078014,0,81,"",0,0,0,1.9225,-0.160416666666667,5.14691256053628,16.2270833333333,4.30970752089137,5.98212928939726,-0.16,15.5008333333333,1.50333333333333,"Chinook","PRST",2007,NA
"1695","STH",365,365,0,0,0,0,0,6.4739105639544,4.79363133843258,22.9789014088029,15.2258333333333,0.120416666666667,2.26333333333333,5.58083333333333,10.485,14.6994166666667,"2008-07-20",202,"2008-12-26",361,0,137,2362.97735584336,0,97,"",0,0,0,2.51541666666667,0.0516666666666667,6.48533419189686,15.2775,5.43098885793872,7.51418145854324,0.0891071428571429,14.9083333333333,2.00875,"Chinook","PRST",2007,NA
"1696","SUL",365,254,0,0,0,0,0,3.32403752119537,3.78296413888688,14.3108176761041,13.9675454545455,0.0462375,0.2474375,1.70870833333333,6.46892708333333,11.2366520833333,"2008-08-04",217,"2009-01-03",3,0,182,844.305530383624,0,23,"",0,0,0,1.368625,0.008,3.22286253261795,13.9755454545455,2.57893968413979,3.89611773004149,0.0353452380952381,12.2274588744589,1.20485416666667,"Chinook","PRST",2007,NA
"1697","VAL",365,365,37,0.101369863013699,37,0.101369863013699,0.202739726027397,6.38585356081926,5.31817950889389,28.2830332888188,16.0970833333333,0.253833333333333,1.26364583333333,4.79625,11.2125,15.1484791666667,"2008-08-17",230,"2008-12-15",350,0,138,2094.55996794872,0,95,"",0,0,0,2.56083333333333,0.147916666666667,6.33815641402551,16.245,NA,NA,0.211666666666667,15.5714285714286,1.51916666666667,"Chinook","PRST",2007,NA
"1698","WFC",365,239,0,0,0,0,0,2.30072816991086,3.10330087171947,9.63047630041484,13.0440833333333,0.0615,0.103520833333333,0.85875,2.85827083333333,8.95921666666667,"2008-08-19",232,"2008-12-16",351,0,185,549.874032608696,0,8,"",0,0,0,1.971375,0.0496666666666667,2.19518131714339,13.09375,1.62287510107607,2.80731026466381,0.0634702380952381,10.7413988095238,0.928541666666666,"Chinook","PRST",2007,NA
"1699","BIL",365,365,28,0.0767123287671233,28,0.0767123287671233,0.153424657534247,6.28038283370829,5.60516060488266,31.4178254065285,16.93125,0.0913333333333333,0.368333333333333,5.915,11.6725,15.7925833333333,"2009-08-22",234,"2009-12-26",360,0,143,2116.48901495969,0,83,"",0,0,0,2.78125,0.04875,6.25943551661669,16.98,NA,NA,0.0669047619047619,16.2086904761905,1.41291666666667,"Chinook","PRST",2008,NA
"1700","BIU",365,365,0,0,0,0,0,4.54774105618424,3.38757737125722,11.475680446254,11.8969166666667,0.330966666666667,1.74933333333333,3.47941666666667,7.56583333333333,10.64495,"2009-08-05",217,"2009-12-09",343,0,198,1659.92548550725,0,35,"",0,0,0,1.26025,0.00670833333333333,4.56959804956257,11.903625,3.89850731197772,5.20634706410722,0.0341726190476191,11.1010178571429,1.18408333333333,"Chinook","PRST",2008,NA
"1701","BVC",365,365,0,0,0,0,0,5.1962094852636,5.74851747977149,33.0454532152383,17.389875,-0.00143333333333333,0.0519583333333333,2.55004166666667,10.754625,15.637825,"2009-08-04",216,"2009-12-02",336,0,211,1896.78696212121,0,90,"",0,0,0,2.06004166666667,-0.0163333333333333,5.25755650013867,17.3735416666667,4.43842061281337,6.01997017177345,-0.010047619047619,16.3294648268398,1.376125,"Chinook","PRST",2008,NA
"1702","CAM",365,365,5,0.0136986301369863,3,0.00821917808219178,0.0219178082191781,5.0764480939136,4.98126847055507,24.8130355757461,16.5774444444444,-0.9005,0.363177083333333,4.0720625,9.69676041666667,13.4176458333333,"2009-07-27",208,"2009-12-26",360,0,178,1864.33624440053,0,87,"",0,0,0,2.34566666666667,-1.91011111111111,5.00796767866323,14.6673333333333,4.10701039785037,5.81607991920275,-1.66660902777778,14.1332261904762,1.49416666666667,"Chinook","PRST",2008,NA
"1703","CHA",365,365,0,0,0,0,0,4.63190483422672,4.80553700924315,23.0931859472056,14.7703333333333,8e-04,0.429625,2.6055,8.88570833333333,13.467175,"2009-07-26",207,"2009-12-30",364,0,213,1690.76943115942,0,80,"",0,0,0,2.20975,-0.02125,4.6632240090659,14.7490833333333,3.81237044326026,5.45144749404546,-0.00370833333333333,14.348125,1.397,"Chinook","PRST",2008,NA
"1704","CHC",365,365,2,0.00547945205479452,2,0.00547945205479452,0.010958904109589,3.77426227928337,3.82790995329621,14.6528946105442,13.4810416666667,-0.237729166666667,0.0752708333333333,2.67029166666667,7.41139583333333,10.6688708333333,"2009-08-04",216,"2009-12-09",343,0,226,1383.6651657132,0,29,"",0,0,0,2.021125,-1.74116666666667,3.76065931334533,11.739875,2.97071933914658,4.49746661657626,-1.24826666666667,11.22225,1.456125,"Chinook","PRST",2008,NA
"1705","HER",365,365,0,0,0,0,0,5.55822313832187,4.17074040836402,17.3950755539605,12.972,0.064975,1.665375,5.124625,9.41258333333333,12.0845,"2009-08-22",234,"2009-12-24",358,0,160,2028.75144548748,0,73,"",0,0,0,2.08016666666667,0.005125,5.55828178209804,12.977125,4.63869487000929,6.47852678764758,0.0518869047619048,12.5733928571429,1.69304166666667,"Chinook","PRST",2008,NA
"1706","LAK",365,365,0,0,0,0,0,3.72942194262458,4.4741988869459,20.0184556799479,13.6112083333333,-0.0195,0.0140833333333333,1.45520833333333,7.39904166666667,12.1500916666667,"2009-07-24",205,"2009-11-28",332,0,235,1362.28080072464,0,61,"",0,0,0,1.75120833333333,-0.0235,3.7754234898816,13.5877083333333,3.08549915728069,4.43754503249768,-0.0215297619047619,12.8262202380952,1.20958333333333,"Chinook","PRST",2008,NA
"1707","LOO",365,365,0,0,0,0,0,4.73273276977638,4.1357624584484,17.1045311127111,13.0311666666667,0.00903333333333333,0.743166666666667,4.228,8.549,11.9016787878788,"2009-08-22",234,"2009-12-11",345,0,178,1727.44746096838,0,60,"",0,0,0,1.79533333333333,0.003375,4.7405748017424,13.0345416666667,3.95592096100279,5.47282760816351,0.00542261904761905,12.4542202380952,1.33966666666667,"Chinook","PRST",2008,NA
"1708","MAR",365,365,0,0,0,0,0,4.86159462962472,4.24926086516273,18.0562179002035,14.3695833333333,-0.0478333333333333,1.44333333333333,3.14208333333333,8.605,12.7586666666667,"2009-07-19",200,"2009-12-28",362,0,204,1775.89120647969,0,70,"",0,0,0,1.95291666666667,-0.05,4.87587383420527,14.3195833333333,3.91654665244276,5.7629213091922,-0.0488690476190476,13.5168452380952,1.68125,"Chinook","PRST",2008,NA
"1709","SEC",365,365,29,0.0794520547945206,29,0.0794520547945206,0.158904109589041,4.67842534010983,5.14547587131123,26.4759219422461,15.75625,0.07,0.0712699468085107,2.44625,9.7140625,13.9454166666667,"2009-08-04",216,"2009-04-15",105,0,189,1571.9509142769,0,82,"",0,0,0,1.99541666666667,0.00791666666666667,4.67511636887063,15.7641666666667,NA,NA,0.0667857142857143,14.7145238095238,1.28333333333333,"Chinook","PRST",2008,NA
"1710","SUL",365,365,0,0,0,0,0,4.52475522442437,4.16906958916511,17.3811412393013,13.533125,0.084275,1.07766666666667,2.687125,8.57716666666667,12.0284666666667,"2009-08-04",216,"2009-12-11",345,0,216,1651.60311524823,0,69,"",0,0,0,1.70133333333333,-0.0517083333333333,4.55699708783828,13.4814166666667,3.77397501926154,5.30177402506964,0.0205595238095238,12.5669345238095,1.28891666666667,"Chinook","PRST",2008,NA
"1711","WFC",365,365,0,0,0,0,0,4.21054546356959,4.26580711574059,18.197110348703,13.0315,0.0524416666666667,0.614583333333333,2.17208333333333,8.04583333333333,11.7916333333333,"2009-07-26",207,"2009-11-30",334,0,221,1536.8490942029,0,66,"",0,0,0,1.82095833333333,0.0348333333333333,4.24465663261187,13.0663333333333,3.48817075915385,4.96103922934076,0.0508809523809524,12.4829285714286,1.22783333333333,"Chinook","PRST",2008,NA
"1712","BIU",365,365,0,0,0,0,0,4.51490074565239,3.15496824303649,9.95382461456878,10.8742083333333,0.574075,1.77733333333333,3.67458333333333,7.67716666666667,10.0529583333333,"2010-08-06",218,"2011-02-02",33,0,193,1647.93877216312,0,19,"",0,0,0,1.39308333333333,0.0482083333333333,4.53656225499742,10.9224166666667,3.89221866295265,5.18705149993086,0.390803571428571,10.4530357142857,1.27766666666667,"Chinook","PRST",2009,NA
"1713","BVC",365,365,0,0,0,0,0,5.18996240163218,5.51937274615083,30.4634755109525,16.0793333333333,0.00493333333333333,0.035125,3.24775,9.781,15.2446583333333,"2010-07-25",206,"2010-11-21",325,0,198,1894.39081826241,0,81,"",0,0,0,2.56908333333333,-0.00995833333333333,5.24191367336658,16.069375,4.48887871402043,5.9654327475849,-0.00123809523809524,15.6527380952381,1.3225,"Chinook","PRST",2009,NA
"1714","CAM",365,365,0,0,0,0,0,5.06307123513275,4.63121245713084,21.4481288230839,14.0249166666667,0.0397583333333333,0.0981666666666667,4.37233333333333,9.04341666666667,13.1066901515152,"2010-07-30",211,"2011-02-01",32,0,175,1848.02100082345,0,71,"",0,0,0,1.774625,0.0272916666666667,5.07739735273809,14.0522083333333,4.35556343607444,5.80115605445884,0.0335297619047619,13.6995654761905,1.38566666666667,"Chinook","PRST",2009,NA
"1715","CHA",365,365,0,0,0,0,0,4.73859403414731,4.63910300183964,21.5212766616776,15.2026666666667,0.0791416666666667,0.424291666666667,3.03516666666667,8.73458333333333,13.3001833333333,"2010-08-06",218,"2010-11-25",329,0,210,1729.59336413043,0,68,"",0,0,0,1.88954166666667,-0.00654166666666667,4.76663168480424,15.196125,4.01095531569174,5.53157787836583,0.00813095238095238,14.3263928571429,1.49004166666667,"Chinook","PRST",2009,NA
"1716","CHC",365,365,0,0,0,0,0,3.78672660281998,3.69699061413014,13.6677396009663,11.5897916666667,-0.000825,0.0248333333333333,3.03229166666667,6.87141666666667,10.3909333333333,"2010-07-27",208,"2010-11-23",327,0,213,1382.22287669596,0,31,"",0,0,0,1.63858333333333,-0.00691666666666667,3.8038722523697,11.582875,3.13465064995357,4.43411213180821,-0.00282738095238095,10.8772792443064,1.45525,"Chinook","PRST",2009,NA
"1717","HER",365,365,0,0,0,0,0,5.55286267186649,4.07550512323764,16.6097420095362,12.9166666666667,0.174816666666667,1.42916666666667,5.56845833333333,9.18558333333333,11.9471,"2010-07-25",206,"2010-11-26",330,0,151,2026.79487523127,0,57,"",0,0,0,2.1555,0.073,5.54935210304505,12.9896666666667,4.63796550906302,6.49476122849128,0.136065476190476,12.4133392857143,1.81391666666667,"Chinook","PRST",2009,NA
"1718","LAK",365,365,0,0,0,0,0,3.84326847372,4.39768834767959,19.3396628033168,14.3327916666667,-0.0128666666666667,-0.00504166666666667,1.83808333333333,7.68775,12.2428,"2010-08-06",218,"2010-11-24",328,0,227,1403.77482624113,0,53,"",0,0,0,1.97554166666667,-0.0169166666666667,3.89207082850031,14.315875,3.24763289229341,4.54626646121022,-0.0142261904761905,13.1319761904762,1.27125,"Chinook","PRST",2009,NA
"1719","LOO",365,365,0,0,0,0,0,4.69324194038583,3.93104276021488,15.4530971826379,12.1414166666667,0.008475,0.369666666666667,4.36766666666667,8.30220833333333,11.330575,"2010-08-17",229,"2011-02-02",33,0,172,1713.03330824083,0,48,"",0,0,0,1.45420833333333,0.00445833333333333,4.69773621807366,12.145875,3.99042117799039,5.43214260702503,0.00726785714285714,11.7561547619048,1.49172101449275,"Chinook","PRST",2009,NA
"1720","MAR",365,365,0,0,0,0,0,4.78452211190383,4.12987018014031,17.0558277048122,13.6620833333333,-0.01,1.21416666666667,3.32125,7.89083333333333,12.40225,"2010-07-27",208,"2010-11-29",333,0,196,1746.73598751156,0,61,"",0,0,0,1.94208333333333,-0.0125,4.80120218036117,13.6495833333333,3.86878295183884,5.74647861968826,-0.0104166666666667,12.9199404761905,1.82791666666667,"Chinook","PRST",2009,NA
"1721","SFS",365,365,0,0,0,0,0,5.31086405922918,5.00665589768613,25.0666032778353,16.35875,0.07,0.54625,3.75833333333333,9.6,14.6996666666667,"2010-08-06",218,"2010-12-21",355,0,189,1938.46538161865,0,83,"",0,0,0,2.06166666666667,0.0675,5.35510601724256,16.42625,4.47711696280789,6.24005605602639,0.0699404761904762,15.407380952381,1.68208333333333,"Chinook","PRST",2009,NA
"1722","STH",365,365,0,0,0,0,0,6.48817288554062,4.68429002961155,21.9425730815182,15.2433333333333,0.0566666666666667,2.32958333333333,5.81125,10.3333333333333,14.2878333333333,"2010-07-17",198,"2010-11-24",328,0,138,2368.25643655566,0,104,"",0,0,0,2.08875,-0.0129166666666667,6.49621371105834,15.2304166666667,5.45708797585887,7.54830770281309,0.0345238095238095,14.7366071428571,2.05208333333333,"Chinook","PRST",2009,NA
"1723","SUL",365,365,0,0,0,0,0,4.45977327309822,3.97198663231932,15.7766778073234,12.7762083333333,0.0958666666666667,1.064625,2.912625,7.60820833333333,11.6405583333333,"2010-07-27",208,"2011-02-02",33,0,206,1627.81724468085,0,55,"",0,0,0,1.86791666666667,0.0190416666666667,4.49524394990024,12.79525,3.7533317084494,5.28608970198937,0.0727797619047619,12.2401607142857,1.438625,"Chinook","PRST",2009,NA
"1724","VAL",365,365,0,0,0,0,0,6.00162227367714,5.32049873029777,28.3077067391002,16.8254891304348,0.218083333333333,0.44,4.61541666666667,10.1683333333333,15.3393333333333,"2010-07-29",210,"2010-12-31",365,0,170,2190.59212989216,0,89,"",0,0,0,2.18875,0.12625,6.02989252258062,16.9517391304348,5.10712648771841,6.97141545707618,0.21202380952381,16.1283436853002,1.80375,"Chinook","PRST",2009,NA
"1725","WFC",365,365,0,0,0,0,0,4.19393767123288,4.26508384496941,18.190940204619,14.210625,0.0276416666666667,0.120083333333333,2.40466666666667,7.87016666666667,11.853,"2010-08-06",218,"2010-12-16",350,0,218,1530.78725,0,56,"",0,0,0,1.7245,0.00570833333333333,4.22913547884335,14.2163333333333,3.55561850046425,4.93197388579387,0.020702380952381,13.1153095238095,1.41845833333333,"Chinook","PRST",2009,NA
"1726","BIU",366,366,0,0,0,0,0,4.21637006612814,3.13188143536577,9.80868132518877,10.9353333333333,0.46259375,1.57829166666667,3.48339583333333,6.70594791666667,9.75180208333333,"2011-08-01",213,"2012-01-12",12,0,204,1543.1914442029,0,16,"",0,0,0,1.2885,0.0408333333333333,4.23368552622498,10.9761666666667,3.62853523148148,4.84385462962963,0.313994047619048,10.3173630952381,1.1748125,"Chinook","PRST",2010,NA
"1727","CAM",366,366,0,0,0,0,0,4.84926841292469,4.54117640690031,20.622283158588,13.5104166666667,0.0615104166666667,0.139864583333333,4.51195833333333,9.00573958333333,12.2419895833333,"2011-08-28",240,"2011-12-10",344,0,178,1774.83223913043,0,74,"",0,0,0,2.528375,0.0550833333333333,4.85814944070623,13.5655,4.22952948369565,5.48847230776973,0.0591190476190476,13.0416964285714,1.09179166666667,"Chinook","PRST",2010,NA
"1728","CHA",366,366,0,0,0,0,0,4.46558016551833,4.67731271251766,21.8772542106793,14.7786666666667,-0.006875,0.011875,3.0745,8.88469791666667,13.0216145833333,"2011-08-01",213,"2011-12-24",358,0,211,1635.66754891304,0,73,"",0,0,0,2.12833333333333,-0.172958333333333,4.49220711338279,14.6057083333333,3.86403668981481,5.16541333031401,-0.124684523809524,13.9144821428571,1.18,"Chinook","PRST",2010,NA
"1729","CHC",366,366,0,0,0,0,0,3.42918303536074,3.52567300273709,12.4303701222292,11.911125,-0.00628125,0.0171770833333333,2.69541666666667,6.87645833333333,9.35492708333333,"2011-08-25",237,"2011-12-23",357,0,229,1261.8724076087,0,7,"",0,0,0,2.049625,-0.980208333333333,3.44242988555326,10.9309166666667,2.91308226650564,3.98266875,-0.632125,10.1561785714286,0.990229166666666,"Chinook","PRST",2010,NA
"1730","HER",366,366,0,0,0,0,0,5.71162957848262,3.84291181824577,14.767971242813,12.061,0.604020833333333,1.88885416666667,5.66370833333333,9.465,11.734875,"2011-08-25",237,"2011-12-26",360,0,151,2090.45642572464,0,73,"",0,0,0,2.71745833333333,0.425125,5.71257778640442,12.486125,4.93776003925121,6.4924308423913,0.561315476190476,11.9531726190476,1.36302083333333,"Chinook","PRST",2010,NA
"1731","LAK",366,366,0,0,0,0,0,3.35275381757705,4.03223052378111,16.2588829969121,12.6326666666667,-0.00667708333333333,0.00153125,1.46660416666667,7.40135416666667,10.81771875,"2011-08-25",237,"2012-03-20",80,0,242,1227.46248056653,0,39,"",0,0,0,1.55566666666667,-0.0124166666666667,3.3914682165208,12.62025,2.91250373526936,3.9134556712963,-0.00970833333333333,11.972755952381,0.845458333333333,"Chinook","PRST",2010,NA
"1732","MAR",366,366,0,0,0,0,0,4.51913286217289,4.00868020347768,16.0695169737538,12.81625,0.07,0.881979166666667,3.248125,8.41875,11.3797916666667,"2011-08-25",237,"2012-01-16",16,0,201,1654.00262755528,0,57,"",0,0,0,2.545,0.06625,4.53824704744191,12.8825,3.79954436390395,5.34701967592593,0.06875,11.8089880952381,1.51083333333333,"Chinook","PRST",2010,NA
"1733","SEC",366,366,0,0,0,0,0,3.78722222222222,4.49570683342909,20.211379932141,14.6470833333333,0.05,0.0525,1.65645833333333,7.98239583333333,12.291875,"2011-08-25",237,"2011-04-15",105,0,228,1386.3125,0,56,"",0,0,0,2.12208333333333,-0.127083333333333,3.84179662698413,14.52,3.33045601851852,4.40483912037037,0.05,13.7269642857143,0.986458333333333,"Chinook","PRST",2010,NA
"1734","SFS",366,366,0,0,0,0,0,4.67842889230699,4.83468240229717,23.3741539310819,15.7533333333333,-0.0491666666666667,0.289791666666667,3.09875,9.20885416666667,13.4510416666667,"2011-08-01",213,"2011-12-04",338,0,200,1715.13914125102,0,83,"",0,0,0,2.46730072463768,-0.05,4.71239195982427,15.7033333333333,4.03186151898466,5.45999939396331,-0.0498214285714286,14.6593452380952,1.10041666666667,"Chinook","PRST",2010,NA
"1735","STH",366,366,0,0,0,0,0,6.28771185597054,4.72812844310428,22.3551985744917,14.9358333333333,0.148645833333333,1.98385416666667,5.69833333333333,10.6597916666667,13.8164583333333,"2011-08-01",213,"2012-01-18",18,0,146,2301.30253928522,0,106,"",0,0,0,2.37875,0.00916666666666667,6.29730682208857,14.945,5.40088773148148,7.25045601851852,0.16797619047619,14.2255987394958,1.76395833333333,"Chinook","PRST",2010,NA
"1736","SUL",366,366,5,0.0136612021857924,3,0.00819672131147541,0.0218579234972678,3.95089514480327,3.90570258566193,15.2545126876463,14.8415833333333,-0.184083333333333,0.737583333333333,2.58075,7.83991666666667,10.72275,"2011-08-01",213,"2011-12-25",359,0,216,1451.29674016563,0,42,"",0,0,0,1.61545833333333,-1.995,3.9017937594844,12.8465833333333,3.31830191659957,4.50913048611111,-1.79005,11.4233112244898,1.05527083333333,"Chinook","PRST",2010,NA
"1737","VAL",366,366,0,0,0,0,0,5.33296875676791,5.27490594261733,27.8246327034597,16.32125,-0.173229166666667,-0.0065625,4.07229166666667,10.4622916666667,13.904375,"2011-08-25",237,"2011-12-05",339,0,182,1963.78323164372,0,103,"",0,0,0,2.41291666666667,-0.209166666666667,5.36171813684102,16.1120833333333,4.64638226457841,6.11696180555556,-0.180357142857143,14.776369047619,1.16625,"Chinook","PRST",2010,NA
"1738","WFC",366,366,0,0,0,0,0,3.99189469489982,4.18871493454595,17.5453328028883,12.7595,0.033625,0.105395833333333,2.43404166666667,8.11042708333334,11.28715625,"2011-08-25",237,"2011-12-01",335,0,222,1461.03345833333,0,58,"",0,0,0,1.91804166666667,0.00920833333333333,4.02036413690476,12.7687083333333,3.43458310185185,4.64072905092593,0.0342261904761905,12.2133392857143,1.08508333333333,"Chinook","PRST",2010,NA
"1739","BIL",365,137,9,0.0656934306569343,9,0.0246575342465753,0.0903509649035096,10.8887570567453,3.71724961334772,13.8179446879338,11.4445833333333,5.60379166666667,7.25041666666667,10.96,14.6477083333333,15.5580625,"2012-07-31",213,"2012-04-28",119,0,0,1393.7609032634,0,68,"",0,0,0,1.58416666666667,4.64791666666667,10.7308787560096,16.0925,NA,NA,5.41976190476191,15.5919642857143,1.77962121212121,"Chinook","PRST",2011,NA
"1740","BIU",365,365,0,0,0,0,0,4.67721906889021,3.27705165956937,10.7390675794863,11.3643333333333,0.600475,1.91854166666667,3.73966666666667,7.5605,10.9053916666667,"2012-08-06",219,"2013-01-12",12,0,193,1707.18496014493,0,40,"",0,0,0,1.29741666666667,0.0199166666666667,4.70202346638062,11.38425,4.03347273020871,5.33964066852368,0.281184523809524,11.0100654761905,1.26008333333333,"Chinook","PRST",2011,NA
"1741","CAM",365,365,0,0,0,0,0,5.50217374429224,5.00779386222479,25.0779993665363,15.31775,0.0658833333333333,0.211666666666667,4.529,9.680125,13.988275,"2012-07-23",205,"2012-12-15",350,0,171,2008.29341666667,0,90,"",0,0,0,2.17725,0.0495416666666667,5.52003009351373,15.3672916666667,4.64615239090065,6.42722318941504,0.060702380952381,14.5595535714286,1.69020833333333,"Chinook","PRST",2011,NA
"1742","CHA",365,365,0,0,0,0,0,5.04076725097912,5.12984321722174,26.3152914332759,15.9068333333333,0.00314166666666667,0.098375,3.42808333333333,8.84270833333333,14.7190916666667,"2012-07-28",210,"2013-02-18",49,0,205,1839.88342160738,0,81,"",0,0,0,2.061875,-0.00120833333333333,5.07538507809457,15.905625,4.23187597392112,5.96473236895417,0.00101785714285714,15.3938928571429,1.64083333333333,"Chinook","PRST",2011,NA
"1743","CHC",365,365,0,0,0,0,0,3.88532782906492,3.7414854260143,13.9987131930774,12.238125,0.041375,0.0849166666666667,3.05870833333333,6.99029166666667,10.6123666666667,"2012-08-06",219,"2012-11-26",331,0,227,1418.1446576087,0,35,"",0,0,0,1.65720833333333,0.035875,3.90489638012768,12.274,3.15452386359049,4.61624164345404,0.0431666666666667,11.1099404761905,1.449125,"Chinook","PRST",2011,NA
"1744","HER",365,365,0,0,0,0,0,6.06556248262855,4.40485385766993,19.4027375074296,14.6785,0.277325,1.63841666666667,5.87870833333333,9.992625,12.7460833333333,"2012-08-06",219,"2013-01-22",22,0,140,2213.93030615942,0,91,"",0,0,0,2.67908333333333,0.0770416666666667,6.07212877097066,14.7555416666667,4.97361583605829,7.11240213858948,0.0948928571428571,13.4559751552795,2.112125,"Chinook","PRST",2011,NA
"1745","LAK",365,365,0,0,0,0,0,4.01998686221958,4.55345442512565,20.7339472016963,13.6195,0.0123333333333333,0.0392916666666667,2.04266666666667,7.36120833333333,12.82675,"2012-08-09",222,"2012-10-26",300,0,231,1467.29520471014,0,58,"",0,0,0,2.03370833333333,0.00708333333333333,4.05551652061454,13.6265833333333,3.35738102519075,4.74042757660167,0.0105535714285714,13.2783571428571,1.245125,"Chinook","PRST",2011,NA
"1746","MAR",365,365,21,0.0575342465753425,13,0.0356164383561644,0.0931506849315068,4.67580171996124,4.2709607852436,18.2411060290886,14.63525,-0.0627916666666667,0.903125,3.20535416666667,8.509375,12.1230208333333,"2012-08-06",219,"2013-01-23",23,0,193,1613.16604166667,0,60,"",0,0,0,1.94108333333333,-0.7115,4.78436674036281,13.92375,NA,NA,-0.405279761904762,12.7380357142857,1.75533333333333,"Chinook","PRST",2011,NA
"1747","SEC",365,365,0,0,0,0,0,4.60944960293826,5.29493748173428,28.0363629354746,16.2415,-0.0552333333333333,-0.0478333333333333,2.6,8.53416666666667,15.07675,"2012-07-28",210,"2012-10-23",297,0,214,1688.79155978261,0,74,"",0,0,0,2.08291666666667,-0.0615,4.64978638831698,16.18,3.90752031104921,5.39624808748133,-0.0557083333333333,15.6292261904762,1.38833333333333,"Chinook","PRST",2011,NA
"1748","SFS",365,365,0,0,0,0,0,5.38379188505063,5.18817764180001,26.9171872428735,16.793875,-0.06925,0.758913043478261,4.01554166666667,8.67541666666667,15.38175,"2012-08-06",219,"2012-11-11",316,0,181,1967.56195471014,0,74,"",0,0,0,2.30916666666667,-0.0722083333333333,5.41630274889416,16.7216666666667,4.43625946671511,6.39035074280409,-0.0706785714285714,16.020119047619,1.6875,"Chinook","PRST",2011,NA
"1749","STH",365,365,2,0.00547945205479452,2,0.00547945205479452,0.010958904109589,6.66975032439015,4.84265036514629,23.4512625590515,16.000375,-0.0147541666666667,2.22154166666667,5.94541666666667,10.8295833333333,14.61775,"2012-08-06",219,"2013-01-14",14,0,137,2421.96582608696,0,112,"",0,0,0,2.41740036231884,-0.0695416666666667,6.68588519171324,15.9308333333333,5.60222915405111,7.74852292499294,-0.0464761904761905,15.1175,1.90558333333333,"Chinook","PRST",2011,NA
"1750","VAL",365,365,0,0,0,0,0,6.02631005558864,5.153356581424,26.557084055306,17.434125,0.286125,0.936666666666667,4.75295833333333,10.5033333333333,15.1563333333333,"2012-08-06",219,"2013-01-13",13,0,162,2199.60317028985,0,95,"",0,0,0,2.04241666666667,0.0717083333333333,6.0604019201601,17.5058333333333,5.0575747244762,7.03202126478544,0.189904761904762,15.8597023809524,1.86541666666667,"Chinook","PRST",2011,NA
"1751","WFC",365,365,0,0,0,0,0,4.47636842366488,4.58181499243415,20.9930286248943,14.3709583333333,0.0177,0.153916666666667,2.86491666666667,7.91729166666667,12.9214666666667,"2012-07-28",210,"2013-01-05",5,0,215,1634.43551630435,0,65,"",0,0,0,1.79495833333333,-0.150916666666667,4.51129482920697,14.2200416666667,3.74467309555529,5.3067445450325,-0.0582916666666667,13.6537976190476,1.464625,"Chinook","PRST",2011,NA
"1752","BIU",365,365,0,0,0,0,0,4.83893374137764,3.65692991722856,13.3731364195213,11.64475,0.510366666666667,1.54766666666667,4.02441666666667,7.47025,11.0722166666667,"2013-07-20",201,"2013-12-05",339,0,182,1766.21081560284,0,71,"",0,0,0,1.31975,0.0274583333333333,4.87200157549537,11.6722083333333,4.25966608635097,5.4863989435785,0.219952380952381,11.4739761904762,1.069625,"Chinook","PRST",2012,NA
"1753","BVC",365,365,0,0,0,0,0,5.77640485904308,6.15241636582789,37.8522271385069,18.5621666666667,0.0135583333333333,0.0517916666666667,3.89208333333333,12.0646666666667,16.0446833333333,"2013-07-02",183,"2013-11-23",327,0,185,2108.38777355072,0,83,"",0,0,0,2.48620833333333,0.001125,5.83216328353432,18.5632916666667,5.13074319264463,6.52020339308062,0.00401785714285714,17.3523869047619,1.33791666666667,"Chinook","PRST",2012,NA
"1754","CAM",365,365,0,0,0,0,0,5.64853576216846,5.358533379157,28.7138799755397,15.56525,0.0876166666666667,0.232541666666667,4.10816666666667,10.6475,14.3388583333333,"2013-07-02",183,"2013-12-07",341,0,180,2061.71555319149,0,99,"",0,0,0,1.83704166666667,0.0725833333333333,5.68178720546774,15.6378333333333,4.97998119777159,6.39193833096268,0.0807619047619048,15.0252380952381,1.25683333333333,"Chinook","PRST",2012,NA
"1755","CHA",365,365,0,0,0,0,0,5.22460145951871,5.39074415787448,29.0601225756579,16.9674583333333,-0.000941666666666667,0.268041666666667,3.134,10.1136666666667,14.878925,"2013-07-02",183,"2014-01-28",28,0,198,1908.81053272433,0,89,"",0,0,0,2.10954166666667,-0.73525,5.27277441467183,16.2322083333333,4.50034180594243,6.02221669213399,-0.236255952380952,15.52625,1.42620833333333,"Chinook","PRST",2012,NA
"1756","CHC",365,365,0,0,0,0,0,4.35830307226524,4.22860384882185,17.8810905102709,12.8442083333333,0.069375,0.100958333333333,3.188,8.35470833333333,11.4898,"2013-07-03",184,"2013-11-05",309,0,204,1590.78062137681,0,71,"",0,0,0,1.81804166666667,0.0576666666666667,4.38538536926821,12.901875,3.77237836583101,4.96782082374551,0.0676309523809524,11.9919821428571,1.16970833333333,"Chinook","PRST",2012,NA
"1757","HER",365,365,0,0,0,0,0,6.46794316061148,4.57929142398697,20.9699099458007,14.057,0.693875,2.18666666666667,5.70966666666667,10.9176666666667,13.4445333333333,"2013-07-17",198,"2013-12-08",342,0,147,2360.79925362319,0,101,"",0,0,0,2.35995833333333,0.296625,6.48794786458243,14.353625,5.69022516248839,7.33330466573816,0.406904761904762,13.793755952381,1.407875,"Chinook","PRST",2012,NA
"1758","LAK",365,365,0,0,0,0,0,4.19791231905178,4.82729935147176,23.3028190287197,13.8043333333333,0.003725,0.0366666666666667,2.10795833333333,7.75895833333333,12.78145,"2013-07-03",184,"2014-02-19",50,0,233,1532.24041312057,0,80,"",0,0,0,1.70954166666667,-0.00129166666666667,4.24446135767766,13.8030416666667,3.66186327762303,4.82075492157095,0.00126190476190476,13.046755952381,1.04154166666667,"Chinook","PRST",2012,NA
"1759","LOO",365,365,0,0,0,0,0,5.14317922374429,4.62054001222924,21.3493900046114,13.5366666666667,-0.0870166666666667,0.6935,4.13420833333333,8.95470833333333,12.7595166666667,"2013-07-20",201,"2013-11-23",327,0,182,1884.25975,0,83,"",0,0,0,2.09891666666667,-0.0920416666666667,5.16989784785781,13.444625,4.47004851439183,5.82368999535748,-0.089327380952381,13.1379404761905,1.3095,"Chinook","PRST",2012,NA
"1760","MAR",365,365,0,0,0,0,0,5.27364886837403,4.72810188299118,22.3549474159447,15.4819583333333,-0.0565833333333333,0.994333333333333,3.69179166666667,10.118875,13.1195583333333,"2013-07-02",183,"2013-12-20",354,0,193,1927.91733695652,0,95,"",0,0,0,2.18808333333333,-0.06025,5.31164416051027,15.4217083333333,4.56652298050139,6.11584221468653,-0.0585535714285714,14.3917857142857,1.42370833333333,"Chinook","PRST",2012,NA
"1761","SEC",365,365,0,0,0,0,0,4.69550263042845,5.41040166911111,29.2724462211202,15.26125,-0.0481666666666667,-0.044,2.35933333333333,8.30554166666667,14.4214166666667,"2013-08-18",230,"2013-11-26",330,0,205,1719.71891666667,0,82,"",0,0,0,1.87608333333333,-0.0540416666666667,4.74333551031092,15.2072083333333,4.15321181522748,5.32316075732433,-0.0485059523809524,14.9245416666667,0.999833333333335,"Chinook","PRST",2012,NA
"1762","SFS",365,365,0,0,0,0,0,5.84548042116001,5.79950050736988,33.6342061349835,18.1614166666667,-0.0638333333333333,0.661916666666667,3.58766666666667,11.0135416666667,15.723675,"2013-07-03",184,"2013-12-08",342,0,191,2136.72481205674,0,82,"",0,0,0,2.27595833333333,-0.0654166666666667,5.89285096540542,18.096,5.07878493500464,6.70922579713151,-0.0649285714285714,16.5863928571429,1.37025,"Chinook","PRST",2012,NA
"1763","VAL",365,365,0,0,0,0,0,6.69101171828469,5.88524737062055,34.6361366133961,18.6367083333333,0.344975,0.678166666666667,4.98695833333333,12.6832083333333,16.286975,"2013-07-17",198,"2013-12-09",343,0,163,2442.21927717391,0,87,"",0,0,0,2.50058333333333,0.196458333333333,6.73717975801196,18.8331666666667,5.92205803156917,7.53383475636833,0.271220238095238,17.1176845238095,1.52583333333333,"Chinook","PRST",2012,NA
"1764","WFC",365,365,0,0,0,0,0,4.75329803507238,4.92953408476832,24.3003062928927,16.4007916666667,0.0569416666666667,0.44775,2.586375,9.239875,13.365725,"2013-07-02",183,"2013-12-08",342,0,216,1744.52061613475,0,87,"",0,0,0,1.90120833333333,-1.63904166666667,4.80203975180127,14.76175,4.05556928969359,5.50773859370987,-0.991333333333333,14.0329285714286,1.26870833333333,"Chinook","PRST",2012,NA
"1765","BIU",365,365,0,0,0,0,0,4.96004107603732,3.37578647394887,11.3959343176961,11.8399166666667,0.903525,2.10795833333333,3.943375,7.71054166666667,10.9657583333333,"2014-07-14",195,"2014-12-31",365,0,184,1810.41499275362,0,49,"",0,0,0,1.23166666666667,0.0770416666666667,4.98663829391512,11.9169583333333,4.32585413891244,5.61668352609907,0.469827380952381,11.4402202380952,1.25179166666667,"Chinook","PRST",2013,NA
"1766","BVC",365,365,0,0,0,0,0,5.76297064721064,5.69765791500393,32.463305716407,17.78975,0.01755,0.0979583333333333,3.727125,10.9494583333333,15.7070666666667,"2014-07-14",195,"2014-11-16",320,0,193,2103.48428623188,0,96,"",0,0,0,2.01666666666667,0.007,5.80459099494224,17.79675,5.01487301178798,6.58188067195511,0.00860119047619048,16.7916369047619,1.563625,"Chinook","PRST",2013,NA
"1767","CAM",365,365,9,0.0246575342465753,9,0.0246575342465753,0.0493150684931507,5.45707150754615,5.10909580605627,26.1028599554618,18.3285454545455,0.01653125,0.09284375,4.65302083333333,9.86558333333333,14.2808854166667,"2014-08-07",219,"2014-11-16",320,0,165,1942.71745668643,0,86,"",0,0,0,1.82925,0.007,5.63832048227032,18.3355454545455,NA,NA,0.00860119047619048,18.3355454545455,1.31529166666667,"Chinook","PRST",2013,NA
"1768","CHA",365,365,0,0,0,0,0,5.27668288927891,4.8960714171028,23.971515321371,16.0539166666667,0.0028,0.739416666666667,3.750875,9.41754166666667,14.274275,"2014-07-14",195,"2014-11-12",316,0,189,1925.9892545868,0,83,"",0,0,0,1.92858333333333,0.000583333333333333,5.31358467254581,16.0545,4.49154119500583,6.13134704156027,0.00164880952380952,15.0758928571429,1.57975,"Chinook","PRST",2013,NA
"1769","CHC",365,365,0,0,0,0,0,4.35732300476474,3.81446241762626,14.5501235354832,12.2715416666667,0.0745083333333333,0.326625,3.53183333333333,7.65295833333333,11.0793333333333,"2014-07-14",195,"2014-12-30",364,0,199,1590.42289673913,0,48,"",0,0,0,1.789625,0.0654166666666667,4.37919103415861,12.3369583333333,3.67570433167817,5.11430356566146,0.0709642857142857,11.563630952381,1.40420833333333,"Chinook","PRST",2013,NA
"1770","HER",365,365,0,0,0,0,0,6.70045036231884,4.3861946540363,19.2387035430966,14.4376666666667,0.692808333333333,2.4625,6.416375,10.4035833333333,13.6797083333333,"2014-07-16",197,"2015-01-02",2,0,126,2445.66438224638,0,106,"",0,0,0,1.873125,0.262125,6.71021155354476,14.6997916666667,5.73876520427112,7.63207501715716,0.542255952380952,14.109130952381,1.80925,"Chinook","PRST",2013,NA
"1771","LAK",365,365,0,0,0,0,0,4.42378289371418,4.58789852265333,21.0488128541646,14.687,0.005725,0.0905416666666667,2.60979166666667,8.31204166666667,13.08815,"2014-07-14",195,"2014-11-30",334,0,210,1614.68075620567,0,60,"",0,0,0,1.828375,0.00158333333333333,4.45969288106104,14.6885833333333,3.76918072759241,5.12405294207709,0.00351190476190476,13.6135476190476,1.298875,"Chinook","PRST",2013,NA
"1772","LOO",365,365,0,0,0,0,0,5.37349306630931,4.16652074119967,17.3598950868471,13.3948333333333,-0.0856083333333334,1.64608333333333,4.89770833333333,8.81625,12.4229166666667,"2014-08-11",223,"2014-12-30",364,0,150,1965.1304692029,0,73,"",0,0,0,1.66195833333333,-0.09,5.38931946919497,13.3048333333333,4.49959531811392,6.25978183157725,-0.0870535714285714,12.7972083333333,1.74958333333333,"Chinook","PRST",2013,NA
"1773","MAR",365,365,0,0,0,0,0,5.29736206240487,4.4395894566176,19.7099545433102,14.9901666666667,-0.0506333333333333,1.50379166666667,3.6605,9.09891666666667,13.1984,"2014-07-14",195,"2014-11-13",317,0,189,1934.92611111111,0,66,"",0,0,0,1.75195833333333,-0.0565416666666667,5.33967365808905,14.933625,4.452158000619,6.26795740482823,-0.0539880952380952,13.9387321428571,1.725,"Chinook","PRST",2013,NA
"1774","SEC",365,365,0,0,0,0,0,4.96882974108618,5.14628647944014,26.4842645284684,16.1667083333333,-0.0489916666666667,-0.0392916666666667,3.38770833333333,8.96504166666667,14.721725,"2014-07-14",195,"2014-11-30",334,0,198,1818.52660549645,0,79,"",0,0,0,1.80733333333333,-0.0536666666666667,5.00654486210711,16.1130416666667,4.29624890110433,5.68203418429839,-0.0497857142857143,15.1610357142857,1.37983333333333,"Chinook","PRST",2013,NA
"1775","SFS",365,365,0,0,0,0,0,5.95568856747304,5.24567242639056,27.5170792049942,17.5221666666667,-0.0567416666666667,1.27204166666667,4.45325,10.391,15.7889166666667,"2014-07-14",195,"2014-11-17",321,0,168,2175.66141046099,0,83,"",0,0,0,1.983375,-0.0597916666666667,5.9932579413292,17.462375,5.01109608299255,6.95519508484956,-0.0586369047619048,16.3666666666667,1.84008333333333,"Chinook","PRST",2013,NA
"1776","STH",365,365,0,0,0,0,0,7.11122572463768,4.76191365150634,22.6758216244024,16.9872916666667,0.265275,2.92745833333333,6.46895833333333,11.338125,14.955525,"2014-07-14",195,"2015-01-01",1,0,120,2595.77826449275,0,110,"",0,0,0,2.48983333333333,-0.0519166666666667,7.13444802750336,16.935375,6.06778810907917,8.17726536070405,0.0480535714285714,16.3108035714286,1.98270833333333,"Chinook","PRST",2013,NA
"1777","VAL",365,365,0,0,0,0,0,6.52490795612468,5.26258019991744,27.6947503605631,17.0112916666667,0.391466666666667,1.47020833333333,5.4085,11.1682916666667,15.3686,"2014-08-02",214,"2014-12-30",364,0,159,2381.59140398551,0,108,"",0,0,0,2.01683333333333,0.19775,6.56364069952191,17.2090416666667,5.62120652173913,7.51217780872795,0.27714880952381,15.9909047619048,1.69008333333333,"Chinook","PRST",2013,NA
"1778","WFC",365,365,0,0,0,0,0,4.71392257463463,4.50654047433243,20.3089070467964,14.7545416666667,-0.0624166666666667,0.536208333333333,3.10258333333333,8.513125,13.06055,"2014-07-14",195,"2014-12-15",349,0,204,1723.49736474164,0,61,"",0,0,0,2.074125,-0.07775,4.75250043567774,14.6767916666667,4.03980564857069,5.46373012462853,-0.0669047619047619,13.7579404761905,1.297875,"Chinook","PRST",2013,NA
"1779","BIU",366,366,0,0,0,0,0,5.24682044965702,3.93113580057476,15.4538286825605,12.9026666666667,0.27103125,1.48328125,4.63135416666667,8.89346875,11.5850104166667,"2015-06-30",181,"2016-01-02",2,0,165,1920.33628457447,0,70,"",0,0,0,1.84870833333333,0.0465,5.26926499352696,12.9491666666667,4.58100474537037,5.94737521178093,0.149571428571429,12.4358869047619,1.22947916666667,"Chinook","PRST",2014,NA
"1780","BVC",366,366,0,0,0,0,0,6.45651627475487,6.13088513696944,37.5877525627128,19.1186666666667,0.0209895833333333,0.103833333333333,4.9870625,12.2380104166667,16.2080833333333,"2015-06-30",181,"2015-11-27",331,2,164,2363.08495656028,0.145000000000003,99,"",2,2,0,2.096625,0.0127916666666667,6.50418109626534,19.1314583333333,5.69731897655634,7.26299872685185,0.016702380952381,18.6547261904762,1.522375,"Chinook","PRST",2014,NA
"1781","CAM",366,366,0,0,0,0,0,6.52721278775724,5.79471989881101,33.5787787056763,19.0085416666667,0.144958333333333,0.323197916666667,5.41233333333333,11.3628541666667,15.95103125,"2015-06-30",181,"2016-02-02",33,2,153,2388.95988031915,0.145000000000003,95,"",2,2,0,2.87066666666667,0.122916666666667,6.55317630445795,19.1314583333333,5.70713541666667,7.40308104806935,0.130571428571429,18.6547261904762,1.64727083333333,"Chinook","PRST",2014,NA
"1782","CHA",366,366,0,0,0,0,0,5.87127267230892,5.45624689456007,29.7706301743964,18.2444166666667,0.0106354166666667,0.3285625,4.50695833333333,10.8910729166667,15.24403125,"2015-06-30",181,"2016-01-25",25,0,170,2148.88579806506,0,87,"",0,0,0,2.64058333333333,0.00345833333333333,5.91020881406962,18.247875,5.00930243055556,6.843944321316,0.00608928571428571,17.2964166666667,1.915375,"Chinook","PRST",2014,NA
"1783","CHC",366,366,0,0,0,0,0,4.88543111023912,4.20003847134796,17.6403231608029,13.7297916666667,0.131229166666667,0.396739583333333,4.24758333333333,8.58166666666667,11.6741145833333,"2015-06-30",181,"2015-11-23",327,0,175,1788.06778634752,0,69,"",0,0,0,2.44020833333333,0.08575,4.90977602689125,13.8155416666667,4.15770160559496,5.64045960648148,0.0895059523809524,13.1401904761905,1.50591666666667,"Chinook","PRST",2014,NA
"1784","HER",366,366,0,0,0,0,0,6.75747041470282,4.61552328702515,21.3030552130715,15.51975,0.530822916666667,2.01314583333333,7.59489583333333,10.6923125,13.6532916666667,"2015-08-14",226,"2015-12-01",335,0,135,2473.23417178123,0,108,"",0,0,0,1.944375,0.426541666666667,6.75828324833411,15.9462916666667,5.95537435007123,7.63084103624902,0.473934523809524,14.1931130952381,1.594375,"Chinook","PRST",2014,NA
"1785","LAK",366,366,0,0,0,0,0,5.17103527932799,5.18168108691045,26.8498188864455,16.5445,0.01171875,0.0490416666666667,3.74670833333333,9.8998125,13.9693645833333,"2015-06-30",181,"2016-01-25",25,0,187,1892.59891223404,0,88,"",0,0,0,2.14379166666667,0.00979166666666667,5.21543160144377,16.5542916666667,4.46766643518519,6.00196666666667,0.0113630952380952,15.7436488095238,1.54477083333333,"Chinook","PRST",2014,NA
"1786","LOO",366,366,0,0,0,0,0,5.67635158963329,4.66984462899451,21.8074488589489,14.3682916666667,-0.07890625,0.543864583333333,5.58841666666667,9.69501041666667,13.1563020833333,"2015-06-30",181,"2016-01-01",1,0,151,2083.97768180578,0,87,"",0,0,0,2.429875,-0.0849166666666667,5.6902008191695,14.283375,4.91533943198006,6.48377430309299,-0.0821607142857143,13.8396130952381,1.68470833333333,"Chinook","PRST",2014,NA
"1787","MAR",366,366,0,0,0,0,0,5.71727961244817,4.65466648156179,21.6659200545748,16.0963333333333,-0.05040625,1.41088541666667,4.84054166666667,9.99623958333333,13.2503333333333,"2015-06-30",181,"2015-12-28",362,0,167,2094.5300048227,0,91,"",0,0,0,1.89916666666667,-0.052625,5.76535293998368,16.0437083333333,4.84917171247045,6.6744623287037,-0.0519345238095238,15.1712678571429,1.73075,"Chinook","PRST",2014,NA
"1788","SEC",366,366,0,0,0,0,0,5.69307558714103,5.83636346844368,34.063138535784,19.3505416666667,-0.04690625,-0.04325,4.38039583333333,11.1091041666667,15.92065625,"2015-06-30",181,"2015-12-01",335,0,178,2091.97616666667,0,81,"",0,0,0,2.31883333333333,-0.928375,5.73384824242936,18.4221666666667,4.92331608796296,6.53779236111111,-0.438851190476191,17.614505952381,1.51175,"Chinook","PRST",2014,NA
"1789","SFS",366,366,0,0,0,0,0,6.6812586932721,5.87533888768042,34.5196070450898,19.5436666666667,-0.0486666666666667,0.89765625,5.68891666666667,12.1576354166667,16.4596041666667,"2015-06-30",181,"2015-12-16",350,1,154,2447.17339007092,0.492874999999998,89,"",1,1,0,2.693,-0.0507916666666667,6.71873363974727,19.492875,5.75456099537037,7.6883103427896,-0.0497976190476191,18.4660892857143,1.93245833333333,"Chinook","PRST",2014,NA
"1790","STH",366,366,0,0,0,0,0,7.36151570311592,5.0515474930301,25.5181320743386,17.634875,0.08175,2.6301875,7.21277083333333,12.0499895833333,14.9492604166667,"2015-06-30",181,"2015-12-27",361,0,129,2694.66028900709,0,121,"",0,0,0,2.27608333333333,-0.053875,7.38123302832658,17.581,6.36459987687155,8.4051181712963,0.0755833333333333,16.7432261904762,1.951875,"Chinook","PRST",2014,NA
"1791","SUL",366,366,0,0,0,0,0,5.48960931626168,4.742390141248,22.4902642518062,15.7545833333333,-0.0282395833333333,0.9688125,4.6675625,9.981375,13.0961354166667,"2015-06-30",181,"2016-01-10",10,0,171,2010.33100975177,0,92,"",0,0,0,1.88820833333333,-0.0492916666666667,5.52655368118879,15.7052916666667,4.80417074468085,6.26684027777778,-0.0349583333333333,14.9150297619048,1.51702083333333,"Chinook","PRST",2014,NA
"1792","VAL",366,366,0,0,0,0,0,7.1401548913886,5.82682816456653,33.9519264593858,18.9395833333333,0.3378125,0.94128125,7.0351875,12.4143333333333,16.32339375,"2015-06-30",181,"2015-12-26",360,1,154,2613.29669024823,0.0103749999999998,99,"",1,1,0,2.67383333333333,0.0707916666666667,7.1784087295255,19.010375,6.24497578309693,8.06284997685185,0.26964880952381,18.2083511904762,1.7261875,"Chinook","PRST",2014,NA
"1793","WFC",366,366,0,0,0,0,0,5.21084527719645,4.94456562494664,24.448729219404,16.2327916666667,-0.0578854166666667,0.271895833333333,3.94841666666667,9.75596875,13.5310833333333,"2015-06-30",181,"2016-01-26",26,0,183,1910.3147464539,0,89,"",0,0,0,2.22125,-0.071625,5.25098972229258,16.1611666666667,4.44029594907407,6.09728992070528,-0.0588571428571429,15.3203928571429,1.588125,"Chinook","PRST",2014,NA
"1794","BIU",365,365,0,0,0,0,0,4.96671031769164,3.54544118426253,12.5701531910649,11.75725,0.361391666666667,1.59491666666667,4.542,8.24220833333333,10.8825166666667,"2016-07-30",212,"2017-01-07",7,0,165,1812.84926595745,0,46,"",0,0,0,1.63179166666667,0.032625,4.98881724500682,11.789875,4.31433379758589,5.6390305690551,0.148404761904762,11.5088035714286,1.174875,"Chinook","PRST",2015,NA
"1795","BVC",365,365,0,0,0,0,0,5.73515190663558,5.64188645577759,31.8308827798866,17.2044166666667,0.026725,0.0592916666666667,4.26754166666667,10.5525,15.549425,"2016-07-29",211,"2016-12-05",340,0,179,2093.33044592199,0,92,"",0,0,0,1.93970833333333,0.0177083333333333,5.78175152399014,17.222125,4.93627924791086,6.60795106827476,0.0202142857142857,16.591130952381,1.651125,"Chinook","PRST",2015,NA
"1796","CHA",365,365,0,0,0,0,0,5.52659544867977,5.11545587300248,26.1678887886355,16.475625,0.0109333333333333,0.0445,4.36066666666667,9.82704166666667,14.7325,"2016-07-29",211,"2016-11-26",331,0,176,2017.20733876812,0,85,"",0,0,0,2.26179166666667,0.00829166666666667,5.56303450247121,16.4839166666667,4.66575614630011,6.46366749929353,0.0102797619047619,15.9100357142857,1.78675,"Chinook","PRST",2015,NA
"1797","CHC",365,365,0,0,0,0,0,4.24375676916351,3.78507683088951,14.3268066157366,11.9356666666667,-0.0327833333333333,0.0689166666666667,3.64116666666667,7.49554166666667,10.8305166666667,"2016-07-29",211,"2016-11-18",323,0,196,1550.59176241135,0,40,"",0,0,0,1.986,-0.0514583333333333,4.2644626788219,11.8842083333333,3.60329224698236,4.88913548025445,-0.0352678571428571,11.3936547619048,1.330875,"Chinook","PRST",2015,NA
"1798","LAK",365,365,0,0,0,0,0,4.55996112459291,4.51051583734132,20.3447531189068,14.439625,0.017925,0.03,3.3405,8.18983333333333,12.7826833333333,"2016-07-30",212,"2017-02-25",56,0,192,1664.38581047641,0,65,"",0,0,0,2.11270833333333,0.0145833333333333,4.60218454304346,14.4542083333333,3.79770113741876,5.37847057235769,0.0160357142857143,14.0511488095238,1.62104166666667,"Chinook","PRST",2015,NA
"1799","LOO",365,365,0,0,0,0,0,5.39259495413937,4.23745711640127,17.9560428133398,13.9055,-0.0799916666666667,1.15029166666667,5.19979166666667,8.84991666666667,12.4230416666667,"2016-07-29",211,"2016-12-07",342,0,143,1973.89832492754,0,68,"",0,0,0,2.10141666666667,-0.084,5.40483050782309,13.8215,4.6530225717573,6.13514972144847,-0.0817738095238095,13.1851607142857,1.53395833333333,"Chinook","PRST",2015,NA
"1800","MAR",365,365,0,0,0,0,0,5.09270141843972,4.38074974584241,19.1909683356983,13.7576666666667,-0.0479166666666667,1.06066666666667,4.01291666666667,9.02870833333333,12.4740083333333,"2016-07-29",211,"2016-12-17",352,0,181,1861.51980939716,0,73,"",0,0,0,1.936,-0.04925,5.13475479139679,13.7084166666667,4.32565413184773,5.91101425848002,-0.0485059523809524,13.0662976190476,1.46130939716312,"Chinook","PRST",2015,NA
"1801","SEC",365,365,0,0,0,0,0,5.09146907364228,5.07103342027341,25.7153799495298,16.4549166666667,-0.0412,-0.038125,3.97270833333333,9.07616666666667,14.3827166666667,"2016-07-30",212,"2016-12-03",338,0,183,1862.867875,0,70,"",0,0,0,2.17379166666667,-0.0430416666666667,5.13094812965487,16.411875,4.2752596431182,5.95945161154902,-0.0427678571428571,15.9186547619048,1.69008333333333,"Chinook","PRST",2015,NA
"1802","SFS",365,365,0,0,0,0,0,6.05008193918197,5.31977791924603,28.3000371100976,17.2114583333333,-0.0405,0.832166666666667,5.04225,10.4679166666667,15.4306,"2016-07-29",211,"2016-12-08",343,0,153,2210.62674113475,0,95,"",0,0,0,2.44545833333333,-0.0443333333333333,6.08432951171638,17.167125,5.16715912256268,6.98014946462791,-0.0430357142857143,16.6224404761905,1.70916666666667,"Chinook","PRST",2015,NA
"1803","STH",365,365,0,0,0,0,0,6.8619578402798,4.95817549711435,24.5835042601851,15.71375,-0.0322416666666667,2.20908333333333,6.341125,11.3872083333333,14.4410166666667,"2016-07-02",184,"2017-01-06",6,0,122,2505.70107003546,0,118,"",0,0,0,2.59079166666667,-0.054875,6.88990251966371,15.658875,5.94680288774966,7.82088958691401,-0.0229404761904762,15.3914166666667,1.874,"Chinook","PRST",2015,NA
"1804","SUL",365,365,0,0,0,0,0,4.98669574911612,4.34632631964693,18.8905524768556,13.679125,-0.0462666666666667,0.939833333333333,4.11995833333333,8.82420833333333,12.4503583333333,"2016-07-29",211,"2017-01-12",12,0,179,1822.61549009405,0,71,"",0,0,0,1.60695833333333,-0.0522083333333333,5.02074939209113,13.6269166666667,4.30974210770659,5.69255848841344,-0.0497261904761905,13.262125,1.27183333333333,"Chinook","PRST",2015,NA
"1805","VAL",365,365,0,0,0,0,0,6.43531766734674,5.43319628191641,29.5196218378303,16.952125,0.218683333333333,0.609,5.52191666666667,11.3429583333333,15.3972333333333,"2016-07-29",211,"2016-12-18",353,0,160,2348.89094858156,0,109,"",0,0,0,2.61108333333333,0.0833333333333333,6.47865901249672,17.0354583333333,5.53824825905292,7.38207364576542,0.167880952380952,16.3415416666667,1.8785,"Chinook","PRST",2015,NA
"1806","WFC",365,365,0,0,0,0,0,4.99214051042287,4.76345025704594,22.690458351351,15.1687083333333,-0.0579416666666667,0.0185833333333333,3.72929166666667,8.917125,13.426675,"2016-07-30",212,"2016-12-07",342,0,187,1826.61307797101,0,80,"",0,0,0,2.00145833333333,-0.0687083333333333,5.03194759084644,15.1,4.17727528157927,5.87120583626014,-0.0622380952380952,14.4599583333333,1.68895833333333,"Chinook","PRST",2015,NA
"1807","BIU",365,365,0,0,0,0,0,4.66513674667461,3.45508968805678,11.9376447525163,11.4169166666667,0.749083333333333,1.81658333333333,3.83020833333333,6.851125,10.81715,"2017-07-31",212,"2017-12-24",358,0,189,1702.77491253623,0,60,"",0,0,0,1.35066666666667,0.208666666666667,4.6885479059903,11.6255833333333,4.05453249767874,5.25655257660167,0.505029761904762,11.4912440476191,1.09475,"Chinook","PRST",2016,NA
"1808","BVC",365,365,0,0,0,0,0,5.05706902898551,5.64055384917858,31.8158477254833,16.054375,0.030875,0.0977916666666667,2.61745833333333,10.1618333333333,14.980925,"2017-07-09",190,"2017-12-31",365,0,218,1845.83019557971,0,91,"",0,0,0,3.42066666666667,0.0207083333333333,5.09389552423052,16.0750833333333,4.32799826894352,5.81265547918938,0.0296845238095238,15.4655654761905,1.21475,"Chinook","PRST",2016,NA
"1809","CHA",365,365,0,0,0,0,0,5.19432909866984,5.24205137112853,27.4791025775505,16.0479583333333,0.0116833333333333,0.093625,3.60441666666667,9.08004166666667,15.0929166666667,"2017-07-09",190,"2018-01-01",1,0,201,1895.93012101449,0,86,"",0,0,0,2.113125,0.00954166666666667,5.22692461418018,16.0575,4.39575667413508,6.06838374005894,0.0116011904761905,15.4368630952381,1.70633333333333,"Chinook","PRST",2016,NA
"1810","CHC",365,365,0,0,0,0,0,3.62575783175411,3.50103352849026,12.2572357676129,10.575625,-0.0407416666666667,0.261291666666667,2.759125,6.12929166666667,9.71911666666667,"2017-08-29",241,"2017-12-09",343,0,233,1325.23765025692,0,11,"",0,0,0,2.33183333333333,-0.0484583333333333,3.6401433420076,10.5271666666667,2.95662508428111,4.31052963142384,-0.0454880952380952,10.2180238095238,1.321625,"Chinook","PRST",2016,NA
"1811","LAK",365,365,0,0,0,0,0,4.08012184458642,4.6812107839724,21.9137344039795,13.7260416666667,0.0247833333333333,0.0479166666666667,2.036875,7.20054166666667,12.67095,"2017-07-30",211,"2018-01-23",23,0,229,1489.24447327404,0,78,"",0,0,0,1.98341666666667,0.0220833333333333,4.11890110608236,13.748125,3.51306805841508,4.72852929332687,0.0234107142857143,13.2238928571429,1.19875,"Chinook","PRST",2016,NA
"1812","LOO",365,365,0,0,0,0,0,4.81199996069089,3.91228906267722,15.3060057099438,12.28,-0.0692916666666667,1.46404166666667,4.49879166666667,7.04866666666667,11.3806166666667,"2017-08-04",216,"2017-12-10",344,0,172,1759.93731898551,0,72,"",0,0,0,1.7115,-0.0785416666666667,4.81775269580789,12.2014583333333,4.06179317084494,5.58900174094708,-0.0766369047619048,11.8056845238095,1.40783333333333,"Chinook","PRST",2016,NA
"1813","MAR",365,365,0,0,0,0,0,4.72098800317649,4.27620462145914,18.2859259645885,12.99075,-0.0296833333333334,1.11141666666667,2.75958333333333,9.17329166666667,12.0593583333333,"2017-07-16",197,"2017-12-11",345,0,218,1723.96862115942,0,80,"",0,0,0,3.00416666666667,-0.0460833333333333,4.75817421665311,12.9446666666667,3.8808603798797,5.59879670784385,-0.044202380952381,12.4850357142857,1.493375,"Chinook","PRST",2016,NA
"1814","SEC",365,365,7,0.0191780821917808,7,0.0191780821917808,0.0383561643835616,4.40835797577119,5.20860791091118,27.1295963696065,16.0489583333333,-0.0368291666666667,-0.0336875,2.52954166666667,7.0139375,14.1800791666667,"2017-07-30",211,"2017-11-19",323,0,214,1582.73072916667,0,72,"",0,0,0,1.93866666666667,-0.0423333333333333,4.59852089684395,16.006625,NA,NA,-0.037625,15.3356845238095,1.13579166666667,"Chinook","PRST",2016,NA
"1815","SFS",365,365,0,0,0,0,0,5.44931488882271,5.1565752693792,26.5902685087732,15.66775,-0.0326083333333333,1.05158333333333,3.72791666666667,8.587125,14.7702833333333,"2017-08-04",216,"2017-12-15",349,0,189,1990.03447608696,0,83,"",0,0,0,1.61125,-0.036875,5.48095873097574,15.630875,4.63925162488394,6.29345181361269,-0.0358690476190476,15.3666369047619,1.56504166666667,"Chinook","PRST",2016,NA
"1816","STH",365,365,0,0,0,0,0,6.43066542962081,4.63721479488679,21.5037610539169,15.1237083333333,0.344866666666667,2.46125,5.59341666666667,10.7107916666667,14.3392,"2017-07-10",191,"2017-12-24",358,0,137,2347.23096514493,0,99,"",0,0,0,2.25466666666667,-0.0380833333333333,6.45261440748687,15.085625,5.40442412256267,7.43444742339833,0.187416666666667,14.632880952381,1.92670833333333,"Chinook","PRST",2016,NA
"1817","SUL",365,365,0,0,0,0,0,4.48127322076633,4.03587351495488,16.2882750287142,12.9438333333333,-0.0402416666666667,1.40733333333333,3.1085,7.111625,11.9087666666667,"2017-07-09",190,"2017-12-05",339,0,220,1637.00064224638,0,73,"",0,0,0,2.081875,-0.0583333333333333,4.51128909499588,12.8855,3.78225490250696,5.19476268115942,-0.0485238095238095,12.3035773809524,1.36229166666667,"Chinook","PRST",2016,NA
"1818","VAL",365,365,0,0,0,0,0,5.94798806928727,5.13515326364383,26.3697990411118,15.0074583333333,0.265508333333333,1.00729166666667,4.251375,11.3400833333333,14.2275782608696,"2017-08-04",216,"2017-12-24",358,0,171,2171.01564528986,0,104,"",0,0,0,2.46233333333333,0.0632083333333333,5.98998496830972,15.0706666666667,5.05342441968431,6.8896656170522,0.177178571428571,14.7441904761905,1.66433333333333,"Chinook","PRST",2016,NA
"1819","WFC",365,365,0,0,0,0,0,4.54807616736153,4.81755238315127,23.2088109644065,14.3655,-0.0570583333333333,0.19,2.62979166666667,8.568875,13.4085916666667,"2017-07-09",190,"2017-11-05",309,0,222,1663.14371775362,0,84,"",0,0,0,1.74958333333333,-0.0733333333333333,4.58456919987082,14.2921666666667,3.88870947377982,5.27996332404828,-0.0615357142857143,13.7762321428571,1.31120833333333,"Chinook","PRST",2016,NA
"1820","BIU",365,365,0,0,0,0,0,4.8052822578916,3.87304774068189,15.0004988016011,12.1897083333333,0.256683333333333,1.14733333333333,4.30375,7.716625,11.662525,"2018-07-14",195,"2019-01-01",1,0,173,1753.92802413044,0,57,"",0,0,0,1.69733333333333,0.042875,4.83781136513319,12.2325833333333,4.20545891364903,5.4468690133624,0.196202380952381,11.9489702380952,1.084125,"Chinook","PRST",2017,NA
"1821","BVC",365,365,0,0,0,0,0,5.71219742783403,6.03235275230358,36.3892797282246,17.6579583333333,0.036075,0.051,3.63016666666667,11.6339583333333,16.3695666666667,"2018-07-25",206,"2018-11-25",329,0,187,2084.95206115942,0,73,"",0,0,0,2.03775,0.0266666666666667,5.77635900442338,17.684625,5.1067863277623,6.40536996144685,0.0341488095238095,16.9648571428571,1.166875,"Chinook","PRST",2017,NA
"1822","CHA",365,365,0,0,0,0,0,5.38671714194957,5.38033148908646,28.9479669324554,16.3392083333333,0.068,0.0880416666666667,4.05166666666667,9.96641666666667,15.4747416666667,"2018-08-10",222,"2018-12-04",338,0,182,1966.15175681159,0,86,"",0,0,0,2.541625,0.0648333333333333,5.4268286766207,16.4040416666667,4.69087233054782,6.10347553853296,0.0668392857142857,15.884,1.35954166666667,"Chinook","PRST",2017,NA
"1823","CHC",365,365,0,0,0,0,0,4.02813462934286,4.01611272198722,16.1291613957076,12.2315833333333,-0.0418833333333333,-0.0227916666666667,3.31820833333333,7.362,11.2850583333333,"2018-08-10",222,"2018-11-21",325,0,206,1475.10556905797,0,45,"",0,0,0,2.00558333333333,-0.366416666666667,4.04800741927484,11.8651666666667,3.47789640607969,4.5710114807638,-0.144470238095238,11.4981011904762,1.08929166666667,"Chinook","PRST",2017,NA
"1824","LAK",365,365,0,0,0,0,0,4.33196565932102,4.82715914024133,23.3014653652154,14.642,0.0280833333333333,0.0397083333333333,2.43816666666667,8.41883333333333,13.5862416666667,"2018-08-01",213,"2019-03-14",73,0,216,1581.16746565217,0,66,"",0,0,0,2.21858333333333,0.0261666666666667,4.37790466622837,14.6681666666667,3.73889914113278,4.96722611138024,0.0272243788819876,13.9309166666667,1.10054166666667,"Chinook","PRST",2017,NA
"1825","LOO",365,365,0,0,0,0,0,4.89804134881874,4.46189375271036,19.9084958604758,13.478875,-0.080075,-0.0719583333333333,4.72633333333333,8.32920833333333,12.5050416666667,"2018-08-10",222,"2018-12-23",357,0,161,1795.79905065217,0,67,"",0,0,0,1.57795833333333,-0.0945,4.91058334178215,13.384375,4.3370378365831,5.47253583282871,-0.0857142857142857,12.8349523809524,1.118375,"Chinook","PRST",2017,NA
"1826","MAR",365,365,0,0,0,0,0,5.15717711693468,4.49696256741826,20.222672332761,14.03675,-0.0400666666666667,0.95475,3.84441666666667,9.07275,13.0302416666667,"2018-07-17",198,"2018-12-13",347,0,186,1883.93214768116,0,70,"",0,0,0,2.08383333333333,-0.0431666666666667,5.19609433960795,13.9935833333333,4.39526636490251,6.03811573271164,-0.0415357142857143,13.6784047619048,1.522125,"Chinook","PRST",2017,NA
"1827","SEC",365,365,0,0,0,0,0,4.90083400377209,5.49568696637985,30.2025752324374,16.867375,-0.0362833333333333,-0.0303333333333333,3.13558333333333,9.119875,15.4206166666667,"2018-08-10",222,"2018-11-14",318,0,200,1794.455915,0,77,"",0,0,0,2.27095833333333,-0.299916666666667,4.94922443479414,16.5674583333333,4.25632973537604,5.59531835654596,-0.153488095238095,15.8632916666667,1.23333333333333,"Chinook","PRST",2017,NA
"1828","SFS",365,365,0,0,0,0,0,5.88595344431209,5.63552799460463,31.7591757779725,17.54175,-0.0258583333333333,0.4875,4.65266666666667,10.184,16.1770333333333,"2018-07-25",206,"2018-12-05",339,0,170,2149.22917384058,0,73,"",0,0,0,2.0825,-0.0316666666666667,5.93134451195811,17.5100833333333,5.12262465181059,6.7585030172379,-0.0284166666666667,16.6345773809524,1.40391666666667,"Chinook","PRST",2017,NA
"1829","STH",365,365,0,0,0,0,0,6.58521263390907,4.92447024336527,24.25040717779,15.890125,0.0963916666666666,1.6905,6.17445833333333,10.947625,14.7130583333333,"2018-07-14",195,"2018-12-06",340,0,138,2403.87848637681,0,103,"",0,0,0,1.96225,-0.0407083333333333,6.60804850960513,15.8494166666667,5.67423421541318,7.56409383936862,0.0578214285714286,15.5113869047619,1.86954166666667,"Chinook","PRST",2017,NA
"1830","SUL",365,365,0,0,0,0,0,4.80212221103832,4.49368732464741,20.1932257716968,13.58075,-0.0208166666666667,0.320708333333333,3.55920833333333,9.03229166666667,12.5645416666667,"2018-07-25",206,"2019-02-13",44,0,191,1753.60585702899,0,71,"",0,0,0,1.65104166666667,-0.0297083333333333,4.84310652906336,13.5510416666667,4.20539763231198,5.4859125998143,-0.0240119047619048,13.1788154761905,1.23604166666667,"Chinook","PRST",2017,NA
"1831","VAL",365,365,0,0,0,0,0,6.3284068578519,5.5099492060283,30.3595402530119,16.9105833333333,0.40735,0.664208333333333,5.18445833333333,11.1365833333333,15.9624833333333,"2018-08-10",222,"2018-12-06",340,0,157,2309.86850311594,0,93,"",0,0,0,3.00116666666667,0.139583333333333,6.37583960942231,17.0501666666667,5.57153249767874,7.152563917686,0.297482142857143,16.3989285714286,1.40333333333333,"Chinook","PRST",2017,NA
"1832","WFC",365,365,0,0,0,0,0,4.80887006928727,4.91511410833217,24.1583466979259,14.754625,-0.0496166666666667,0.05475,3.33428,9.14595833333333,13.8591666666667,"2018-08-10",222,"2018-12-04",338,0,198,1757.58328362319,0,79,"",0,0,0,2.54283333333333,-0.0618333333333333,4.85076319221209,14.6927916666667,4.19017908542247,5.48647660631383,-0.0473452380952381,14.1288333333333,1.13566666666667,"Chinook","PRST",2017,NA
"1833","BIU",366,366,44,0.120218579234973,44,0.120218579234973,0.240437158469945,4.06793893272766,3.2432693357367,10.51879598413,13.1102196969697,0.5316625,1.524125,3.06083333333333,5.5435625,10.61904375,"2019-07-31",212,"2019-12-17",351,0,196,1309.87633633831,0,38,"",0,0,0,1.469375,0.00541666666666667,4.18556936144442,13.1156363636364,NA,NA,0.424660714285714,13.1156363636364,1.19816666666667,"Chinook","PRST",2018,NA
"1834","BVC",366,366,0,0,0,0,0,5.26459369623771,5.88271734829461,34.6063633999263,17.1312083333333,0.0392445652173913,0.0776979166666667,2.6018125,10.84025,15.42553125,"2019-07-14",195,"2019-12-15",349,0,211,1926.841292823,0,91,"",0,0,0,2.27529166666667,0.0309166666666667,5.31493765202157,17.162125,4.53386133252818,6.03692936613475,0.03875,16.3213214285714,1.1466875,"Chinook","PRST",2018,NA
"1835","CAM",366,366,0,0,0,0,0,5.27234416298493,5.15851796968766,26.6103076435905,14.9989166666667,0.141510416666667,0.197145833333333,3.85966666666667,9.82458333333333,14.0112604166667,"2019-08-05",217,"2020-02-19",50,0,188,1929.67796365248,0,90,"",0,0,0,1.75275,0.0897083333333333,5.29405261067489,15.088625,4.55706355644208,5.97898901940504,0.131029761904762,14.4292857142857,1.33195833333333,"Chinook","PRST",2018,NA
"1836","CHA",366,366,0,0,0,0,0,5.23822680017827,5.35023889536887,28.6250562375179,16.5204583333333,0.0709375,0.0909375,3.23439583333333,9.93235416666667,14.5876041666667,"2019-08-05",217,"2020-02-11",42,0,197,1917.19100886525,0,87,"",0,0,0,1.78925,0.0691666666666667,5.27807310663627,16.589625,4.45498923611111,6.10439849537037,0.0705952380952381,15.7497321428571,1.47041666666667,"Chinook","PRST",2018,NA
"1837","CHC",366,366,0,0,0,0,0,3.72948118435841,3.82273650545957,14.6133143901732,11.4807916666667,-0.0145416666666667,0.0704166666666667,2.61002083333333,7.14101041666667,10.4969270833333,"2019-08-05",217,"2019-11-23",327,0,238,1365.58648847518,0,36,"",0,0,0,1.82295833333333,-0.0444166666666667,3.74344436282787,11.436375,3.04077141203704,4.38442473650512,-0.0188809523809524,11.0846845238095,1.22970833333333,"Chinook","PRST",2018,NA
"1838","HER",366,366,0,0,0,0,0,5.57036599128927,4.55889590967668,20.7835319152668,14.2895340909091,-0.08475,0.856375,5.43110416666667,9.46291666666667,12.75134375,"2019-08-03",215,"2019-10-30",303,0,157,2046.34031818182,0,77,"",0,0,0,2.56466666666667,-0.652409090909091,5.56396714736102,13.637125,4.52030736168072,6.54660138888889,-0.18180947905478,12.923869047619,1.910375,"Chinook","PRST",2018,NA
"1839","LAK",366,366,0,0,0,0,0,3.98578028475371,4.69545915860154,22.0473367100951,14.6887916666667,0.0296458333333333,0.0421875,1.43783333333333,8.32552083333333,12.66915625,"2019-08-05",217,"2020-01-10",10,0,237,1458.79558421986,0,65,"",0,0,0,1.88516666666667,0.0285416666666667,4.02393447666892,14.7173333333333,3.41115104166667,4.64489966016549,0.0292619047619048,13.8917142857143,1.00829166666667,"Chinook","PRST",2018,NA
"1840","MAR",366,366,0,0,0,0,0,4.79598135391234,4.27655469418492,18.2889200523551,13.6539166666667,-0.0361979166666667,1.19527083333333,3.10216666666667,8.84892708333334,12.23853125,"2019-07-14",195,"2019-12-01",335,0,208,1756.41096719858,0,73,"",0,0,0,2.28516666666667,-0.03875,4.82261978322357,13.6151666666667,3.87779085648148,5.71069490740741,-0.0375714285714286,12.8272916666667,1.55964583333333,"Chinook","PRST",2018,NA
"1841","SEC",366,122,0,0,0,0,0,8.53861636416862,4.49743945422331,20.2269616444044,14.7914583333333,2.40530625,4.61602083333333,8.48402083333333,12.8530416666667,15.719025,"2019-08-05",217,"2019-04-20",110,0,21,1041.71119642857,0,45,"",0,0,0,2.16554166666667,1.61,8.57501789379545,16.4014583333333,7.42573373357964,9.56261135057471,2.28719642857143,15.9269047619048,1.97104166666667,"Chinook","PRST",2018,NA
"1842","SFS",366,366,0,0,0,0,0,5.540853391563,5.39249197073067,29.0789696543947,17.3445833333333,-0.0190625,0.694677083333333,3.932,10.0252708333333,15.509875,"2019-08-05",217,"2019-10-30",303,0,184,2028.51296631206,0,83,"",0,0,0,2.16754166666667,-0.025375,5.57749711211021,17.3192083333333,4.62077768420016,6.50710891203704,-0.0209642857142857,16.5875178571429,1.64085416666667,"Chinook","PRST",2018,NA
"1843","STH",366,366,0,0,0,0,0,6.42670517556028,4.74000251802941,22.4676238709252,15.3110931372549,0.216197916666667,2.01998958333333,5.67668154761905,10.5003278186275,14.3425,"2019-07-14",195,"2019-10-19",292,0,143,2352.35627072565,0,97,"",0,0,0,11.801358974359,-0.0761764705882353,6.43947625388311,15.2349166666667,4.9419802589317,7.8679438605793,0.196589285714286,14.8201190476191,2.2141875,"Chinook","PRST",2018,NA
"1844","SUL",366,114,0,0,0,0,0,7.49719005847953,3.63217331466596,13.1926829877715,10.8713333333333,2.50753958333333,4.00095833333333,7.3471875,10.9198541666667,12.6584729166667,"2019-07-14",195,"2019-04-20",110,0,29,854.679666666667,0,40,"",0,0,0,1.79441666666667,2.28379166666667,7.49649619708995,13.155125,6.46255594135802,8.30053279320988,2.49964880952381,12.5202083333333,1.62570833333333,"Chinook","PRST",2018,NA
"1845","VAL",366,366,0,0,0,0,0,6.07285353931713,5.36071821145725,28.7372997426494,16.2277083333333,0.453489583333333,0.712364583333333,4.24616666666667,11.173875,15.2864270833333,"2019-07-31",212,"2019-12-17",351,0,176,2222.66439539007,0,101,"",0,0,0,2.80029166666667,0.094875,6.10564491444332,16.3225833333333,5.12924039351852,6.93308547330575,0.370166666666667,16.0809702380952,1.67879166666667,"Chinook","PRST",2018,NA
"1846","WFC",366,366,0,0,0,0,0,4.58382013719335,4.78562738240275,22.902229443203,14.5546666666667,-0.0461145833333333,0.180104166666667,2.40904166666667,9.09735416666667,12.9332916666667,"2019-08-05",217,"2020-01-10",10,0,211,1679.79754521277,0,78,"",0,0,0,1.70133333333333,-0.057875,4.62591032731059,14.4967916666667,3.85951041666667,5.40674733796296,-0.0463988095238095,13.7031547619048,1.40358333333333,"Chinook","PRST",2018,NA
"1847","BIU",365,365,0,0,0,0,0,4.60956631448557,3.4792828278272,12.1054089960132,11.731,0.505966666666667,1.52208333333333,3.66095833333333,7.39341666666667,10.927,"2020-08-06",219,"2020-12-29",364,0,195,1682.4998714539,0,45,"",0,0,0,1.77608333333333,-0.00816666666666667,4.63992559365061,11.7228333333333,3.9298356545961,5.28739460479267,0.50425,11.5155,1.21179166666667,"Chinook","PRST",2019,NA
"1848","BVC",365,365,0,0,0,0,0,5.60152659088701,5.8548681519897,34.2794810771833,17.8921666666667,0.0485416666666667,0.0667083333333333,3.671125,10.3405833333333,16.07545,"2020-08-06",219,"2020-11-13",318,0,188,2044.55720567376,0,82,"",0,0,0,2.40583333333333,0.03375,5.63176028905013,17.9259166666667,4.76910666202414,6.43584713743851,0.0486130952380952,17.3683035714286,1.47795833333333,"Chinook","PRST",2019,NA
"1849","CAM",365,365,0,0,0,0,0,5.09589167395317,4.89941663182035,24.0042833321579,15.3575,0.0218333333333333,0.0738333333333333,4.86329166666667,8.85041666666667,13.55845,"2020-08-18",231,"2020-12-04",339,0,180,1860.00046099291,0,70,"",0,0,0,2.92454166666667,0.00816666666666667,5.12940037549424,15.3656666666667,4.33615065736186,5.8604019266481,0.0182380952380952,14.6537678571429,1.40395833333333,"Chinook","PRST",2019,NA
"1850","CHA",365,365,0,0,0,0,0,5.07592753459986,5.08052465117627,25.8117307312097,16.2979166666667,0.0741666666666667,0.0975,3.47458333333333,8.63083333333333,14.3065,"2020-08-18",231,"2020-11-14",319,0,195,1852.71355012895,0,69,"",0,0,0,2.15,0.07125,5.11335167830056,16.3691666666667,4.25551497461428,5.93506816071579,0.072202380952381,16.0292261904762,1.63708333333333,"Chinook","PRST",2019,NA
"1851","CHC",365,365,0,0,0,0,0,3.97571716457787,3.76804005304262,14.1981258413334,11.998125,-0.0298666666666667,4.16666666666667e-05,3.56154166666667,6.88808333333333,10.5061083333333,"2020-08-18",231,"2020-11-12",317,0,203,1453.25614007092,0,29,"",0,0,0,1.98170833333333,-0.0399583333333333,3.99186471236097,11.9581666666667,3.28305482378158,4.64200986536676,-0.0303214285714286,11.2892440476191,1.194625,"Chinook","PRST",2019,NA
"1852","HER",365,365,0,0,0,0,0,6.14799384202357,5.0684677314481,25.6893651447306,15.8529094202899,-0.0893416666666667,0.821958333333333,6.69129166666667,10.63775,14.0787583333333,"2020-08-18",231,"2021-02-27",58,0,150,2250.7186948397,0,103,"",0,0,0,3.000625,-0.557826086956522,6.17481528373931,15.2950833333333,5.04094808842941,7.21427274837512,-0.183247294372294,14.7055952380952,1.92445833333333,"Chinook","PRST",2019,NA
"1853","LAK",365,365,0,0,0,0,0,3.98648707373943,4.47583945130784,20.0331387938836,14.3026666666667,0.03455,0.043,1.89979166666667,7.46316666666667,12.2878333333333,"2020-08-18",231,"2021-02-10",41,0,220,1455.06778191489,0,62,"",0,0,0,2.03320833333333,0.0304166666666667,4.02708756734484,14.3330833333333,3.32517754943796,4.705139828918,0.0328690476190476,13.7453273809524,1.022125,"Chinook","PRST",2019,NA
"1854","MAR",365,365,0,0,0,0,0,4.99453985327724,4.26991922658673,18.232210201575,13.9050833333333,-0.0334916666666667,1.18545833333333,3.74179166666667,8.50458333333333,12.5169833333333,"2020-08-06",219,"2021-01-11",11,0,188,1824.46929644619,0,69,"",0,0,0,2.48895833333333,-0.03625,5.02339973476191,13.8688333333333,4.03459119352417,5.98270442251019,-0.0339880952380952,13.3205952380952,1.86316666666667,"Chinook","PRST",2019,NA
"1855","SFS",365,365,0,0,0,0,0,5.60107548333819,5.4022404150299,29.1842015017825,17.9665,-0.015,0.525333333333333,4.31129166666667,9.78225,15.4519666666667,"2020-08-18",231,"2020-12-25",360,0,178,2045.13692641844,0,72,"",0,0,0,2.315875,-0.0172083333333333,5.63503930624582,17.9492916666667,4.68996927043205,6.54878818477252,-0.0159761904761905,16.9757619047619,1.43495833333333,"Chinook","PRST",2019,NA
"1856","STH",365,365,0,0,0,0,0,7.06760655595403,4.96592206775277,24.660381982994,15.983,0.232791666666667,2.30608333333333,6.86779166666667,11.4215416666667,14.9066583333333,"2020-07-31",213,"2020-12-29",364,0,125,2579.73214292322,0,117,"",0,0,0,2.428875,-0.0286666666666667,7.08942086170415,15.9543333333333,5.9292234462356,8.20693188103024,0.277464285714286,15.502005952381,2.16016666666667,"Chinook","PRST",2019,NA
"1857","VAL",365,365,0,0,0,0,0,6.59212167735354,5.5179354521413,30.4476116539978,17.918875,0.597258333333333,0.860583333333333,5.00383333333333,11.0299583333333,16.1458916666667,"2020-07-31",213,"2021-01-26",26,0,158,2406.12441223404,0,90,"",0,0,0,2.39933333333333,0.191333333333333,6.62848138438983,18.1102083333333,5.64824151504376,7.53423398328691,0.520196428571429,17.3958571428571,1.738625,"Chinook","PRST",2019,NA
"1858","WFC",365,365,0,0,0,0,0,4.44147232828136,4.48528919608974,20.1178191725593,14.4395833333333,-0.04235,0.19025,2.53575,8.092375,12.29285,"2020-08-18",231,"2020-12-23",358,0,201,1622.77869148936,0,68,"",0,0,0,1.79541666666667,-0.05475,4.48497881300923,14.3848333333333,3.71976074695273,5.25754735376045,-0.0383392857142857,13.7998273809524,1.32166666666667,"Chinook","PRST",2019,NA
"1859","BIU",365,365,0,0,0,0,0,5.34356190667782,3.86272752736062,14.9206639506295,12.70375,0.486025,1.91004166666667,4.27504166666667,9.27625,11.8213333333333,"2021-07-07",188,"2022-01-01",1,0,174,1950.4000959374,0,76,"",0,0,0,1.42870833333333,0.0055,5.39022136751366,12.70925,4.66795110166573,6.0947121634169,0.332869047619048,12.3261428571429,1.316625,"Chinook","PRST",2020,NA
"1860","BVC",365,365,30,0.0821917808219178,30,0.0821917808219178,0.164383561643836,6.73607983029726,6.49217005678413,42.1482720462045,19.351125,0.0452541666666667,0.082625,4.92654166666667,12.6957291666667,17.5295818181818,"2021-07-05",186,"2021-11-23",327,1,149,2256.58674314958,0.390291666666666,62,"",1,1,0,3.20158333333333,0.0391666666666667,6.69806175709312,19.3902916666667,NA,NA,0.040327380952381,18.3740833333333,1.51433333333333,"Chinook","PRST",2020,NA
"1861","CAM",365,365,0,0,0,0,0,6.04631898689817,5.67399777101627,32.1942507054976,16.8620833333333,0.05395,0.107583333333333,4.803125,10.8674583333333,15.84765,"2021-07-05",186,"2022-01-01",1,0,163,2206.90643021783,0,90,"",0,0,0,2.29858333333334,0.031,6.10208066846723,16.8930833333333,5.25090198097552,6.95065546286967,0.0416130952380952,16.1538095238095,1.687625,"Chinook","PRST",2020,NA
"1862","CHA",365,365,0,0,0,0,0,5.89139485383645,5.76695318564233,33.2577490453903,17.5326666666667,-0.0028,0.0554583333333333,3.97779166666667,11.0212916666667,16.1751666666667,"2021-07-07",188,"2022-01-01",1,0,183,2150.49120498364,0,78,"",0,0,0,2.55841666666667,-0.01225,5.95303172564748,17.5204166666667,5.06017876246417,6.854974975127,-0.00386904761904762,17.1676190476191,1.76391666666667,"Chinook","PRST",2020,NA
"1863","CHC",365,365,65,0.178082191780822,22,0.0602739726027397,0.238356164383562,5.18567035568451,4.25249132466168,18.0836824663229,12.7184583333333,-0.02850625,0.300395833333333,4.65833333333333,9.05423958333333,11.753825,"2021-07-29",210,"2021-11-09",313,0,136,1557.14327337202,0,56,"",0,0,0,2.11075,-0.0349583333333333,5.06904897855297,12.6835,NA,NA,-0.0349583333333333,12.1180773809524,1.31770833333333,"Chinook","PRST",2020,NA
"1864","HER",365,365,0,0,0,0,0,7.02475534372985,5.56858048456562,31.0090886130851,17.8059365942029,-0.0857583333333333,1.46320833333333,6.343375,12.4591666666667,15.5491666666667,"2021-07-30",211,"2022-02-23",54,0,134,2569.99938840866,0,115,"",0,0,0,2.464,-0.612478260869565,7.08155631843604,17.1934583333333,5.85152916181222,8.2996543841589,-0.197287133347202,16.03458436853,2.18341666666667,"Chinook","PRST",2020,NA
"1865","LAK",365,365,0,0,0,0,0,4.88264462393184,5.29896687795014,28.0790499736126,15.8987916666667,0.0370833333333333,0.0885416666666667,2.73558333333333,9.37720833333333,14.7409916666667,"2021-07-04",185,"2022-01-22",22,0,212,1782.16528773512,0,83,"",0,0,0,1.819375,0.034625,4.94139896437692,15.9334166666667,4.19232420471519,5.6871084273434,0.0354583333333333,15.4876130952381,1.53391666666667,"Chinook","PRST",2020,NA
"1866","MAR",365,365,0,0,0,0,0,5.54972029978162,4.63125813741859,21.4485519354059,15.0035833333333,-0.0296166666666667,1.30254166666667,4.12775,9.449625,13.5268166666667,"2021-07-05",186,"2022-01-09",9,0,176,2026.62807608696,0,84,"",0,0,0,2.62,-0.0328333333333333,5.60320632349464,14.97075,4.60471198679908,6.5866558727948,-0.0317440476190476,14.2009285714286,1.96654166666667,"Chinook","PRST",2020,NA
"1867","STH",365,15,0,0,0,0,0,6.74923055555556,0.650394683261287,0.42301324401455,2.58766666666667,5.9441875,6.31845833333333,6.75220833333333,7.01920833333333,7.6798375,"2021-04-28",118,"2021-04-15",105,0,0,101.238458333333,0,0,"",0,0,0,1.3705,5.78420833333333,6.74184788359788,8.371875,6.11873148148148,7.51344444444445,6.57527380952381,6.91641071428571,1.176625,"Chinook","PRST",2020,NA
"1868","VAL",365,365,0,0,0,0,0,7.38311611995796,5.93794320086569,35.259169456707,18.6272083333333,0.628366666666667,1.37508333333333,5.87275,12.63825,17.4272,"2021-07-05",186,"2022-01-01",1,0,137,2694.83738378466,0,75,"",0,0,0,2.943875,0.320916666666667,7.44458541377872,18.948125,6.4104984911792,8.44077334597681,0.514910714285714,17.9969523809524,2.07870833333333,"Chinook","PRST",2020,NA
"1869","WFC",365,365,0,0,0,0,0,5.12206768488971,5.1613912158767,26.6399592833292,15.7257916666667,-0.0417333333333333,0.112208333333333,3.32308333333333,9.905375,14.4102416666667,"2021-07-05",186,"2021-12-15",349,0,202,1871.75148759344,0,87,"",0,0,0,1.97120833333333,-0.048625,5.18257839961263,15.6771666666667,4.38723521961164,6.00284218945541,-0.0423154761904762,15.2253988095238,1.54825,"Chinook","PRST",2020,NA
"1870","BIU",365,365,0,0,0,0,0,4.83168635480424,3.93942034397424,15.5190326465181,12.758125,0.40585,1.38879166666667,3.64375,7.95479166666667,11.94965,"2022-08-13",225,"2022-12-22",356,0,188,1763.56551950355,0,59,"",0,0,0,1.52579166666667,0.03975,4.87710305207249,12.797875,4.21027750696379,5.58048403761433,0.343184523809524,12.3485535714286,1.29666666666667,"Chinook","PRST",2021,NA
"1871","CAM",365,365,0,0,0,0,0,5.2419975177305,5.2650782966682,27.7210494700465,15.2665,0.08955,0.141583333333333,4.459375,9.54595833333333,14.20085,"2022-07-28",209,"2022-12-03",337,0,177,1913.32909397163,0,87,"",0,0,0,2.29570833333333,0.07375,5.29375744109355,15.34025,4.64745929147158,5.98304169629981,0.0959821428571429,14.580130952381,1.10533333333333,"Chinook","PRST",2021,NA
"1872","CHA",365,365,0,0,0,0,0,5.3537192369466,5.70925372538802,32.5955781008569,17.092,0.0125,0.035125,3.59154166666667,9.67233333333333,15.7125083333333,"2022-07-28",209,"2022-11-09",313,0,187,1954.10752148551,0,76,"",0,0,0,2.37675,0.00125,5.40578421557178,17.09325,4.70973386722377,6.09145411973679,0.00896428571428572,16.6214226190476,1.23208333333333,"Chinook","PRST",2021,NA
"1873","HER",365,365,0,0,0,0,0,5.74339183050264,4.88456776412588,23.8590022423377,14.2960833333333,-0.00475,0.469708333333333,5.774875,10.1252916666667,13.3018583333333,"2022-08-21",233,"2022-11-11",315,0,161,2097.8326014668,0,94,"",0,0,0,2.87795833333333,-0.347375,5.75426552006933,13.9487083333333,4.86438642694353,6.72482911061064,-0.0619107142857143,13.4990833333333,1.515125,"Chinook","PRST",2021,NA
"1874","LAK",365,365,0,0,0,0,0,4.12386201301856,4.90551679798779,24.0640950553404,14.3338333333333,0.0481083333333333,0.0579583333333333,1.79095833333333,7.94616666666667,13.4241583333333,"2022-07-28",209,"2023-03-18",77,0,225,1505.20963475177,0,70,"",0,0,0,1.790375,0.0417916666666667,4.18634974198,14.375625,3.65453505106778,4.71735782265553,0.0459761904761905,13.966880952381,0.981666666666666,"Chinook","PRST",2021,NA
"1875","LOO",365,365,0,0,0,0,0,4.75399248761294,4.56758851828599,20.862864872378,13.1100416666667,-0.0125,-0.00125,4.40529166666667,8.70825,12.4956,"2022-08-12",224,"2023-01-02",2,0,177,1736.05800797872,0,68,"",0,0,0,1.845625,-0.02825,4.78538142227791,13.0817916666667,4.23161921906794,5.37752033327407,-0.0157142857142857,12.7841369047619,1.03658333333333,"Chinook","PRST",2021,NA
"1876","VAL",365,365,0,0,0,0,0,6.3974075085278,5.70055183401984,32.4962912123469,17.27425,0.5389,0.822875,5.41595833333333,11.0795416666667,16.0465666666667,"2022-07-28",209,"2023-01-02",2,0,168,2335.05374061265,0,86,"",0,0,0,2.31779166666667,0.152333333333333,6.43824309296533,17.4265833333333,5.59945796404153,7.27200217400479,0.435488095238095,16.9622619047619,1.48666666666667,"Chinook","PRST",2021,NA
"1877","WFC",365,365,0,0,0,0,0,4.61788154685329,5.04108307431823,25.4125185621777,14.81125,-0.0273583333333333,0.0263333333333333,2.85558333333333,8.51133333333333,13.6778666666667,"2022-07-28",209,"2023-01-02",2,0,205,1687.03272293478,0,75,"",0,0,0,1.73454166666667,-0.0484166666666667,4.6730106189986,14.7628333333333,4.08038869545033,5.2708491507206,-0.0285178571428571,14.45375,0.992916666666668,"Chinook","PRST",2021,NA
"1878","BIU",366,99,0,0,0,0,0,6.54937988215488,2.89697430066324,8.39246009870325,10.4723333333333,2.53090416666667,4.37529166666667,5.78525,8.5421875,11.6276625,"2023-07-21",202,"2023-04-18",108,0,22,648.388608333333,0,19,"",0,0,0,1.100125,1.68616666666667,6.52061786994368,12.1585,5.82739184587814,7.19113978494624,2.28754166666667,11.849880952381,1.24529166666667,"Chinook","PRST",2022,NA
"1879","BVC",366,366,0,0,0,0,0,5.68073062970984,5.89123927811042,34.7067002319509,17.590875,0.0593333333333333,0.12984375,3.05945833333333,10.82290625,16.0230296474359,"2023-08-18",230,"2023-12-14",348,0,198,2079.1474104738,0,83,"",0,0,0,1.66008333333333,0.05475,5.73741251586638,17.645625,4.99373607549858,6.47967993578905,0.0583095238095238,16.9291428571429,1.46654166666667,"Chinook","PRST",2022,NA
"1880","CAM",366,94,0,0,0,0,0,8.12862225177305,2.95183201173329,8.71331222549341,12.338375,3.58207916666667,5.99477083333333,7.9093125,9.52192708333333,13.1538791666667,"2023-07-16",197,"2023-04-19",109,0,7,764.090491666667,0,21,"",0,0,0,1.23058333333333,2.02358333333333,8.12506715367965,14.3619583333333,7.32079725378788,8.92347017045455,2.8966369047619,13.6132857142857,1.59620833333333,"Chinook","PRST",2022,NA
"1881","CHA",366,366,1,0.00273224043715847,1,0.00273224043715847,0.00546448087431694,5.77548724915624,5.49378296607075,30.1816512782892,17.0883333333333,0.032925,0.541375,4.28358333333333,10.44075,15.5445583333333,"2023-08-15",227,"2023-12-24",358,0,178,2108.05284594203,0,87,"",0,0,0,1.52158333333333,0.0192916666666667,5.79683290815026,17.107625,5.00070530394525,6.60403145108696,0.030577380952381,16.0963273809524,1.5141875,"Chinook","PRST",2022,NA
"1882","HER",366,366,65,0.177595628415301,22,0.0601092896174863,0.237704918032787,6.46702657263359,4.23151485394816,17.9057179591839,15.5385,-0.0612916666666667,2.43483333333333,7.43420833333333,9.98179166666667,12.5175416666667,"2023-08-18",230,"2024-02-17",48,0,99,1952.95179002938,0,75,"",0,0,0,1.923625,-1.21095833333333,6.26584119015167,14.3275416666667,NA,NA,-0.24175,13.5084166666667,1.67002083333333,"Chinook","PRST",2022,NA
"1883","LAK",366,51,0,0,0,0,0,2.82328513071895,1.85435569263762,3.43863503481754,5.93045833333333,0.421625,1.47170833333333,2.24129166666667,4.62879166666667,6.00258333333333,"2023-06-01",152,"2023-04-19",109,0,35,143.987541666667,0,0,"",0,0,0,0.742041666666667,0.232333333333333,2.77815238095238,6.16279166666667,2.22149907407407,3.3440287037037,0.436559523809524,5.88192857142857,1.08970833333333,"Chinook","PRST",2022,NA
"1884","LOO",366,366,65,0.177595628415301,22,0.0601092896174863,0.237704918032787,5.90986211926429,4.40127755199941,19.3712440897339,14.5647083333333,0.001,1.54466666666667,5.91395833333333,10.3064166666667,12.7871666666667,"2023-08-18",230,"2023-12-02",336,0,114,1778.87224789855,0,76,"",0,0,0,1.921625,-0.00125,5.73011510949382,14.5634583333333,NA,NA,-0.000125,13.7358928571429,1.13427083333333,"Chinook","PRST",2022,NA
"1885","VAL",366,366,0,0,0,0,0,6.84788732028742,5.46388184200694,29.8540047834132,18.005125,0.637770833333333,1.54648958333333,5.22383333333333,10.8658541666667,16.2160520833333,"2023-08-18",230,"2024-01-13",13,0,151,2506.3267592252,0,91,"",0,0,0,1.70225,0.193708333333333,6.88741904017581,18.1988333333333,5.97834097648024,7.82132167270531,0.451642857142857,17.2916369047619,1.7346875,"Chinook","PRST",2022,NA
"1886","WFC",366,366,1,0.00273224043715847,1,0.00273224043715847,0.00546448087431694,4.92794100079412,4.78598630893518,22.905664949315,14.8379166666667,-0.0293583333333333,0.518458333333333,2.84420833333333,9.38216666666667,13.3632083333333,"2023-08-15",227,"2023-11-24",328,0,199,1799.72275695652,0,80,"",0,0,0,1.244875,-0.04225,4.95861123239686,14.7956666666667,4.2883168218599,5.67724345309984,-0.0282321428571429,13.9,1.20314583333333,"Chinook","PRST",2022,NA
"1887","BVC",365,365,0,0,0,0,0,5.87438481854278,6.02993298802058,36.3600918400189,17.9089166666667,0.127775,0.191416666666667,3.640875,11.49075,16.8594666666667,"2024-07-23",205,"2024-12-10",345,0,189,2144.15045876812,0,81,"",0,0,0,2.22791666666667,0.112,5.92967595292883,18.0209166666667,5.21404675951718,6.64005128597957,0.121684523809524,17.7010952380952,1.22879166666667,"Chinook","PRST",2023,NA
"1888","CHA",365,365,0,0,0,0,0,5.70524938929068,5.634004646719,31.7420083592513,18.074875,-0.0676666666666667,0.0501666666666667,4.0855,10.9652916666667,16.1650416666667,"2024-07-25",207,"2025-01-24",24,0,181,2087.10098542443,0,81,"",0,0,0,2.49625,-0.132583333333333,5.75019910716448,17.9422916666667,4.8455573250979,6.64184097957289,-0.078327380952381,17.477369047619,1.77366666666667,"Chinook","PRST",2023,NA
"1889","CHC",365,365,65,0.178082191780822,22,0.0602739726027397,0.238356164383562,4.72249679710145,3.97100975852801,15.7689185023247,12.2434166666667,0.0177395833333333,0.129427083333333,4.0514375,8.16658333333333,11.3075354166667,"2024-07-25",207,"2025-01-02",2,0,149,1416.74949746377,0,40,"",0,0,0,1.621625,-0.000458333333333333,4.56080596294859,12.2429583333333,NA,NA,0.007425,11.7637619047619,1.187875,"Chinook","PRST",2023,NA
"1890","HER",365,365,65,0.178082191780822,22,0.0602739726027397,0.238356164383562,6.8401547763285,4.70475837279769,22.13475134641,14.9234166666667,-0.0139208333333333,2.60661458333333,7.15791666666667,11.2266458333333,13.6710791666667,"2024-08-04",217,"2024-12-06",341,0,104,2052.82439123188,0,99,"",0,0,0,2.39029166666667,-0.136958333333333,6.60644551545883,14.7864583333333,NA,NA,-0.02525,13.9932142857143,1.51441666666667,"Chinook","PRST",2023,NA
"1891","LOO",365,365,65,0.178082191780822,22,0.0602739726027397,0.238356164383562,6.04043028913044,4.72986960278361,22.3716664593364,14.757,0.0143875,1.15829166666667,5.61970833333333,10.4058958333333,13.5173708333333,"2024-07-25",207,"2024-12-05",340,0,117,1812.13933673913,0,86,"",0,0,0,1.83479166666667,-0.01025,5.83304752759031,14.74675,NA,NA,0.0055,14.0848273809524,1.20370833333333,"Chinook","PRST",2023,NA
"1892","VAL",365,365,0,0,0,0,0,6.80258337502482,5.63380742525369,31.7397861048437,18.0664583333333,0.59125,1.00341666666667,5.42645833333333,11.649625,16.9302,"2024-07-23",205,"2025-02-12",43,0,163,2482.94293188406,0,94,"",0,0,0,2.22195833333333,0.33575,6.85681513722844,18.4022083333333,5.90874484275968,7.77583871462597,0.44102380952381,17.6780833333333,1.853375,"Chinook","PRST",2023,NA
"1893","WFC",365,365,0,0,0,0,0,4.70602189212554,4.90110906557549,24.0208700726662,16.1365,-0.290225,-0.00191666666666666,2.94129166666667,9.45995833333333,13.5149083333333,"2024-07-25",207,"2024-12-10",345,0,201,1740.31857395916,0,79,"",0,0,0,1.9925,-0.308708333333333,4.74652703317977,15.8277916666667,3.98331962274434,5.52209638473875,-0.288839285714286,14.9210297619048,1.43591666666667,"Chinook","PRST",2023,NA
"1894","BVC",365,109,0,0,0,0,0,10.5877389143731,5.06869774390932,25.6916968191114,16.283375,2.79223333333333,5.54429166666667,11.9742083333333,15.1937083333333,17.0948583333333,"2025-07-14",195,"2025-04-29",119,0,18,1154.06354166667,0,45,"",0,0,0,1.86970833333333,1.83354166666667,10.6776871243643,18.1169166666667,9.27417597087379,11.9771334951456,2.56959523809524,17.405244047619,2.36379166666667,"Chinook","PRST",2024,NA
"1895","CHA",365,124,0,0,0,0,0,10.7029733582949,4.52349669775029,20.4620223745578,14.5532083333333,3.96766875,5.90888541666667,11.8666458333333,14.4823854166667,16.4824375,"2025-07-14",195,"2025-04-17",107,0,7,1327.16869642857,0,54,"",0,0,0,2.02575,2.881,10.7670766603251,17.4342083333333,9.37144269572236,12.0050201271186,3.66138095238095,16.7017619047619,2.47945833333333,"Chinook","PRST",2024,NA
"1896","CHC",365,104,0,0,0,0,0,6.86546674679487,2.95337834937683,8.72244367456782,9.4205,2.85737291666667,3.71033333333333,7.04789583333333,9.65913541666667,11.1720895833333,"2025-07-14",195,"2025-04-19",109,0,31,714.008541666667,0,22,"",0,0,0,1.329375,2.60129166666667,6.90779506802721,12.0217916666667,6.03135331632653,7.69793494897959,3.09306547619048,11.3807440476191,1.49425,"Chinook","PRST",2024,NA
"1897","HER",365,102,0,0,0,0,0,10.1977720588235,2.57277473463567,6.61916983517966,10.538375,6.30625833333333,8.02333333333333,10.3736666666667,12.1911354166667,14.01025625,"2025-07-13",194,"2025-04-18",108,0,0,1040.17275,0,56,"",0,0,0,2.13279166666667,4.35991666666667,10.2464526289683,14.8982916666667,8.72079383680556,11.4928237847222,5.90823214285714,14.3563333333333,2.68754166666667,"Chinook","PRST",2024,NA
"1898","LOO",365,100,0,0,0,0,0,8.28682428571429,2.76734753915116,7.658212402446,9.92754166666667,4.81211458333333,6.07475,7.666,10.4429464285714,13.1498916666667,"2025-07-14",195,"2025-04-18",108,0,1,828.682428571429,0,28,"",0,0,0,1.53175,3.89479166666667,8.27945290563034,13.8223333333333,7.30988487841945,9.08484929078014,4.69826785714286,13.3642678571429,1.57866666666667,"Chinook","PRST",2024,NA
"1899","MAR",365,103,0,0,0,0,0,8.64963654468509,3.89683389947148,15.1853144400701,13.3249166666667,1.944675,5.76891666666667,9.69425,11.9743333333333,13.5020666666667,"2025-07-14",195,"2025-04-17",107,0,20,890.912564102564,0,50,"",0,0,0,1.77979166666667,1.36904166666667,8.76506422057324,14.6939583333333,7.53338253370341,9.85557603092784,2.21579761904762,13.9019107142857,1.9375,"Chinook","PRST",2024,NA
"1900","SFS",365,110,0,0,0,0,0,10.3797448863636,4.87029726033531,23.7197954040296,14.756,4.00007291666667,5.36602083333333,9.57575,15.4648958333333,17.2915895833333,"2025-07-14",195,"2025-04-18",108,0,6,1141.7719375,0,32,"",0,0,0,1.82866666666667,3.47645833333333,10.4106218807234,18.2324583333333,9.19511197916667,11.5341342147436,3.8026369047619,17.4126964285714,1.90666666666667,"Chinook","PRST",2024,NA
"1901","VAL",365,104,0,0,0,0,0,11.1745008012821,4.01076396425856,16.086227576995,14.8537083333333,4.63169375,7.8383125,11.8642291666667,14.5120104166667,16.5725666666667,"2025-07-14",195,"2025-04-17",107,0,5,1162.14808333333,0,48,"",0,0,0,1.62433333333333,3.21358333333333,11.2870662050534,18.0672916666667,9.91975382653061,12.488724914966,3.85765476190476,17.0031071428571,2.31627083333333,"Chinook","PRST",2024,NA
"1902","WFC",365,122,0,0,0,0,0,9.12844091530055,3.96722614996291,15.7388833249495,12.8435416666667,3.05453333333333,5.21434375,10.3183125,12.5050104166667,14.2027270833333,"2025-07-14",195,"2025-04-17",107,0,19,1113.66979166667,0,62,"",0,0,0,1.765,1.96408333333333,9.20775708128079,14.807625,7.98389260057471,10.3669554597701,2.56616071428571,14.1830892857143,2.08208333333333,"Chinook","PRST",2024,NA
"1903","MAR",291,291,0,0,0,0,0,6.44327244090388,4.84308332420596,23.4554560852019,15.3412916666667,0.3,0.8664375,6.783125,10.5057083333333,13.6682916666667,"1994-07-23",204,"1994-11-14",318,0,110,1874.99228030303,0,80,"",0,0,0,2.95808333333333,0.2375,6.51684588744589,15.5787916666667,5.53889400584795,7.51078698830409,0.283928571428571,14.5466607142857,1.64566666666667,"Chinook","PRWT",1993,NA
"1904","STH",291,291,39,0.134020618556701,39,0.134020618556701,0.268041237113402,8.73199340428091,5.33905566060408,28.5055153470285,16.5731333333333,0.244375,2.39520738636364,10.4851041666667,13.0848854166667,15.4089854166667,"1994-07-08",189,"1995-01-01",1,0,76,2200.46233787879,0,131,"",0,0,0,6.60688333333333,0.2,8.73160053972978,16.7731333333333,NA,NA,0.211904761904762,16.0406547619048,1.80004166666667,"Chinook","PRWT",1993,NA
"1905","VAL",291,291,48,0.164948453608247,48,0.164948453608247,0.329896907216495,8.86020423592183,6.31080126711515,39.8262126330221,19.3269962121212,0.566920833333334,0.878958333333333,10.3994583333333,14.3495625,17.4703833333333,"1994-07-23",204,"1995-01-22",22,4,77,2153.029629329,0.755416666666669,90,"",3,2,1,2.82925,0.349958333333333,8.92642534334379,19.6769545454545,NA,NA,0.440982142857143,18.8617993197279,1.52508333333333,"Chinook","PRWT",1993,NA
"1906","MAR",291,291,0,0,0,0,0,5.5393221453201,4.07340126153229,16.5925978374528,12.912125,0.3,1.720625,4.78283333333333,9.49329166666667,11.9537291666667,"1995-08-06",218,"1995-12-05",339,0,133,1611.94274428815,0,61,"",0,0,0,2.26645833333333,0.3,5.62008826316644,13.212125,4.72847025171625,6.55854195906433,0.3,12.4674880952381,1.68325,"Chinook","PRWT",1994,NA
"1907","STH",291,291,0,0,0,0,0,7.57436872591898,4.49008069298153,20.1608246294855,15.0831666666667,0.437395833333333,3.81210416666667,7.56208333333333,11.830875,14.0870833333333,"1995-08-04",216,"1995-12-22",356,0,74,2204.14129924242,0,96,"",0,0,0,2.28745833333333,0.295833333333333,7.66983191881218,15.379,6.63138728070175,8.69773036948432,0.335089285714286,14.7150476190476,1.9665,"Chinook","PRWT",1994,NA
"1908","VAL",291,291,0,0,0,0,0,7.22385328369607,5.02364732538726,25.2370324498706,15.7995833333333,0.543708333333333,2.18720833333333,6.73729166666667,12.2203125,14.8411666666667,"1995-08-06",218,"1995-12-18",352,0,98,2102.14130555556,0,100,"",0,0,0,2.92508333333333,0.354166666666667,7.32537116402116,16.15375,6.2567067251462,8.34866817738791,0.414785714285714,15.3096845238095,2.08325,"Chinook","PRWT",1994,NA
"1909","MAR",291,291,0,0,0,0,0,5.23896534936999,4.34026374498258,18.8378893760102,13.3400416666667,0.0192083333333333,1.06975,4.60583333333333,9.3500625,12.3671458333333,"1996-08-14",227,"1996-12-07",342,0,143,1524.53891666667,0,64,"",0,0,0,2.33191666666667,0.019,5.31664626148705,13.3590416666667,4.46408055555556,6.18826125730994,0.0191785714285714,12.8272738095238,1.634625,"Chinook","PRWT",1995,NA
"1910","MAR",291,291,27,0.0927835051546392,27,0.0927835051546392,0.185567010309278,5.00402778829966,4.27467643603967,18.2728586328328,13.59725,0.007875,1.13814583333333,3.52575,8.65004166666667,12.3773916666667,"1997-08-07",219,"1998-01-10",10,0,137,1321.06333611111,0,47,"",0,0,0,1.81695833333333,0.000375,5.15774889279702,13.597625,NA,NA,0.002625,12.7559821428571,1.48045833333333,"Chinook","PRWT",1996,NA
"1911","SEC",291,173,0,0,0,0,0,3.82807979391807,4.83901134572459,23.4160308040513,13.5681666666667,0.0264,0.029,0.618791666666667,8.331,12.480775,"1997-08-24",236,"1997-12-04",338,0,116,662.257804347826,0,35,"",0,0,0,1.18775,0.024,3.75471325671638,13.5921666666667,3.18786102794411,4.39549426147705,0.025202380952381,13.0257857142857,1.15716666666667,"Chinook","PRWT",1996,NA
"1912","SFS",291,157,0,0,0,0,0,3.54205962491154,4.3429491932442,18.8612076951005,14.5117777777778,0.0506666666666667,0.0860416666666667,0.956708333333333,6.182875,12.0566583333333,"1997-08-27",239,"1997-11-14",318,0,104,556.103361111111,0,22,"",0,0,0,1.195625,0.05,3.41483793230316,14.5617777777778,2.74993681015453,4.18602060338484,0.0507142857142857,12.3726547619048,0.712208333333333,"Chinook","PRWT",1996,NA
"1913","MAR",291,291,0,0,0,0,0,6.08749248281787,4.60485767997496,21.2047142528243,14.8760416666667,0.0325,1.79952083333333,5.39616666666667,10.8625625,13.6733541666667,"1998-08-05",217,"1998-12-22",356,0,118,1771.4603125,0,81,"",0,0,0,1.961,0.029,6.17347724519632,14.9050416666667,5.2273725877193,7.08068055555556,0.029,14.0796547619048,1.75116666666667,"Chinook","PRWT",1997,NA
"1914","STH",291,291,0,0,0,0,0,7.62570282290257,4.82256287381317,23.2571126718811,16.2205833333333,0.281875,3.0450625,7.62229166666667,12.4676875,15.1014791666667,"1998-07-18",199,"1998-12-21",355,0,84,2219.07952146465,0,89,"",0,0,0,1.78891666666667,0.0110833333333333,7.71820872193109,16.2316666666667,6.71158781676413,8.71626888623073,0.0788690476190476,15.6846964285714,1.97345833333333,"Chinook","PRWT",1997,NA
"1915","MAR",291,291,0,0,0,0,0,5.42127565604499,4.14493078321027,17.1804511976041,13.0954166666667,0,1.79372916666667,4.36575,8.79054166666667,12.1903125,"1999-07-29",210,"1999-12-04",338,0,138,1577.59121590909,0,57,"",0,0,0,2.090625,0,5.49388141755905,13.0954166666667,4.64473144603934,6.35373464912281,0,12.49375,1.62716666666667,"Chinook","PRWT",1998,NA
"1916","SEC",291,291,10,0.0343642611683849,10,0.0343642611683849,0.0687285223367698,5.05333576793777,4.65908653839918,21.7070873722925,15.0639583333333,0.009,0.0309166666666667,3.929125,8.88158333333333,13.5224166666667,"1999-07-29",210,"1999-11-28",332,0,142,1419.98735079051,0,53,"",0,0,0,1.928375,0.00733333333333333,5.08704489200123,15.0712916666667,NA,NA,0.009,14.0329107142857,1.68125,"Chinook","PRWT",1998,NA
"1917","SFS",291,291,0,0,0,0,0,5.47225424572937,4.54457640930695,20.6531747400293,15.3134583333333,0.1,1.3035,4.42508333333333,9.26425,13.9420416666667,"1999-07-29",210,"1999-11-23",327,0,134,1592.42598550725,0,60,"",0,0,0,2.17791666666667,0,5.55537613962442,15.3134583333333,4.7050315280956,6.5009433193491,0.1,14.1863154761905,1.41658333333333,"Chinook","PRWT",1998,NA
"1918","STH",291,291,0,0,0,0,0,7.43449453853707,4.55727057984548,20.7687151379252,14.921625,0.2545625,3.55675,7.43383333333333,11.2258333333333,14.0780833333333,"1999-07-13",194,"2000-01-11",11,0,76,2163.43791071429,0,106,"",0,0,0,1.90195833333333,0.08375,7.51774294068505,15.005375,6.56814005847953,8.44285962823726,0.16927380952381,14.3023392857143,1.7865,"Chinook","PRWT",1998,NA
"1919","VAL",291,291,0,0,0,0,0,6.9174220054001,5.01091753716459,25.1092945642636,16.2049166666667,0.431520833333333,2.073625,6.608625,11.1325208333333,14.7526041666667,"1999-08-21",233,"2000-01-29",29,0,99,2012.96980357143,0,99,"",0,0,0,2.713125,0.139333333333333,7.01244757727653,16.34425,6.10030423976608,7.91665384294069,0.362863095238095,15.1186369047619,1.71441666666667,"Chinook","PRWT",1998,NA
"1920","MAR",291,291,0,0,0,0,0,6.04658204467354,4.76990242083909,22.7519691043266,14.7287916666667,0,0.682208333333333,5.83983333333333,10.5685,13.42975,"2000-08-02",215,"2000-11-18",323,0,111,1759.555375,0,82,"",0,0,0,3.244375,0,6.14293623642439,14.7287916666667,5.20371023391813,7.10671520467836,0,13.7871785714286,1.66675,"Chinook","PRWT",1999,NA
"1921","SFS",291,291,0,0,0,0,0,6.30116697793715,5.47318893425038,29.9557971100008,17.9300416666667,0.029,0.382125,5.407625,11.2966458333333,15.4960833333333,"2000-08-04",217,"2000-11-14",319,0,114,1833.63959057971,0,74,"",0,0,0,2.13604166666667,0.029,6.39594213068904,17.9590416666667,5.45201888507501,7.3827216374269,0.0295,16.98395936853,1.72925,"Chinook","PRWT",1999,NA
"1922","STH",291,291,0,0,0,0,0,7.7230551322277,5.22327817001319,27.2826348413364,15.7777083333333,0.158625,1.754375,8.35475,12.5486458333333,14.719375,"2000-08-02",215,"2001-01-07",7,0,91,2247.40904347826,0,119,"",0,0,0,3.201125,0.0986666666666667,7.81842546583851,15.876375,6.85499809941521,8.77721359649123,0.289994047619048,15.1253988095238,1.85429166666667,"Chinook","PRWT",1999,NA
"1923","VAL",291,291,0,0,0,0,0,7.64606381542906,5.8135546142843,33.7974172532663,17.9559166666667,0.361145833333333,0.534625,7.4645,13.1653541666667,16.2749375,"2000-08-02",215,"2001-01-28",28,0,94,2225.00457028986,0,90,"",0,0,0,3.675,0.262083333333333,7.7582918506411,18.218,6.76453700101704,8.65930790744979,0.361005952380952,17.2009940476191,1.78016666666667,"Chinook","PRWT",1999,NA
"1924","MAR",291,291,0,0,0,0,0,6.83959866962996,4.94106135262075,24.4140872903624,15.7343333333333,0.109,2.2444375,7.03883333333333,11.507,14.032,"2001-07-12",193,"2001-11-28",332,0,104,1990.32321286232,0,98,"",0,0,0,3.28827083333333,0.009,6.93024974437906,15.7433333333333,5.84772861683194,7.97748640350877,0.072046066252588,14.910005952381,2.04541666666667,"Chinook","PRWT",2000,NA
"1925","STH",291,291,0,0,0,0,0,8.46148152920962,5.2275338369768,27.3271100167374,16.0877916666667,0.158645833333333,3.99825,9.52575,13.4023125,15.0045625,"2001-07-05",186,"2001-12-26",360,0,73,2462.291125,0,134,"",0,0,0,2.49029166666667,0.035125,8.55778744778613,16.1229166666667,7.35559912280702,9.63787032163743,0.140839285714286,15.6665654761905,2.04295833333333,"Chinook","PRWT",2000,NA
"1926","VAL",291,291,0,0,0,0,0,8.64866036655212,6.09472089967665,37.1456228449554,18.6739583333333,0.435375,2.4053125,9.066375,14.4763125,17.2500416666667,"2001-07-04",185,"2002-01-29",29,0,88,2516.76016666667,0,86,"",0,0,0,2.91458333333333,0.209375,8.7550044695071,18.8833333333333,7.49597383040936,9.88036842105263,0.358684523809524,18.1515892857143,2.30704166666667,"Chinook","PRWT",2000,NA
"1927","MAR",291,291,0,0,0,0,0,5.99806725273405,4.66351065207284,21.7483316019968,16.0078333333333,0.0529166666666667,1.6704375,5.12208333333333,9.96791666666667,13.4859375,"2002-07-14",195,"2002-11-26",330,0,128,1745.43757054561,0,72,"",0,0,0,2.2425,0.0479166666666667,6.08672466273313,16.05575,5.10499997420021,7.10571653280687,0.0814285714285714,15.2854523809524,1.93833333333333,"Chinook","PRWT",2001,NA
"1928","SEC",291,291,0,0,0,0,0,5.61800415234823,5.42493395306593,29.4299083951276,17.8712083333333,0.109,0.116333333333333,4.05125,10.8236666666667,15.089375,"2002-07-14",195,"2002-10-30",303,0,145,1634.83920833333,0,74,"",0,0,0,1.65729166666667,0.033375,5.71930474101922,17.9045833333333,4.90169634502924,6.49939634502924,0.083125,16.4585714285714,1.53541666666667,"Chinook","PRWT",2001,NA
"1929","SFS",291,291,22,0.0756013745704467,22,0.0756013745704467,0.151202749140893,6.63104213135068,5.40815653410033,29.2481570973321,18.1592083333333,0.0403333333333333,1.363625,5.377125,12.106875,15.53455,"2002-07-14",195,"2002-12-10",344,0,104,1783.75033333333,0,75,"",0,0,0,1.57425,0.03,6.60534944975512,18.1892083333333,NA,NA,0.03,17.0407797619048,1.672375,"Chinook","PRWT",2001,NA
"1930","STH",291,291,0,0,0,0,0,7.9534421534937,5.15085694071633,26.5313272237256,17.3774166666667,0.556875,3.07875,8.00408333333333,12.4576666666667,15.4091666666667,"2002-07-14",195,"2002-12-25",359,0,94,2314.45166666667,0,112,"",0,0,0,2.26083333333333,0.0433333333333333,8.05139951963242,17.42075,6.94510599415205,9.1940197368421,0.476190476190476,16.6795119047619,2.112625,"Chinook","PRWT",2001,NA
"1931","MAR",291,291,42,0.144329896907216,42,0.144329896907216,0.288659793814433,4.78202858826611,4.13097826713295,17.0649814435247,15.6866,0.001,0.912291666666667,3.6655,7.85945833333333,12.4490833333333,"2003-08-09",221,"2003-12-24",358,0,130,1190.72511847826,0,33,"",0,0,0,1.93679166666667,0,5.00798451937148,15.6866,NA,NA,0.000119047619047619,15.6866,1.36675,"Chinook","PRWT",2002,NA
"1932","SEC",291,291,0,0,0,0,0,6.09855097365407,5.75189876509125,33.0843394038582,17.3540416666667,0.05,0.0566666666666667,4.72820833333333,10.629125,15.8619166666667,"2003-07-20",201,"2003-11-01",305,0,134,1774.67833333333,0,65,"",0,0,0,2.69833333333333,0.0445833333333333,6.2049768588137,17.398625,5.44928099415205,6.96497178362573,0.05,16.8576130952381,1.418875,"Chinook","PRWT",2002,NA
"1933","SFS",291,291,0,0,0,0,0,6.31862989690722,5.54818487464569,30.7823554032473,17.3622166666667,0.01,0.585,5.40733333333333,10.8710208333333,15.8177083333333,"2003-08-18",230,"2003-12-18",352,0,123,1838.7213,0,64,"",0,0,0,4.2668,0.00958333333333333,6.41366120300752,17.3718,5.55734064327485,7.28162915204678,0.01,16.3464880952381,1.22916666666667,"Chinook","PRWT",2002,NA
"1934","STH",291,291,0,0,0,0,0,8.09481791497449,5.30363423576231,28.12853610675,17.4629090909091,0.37125,2.74683333333333,8.66370833333333,13.1047708333333,15.7676666666667,"2003-08-10",222,"2004-01-05",5,0,89,2355.59201325758,0,113,"",0,0,0,3.92447159090909,0.04,8.18291930299233,17.5029090909091,7.04974641812866,9.28540727006911,0.267559523809524,16.1193333333333,1.94583333333333,"Chinook","PRWT",2002,NA
"1935","VAL",291,291,0,0,0,0,0,7.81425127116936,5.89918379721003,34.8003694732654,18.194125,0.461041666666667,1.01938392857143,7.83366666666667,13.239875,17.0210208333333,"2003-07-25",206,"2004-01-05",5,0,98,2273.94711991028,0,86,"",0,0,0,2.04679166666667,0.220416666666667,7.9287811479181,18.4145416666667,6.88895196233337,8.93047178362573,0.404166666666667,17.5657083333333,1.69825,"Chinook","PRWT",2002,NA
"1936","MAR",291,291,17,0.0584192439862543,13,0.0446735395189003,0.103092783505155,6.41339466306993,4.51360718463414,20.372649817181,14.4766666666667,0.03,2.11645833333333,6.665625,10.036875,13.6361666666667,"2004-07-20",202,"2004-11-29",334,0,94,1757.27013768116,0,70,"",0,0,0,2.395,0.000416666666666667,6.46149361790071,14.4770833333333,NA,NA,0.0223887163561077,13.7510714285714,1.89666666666667,"Chinook","PRWT",2003,NA
"1937","SFS",291,291,2,0.00687285223367698,2,0.00687285223367698,0.013745704467354,6.36762110726644,5.38572631257894,29.0060479140051,17.3720833333333,-0.07,0.692916666666667,5.575,10.645,15.5523333333333,"2004-08-16",229,"2005-01-15",15,0,108,1842.94833333333,0,69,"",0,0,0,1.905,-0.0783333333333333,6.49757623920913,17.29375,5.61313011695907,7.37057748538012,-0.0725,16.0802380952381,1.71291666666667,"Chinook","PRWT",2003,NA
"1938","STH",291,291,0,0,0,0,0,8.22585337915235,5.12511352138818,26.2667886071159,16.3658333333333,0.205,3.32520833333333,9.23708333333333,12.5660416666667,15.1241666666667,"2004-07-15",197,"2005-01-06",6,0,85,2393.72333333333,0,118,"",0,0,0,1.82041666666667,0.0158333333333333,8.3057201336675,16.3816666666667,7.21679678362573,9.30657602339181,0.0553571428571429,15.9297619047619,2.01833333333333,"Chinook","PRWT",2003,NA
"1939","VAL",291,291,0,0,0,0,0,7.9249441580756,5.62274512668699,31.6152627596822,17.5845833333333,0.542708333333333,1.52625,8.63375,12.5791666666667,16.5589583333333,"2004-07-20",202,"2005-01-05",5,0,99,2306.15875,0,88,"",0,0,0,2.35125,0.351666666666667,8.02421365914787,17.93625,6.99549415204678,8.96205409356725,0.418928571428571,17.0995238095238,1.88791666666667,"Chinook","PRWT",2003,NA
"1940","MAR",291,291,0,0,0,0,0,5.95628006872852,4.69522541842412,22.0451417298159,15.5620833333333,-0.03,1.125,5.31458333333333,9.9375,13.6283333333333,"2005-07-22",203,"2006-01-18",18,0,111,1734.3675,0,71,"",0,0,0,2.88,-0.03375,6.03710964912281,15.5283333333333,5.07066081871345,6.96661695906433,-0.03,14.3057142857143,1.77958333333333,"Chinook","PRWT",2004,NA
"1941","SFS",291,291,0,0,0,0,0,6.23294387170676,5.32227742195703,28.3266369562736,16.9633333333333,0,0.520208333333333,5.085,11.12875,15.3235416666667,"2005-08-08",220,"2005-11-15",319,0,109,1813.78666666667,0,71,"",0,0,0,2.19708333333333,0,6.32929761904762,16.9633333333333,5.38886988304094,7.25871929824561,0,15.9651785714286,1.70583333333333,"Chinook","PRWT",2004,NA
"1942","STH",291,291,0,0,0,0,0,7.90070502764082,5.05712229709624,25.5744859277879,16.67,0.211123188405797,2.59520833333333,8.13958333333333,12.4214583333333,15.3377083333333,"2005-07-13",194,"2005-12-08",342,0,85,2299.10516304348,0,105,"",0,0,0,2.67875,0.02375,7.99355758962624,16.69375,6.95645906432749,8.97576868802441,0.0949042443064182,15.8772023809524,1.84666666666667,"Chinook","PRWT",2004,NA
"1943","VAL",291,291,13,0.0446735395189003,13,0.0446735395189003,0.0893470790378007,7.26952103771528,5.60192547824423,31.3815690638018,19.5667045454545,0.417333333333333,0.707395833333333,6.98416666666667,11.4110416666667,16.909875,"2005-07-16",197,"2005-12-08",342,1,92,2020.92684848485,0.785454545454545,68,"",1,1,0,2.48708333333333,0.21875,7.61703283905343,19.7854545454545,NA,NA,0.33077380952381,19.7854545454545,1.98041666666667,"Chinook","PRWT",2004,NA
"1944","BIL",291,204,0,0,0,0,0,6.77741596638655,6.52375292372358,42.559352209792,18.6433333333333,0.00345833333333333,0.0917708333333333,5.97270833333333,12.9304166666667,17.2480833333333,"2006-07-22",203,"2007-01-15",15,0,97,1382.60494047619,0,48,"",0,0,0,2.6775,-0.00541666666666667,6.74153735484093,18.6379166666667,5.87319444444445,7.64788900913901,-0.000297619047619048,18.1248214285714,1.67833333333333,"Chinook","PRWT",2005,NA
"1945","SFS",291,291,0,0,0,0,0,5.98461128542258,5.27516497920432,27.8273655578237,17.9495833333333,-0.05,0.463541666666667,4.92416666666667,11.0720833333333,15.0827083333333,"2006-07-24",205,"2006-11-30",334,0,122,1744.32355072464,0,72,"",0,0,0,1.61541666666667,-0.05,6.08929900839054,17.8995833333333,5.29573976608187,6.89752123061276,-0.05,16.852619047619,1.47583333333333,"Chinook","PRWT",2005,NA
"1946","STH",291,291,15,0.0515463917525773,15,0.0515463917525773,0.103092783505155,7.19478369607446,4.9931692527866,24.9317391869735,16.3283333333333,0.00604166666666667,2.09354166666667,7.3,11.6903125,14.7083333333333,"2006-07-17",198,"2007-01-15",15,0,88,1985.84988344988,0,88,"",0,0,0,2.51,-0.0104166666666667,7.45577052330721,16.3179166666667,NA,NA,-0.00785714285714286,15.4923076923077,1.81625,"Chinook","PRWT",2005,NA
"1947","VAL",291,291,0,0,0,0,0,7.356493666195,5.71428505552474,32.6530536957934,18.5920833333333,0.2125,0.997708333333333,7.40416666666667,12.03875,16.0339583333333,"2006-07-23",204,"2007-01-12",12,0,105,2140.73965686275,0,89,"",0,0,0,2.09708333333333,0.0370833333333333,7.47764917194948,18.6291666666667,6.45931776745786,8.40884064327485,0.150654761904762,18.0915476190476,1.97583333333333,"Chinook","PRWT",2005,NA
"1948","BIL",291,291,0,0,0,0,0,7.87638927373239,6.15752337013226,37.9150940537249,19.4108333333333,0.00854166666666667,1.210625,8.07333333333333,13.4391666666667,18.145625,"2007-07-19",200,"2008-01-21",21,3,93,2292.05677865613,0.467500000000001,70,"",1,1,0,2.54041666666667,-0.0175,7.97979007548516,19.3933333333333,6.93221677299309,8.97135869565217,-0.000892857142857143,18.5620238095238,1.97375,"Chinook","PRWT",2006,NA
"1949","MAR",291,291,17,0.0584192439862543,17,0.0584192439862543,0.116838487972509,6.56795285888078,5.03394453466423,25.3405975780758,15.4716666666667,-0.02,1.18802083333333,6.46166666666667,11.3109375,14.3486041666667,"2007-07-14",195,"2008-01-05",5,0,96,1800.5245,0,84,"",0,0,0,2.81583333333333,-0.02,6.59198713286409,15.4516666666667,NA,NA,-0.02,14.8172023809524,1.83625,"Chinook","PRWT",2006,NA
"1950","SEC",291,291,21,0.0721649484536082,11,0.0378006872852234,0.109965635738832,6.71396759259259,5.94470160984338,35.3394772300745,18.2425,0.06,0.161666666666667,5.85666666666667,12.1830208333333,17.1838958333333,"2007-07-14",195,"2007-11-22",326,0,112,1812.77125,0,61,"",0,0,0,2.13791666666667,0.0583333333333333,6.62798270718312,18.3008333333333,NA,NA,0.06,17.5306547619048,1.92791666666667,"Chinook","PRWT",2006,NA
"1951","SFS",291,291,0,0,0,0,0,6.96563866477414,5.96981376476269,35.6386763859501,18.9458333333333,-0.16,0.694166666666667,5.99333333333333,12.3527083333333,17.1797916666667,"2007-07-18",199,"2008-01-14",14,0,110,2036.20043478261,0,65,"",0,0,0,2.33541666666667,-0.160416666666667,7.07667717300498,18.7854166666667,6.05808479532164,8.10119171116196,-0.160059523809524,17.9901785714286,2.16291666666667,"Chinook","PRWT",2006,NA
"1952","STH",291,291,0,0,0,0,0,8.0999520045819,5.4485699208029,29.6869141818782,17.0108333333333,-0.0325,3.078125,8.38125,13.3122916666667,15.728125,"2007-07-05",186,"2008-01-07",7,0,78,2358.1677,0,114,"",0,0,0,2.49541666666667,-0.0945833333333333,8.20106231411863,16.91625,7.12637771929825,9.22944736842105,-0.0152380952380952,16.2075595238095,1.95625,"Chinook","PRWT",2006,NA
"1953","VAL",291,291,0,0,0,0,0,7.96444413317396,5.99343366633634,35.9212471127739,18.1395833333333,0.313125,1.42416666666667,7.54041666666667,13.7154166666667,17.5214583333333,"2007-07-18",199,"2008-01-22",22,0,97,2317.65324275362,0,76,"",0,0,0,2.75708333333333,0.2,8.06823130289492,18.3395833333333,7.00004163488431,9.08555116959064,0.26452380952381,17.7380952380952,2.14166666666667,"Chinook","PRWT",2006,NA
"1954","BIL",291,291,34,0.116838487972509,34,0.116838487972509,0.233676975945017,6.94727020244741,5.49277534773554,30.1705810206912,16.2325,0.002,0.709166666666667,6.92958333333333,11.77625,15.20175,"2008-08-15",228,"2009-01-16",16,0,94,1785.47760869565,0,88,"",0,0,0,1.97666666666667,-0.00625,7.03118852512668,16.22625,NA,NA,-0.00303571428571429,15.92625,1.32,"Chinook","PRWT",2007,NA
"1955","BIU",291,171,0,0,0,0,0,4.2274929337232,3.40200119149374,11.5736121069249,11.0652916666667,0.07125,1.1879375,3.57254166666667,7.37841666666667,10.2801458333333,"2008-08-18",231,"2009-01-27",27,0,97,722.901291666667,0,11,"",0,0,0,1.15570833333333,0.002125,4.18053023088023,11.0674166666667,3.53535227272727,4.8294095959596,0.151482142857143,10.7435595238095,1.24725,"Chinook","PRWT",2007,NA
"1956","BVC",291,183,0,0,0,0,0,5.05712955373406,5.55239882546039,30.829132716974,16.1089166666667,-0.0134333333333333,-0.00147916666666667,2.89691666666667,10.1673958333333,15.302125,"2008-08-01",214,"2008-12-13",348,0,107,925.90475,0,46,"",0,0,0,1.51220833333333,-0.0204166666666667,4.97245930858219,16.0885,4.20497881355932,5.69857485875706,-0.0185059523809524,15.4304404761905,1.25604166666667,"Chinook","PRWT",2007,NA
"1957","CAM",291,101,0,0,0,0,0,0.798224422442244,1.28648966511063,1.65505565843647,4.99854166666667,0.0166666666666667,0.0305833333333333,0.0471666666666667,1.257875,3.75854166666667,"2008-11-02",307,"2008-12-15",350,0,98,80.6206666666667,0,0,"",0,0,0,2.47120833333333,0.0135,0.79696134085213,5.01204166666667,0.31343201754386,1.33763640350877,0.016672619047619,3.80638690476191,0.071,"Chinook","PRWT",2007,NA
"1958","CHA",291,165,0,0,0,0,0,3.42080378787879,3.99428878275196,15.9543428800182,14.8770416666667,-0.0173666666666667,-0.00966666666666667,1.65129166666667,7.15070833333333,11.2068166666667,"2008-08-19",232,"2008-12-09",344,0,108,565.180916666667,0,13,"",0,0,0,2.53845833333333,-0.0205416666666667,3.31651564839772,14.8565,2.54387578616352,4.10731001048218,-0.0179702380952381,12.1921726190476,1.18083333333333,"Chinook","PRWT",2007,NA
"1959","CHC",291,100,0,0,0,0,0,0.57313,0.977041795371722,0.954610669903199,3.32270833333333,-0.0281041666666667,-0.0235104166666667,-0.0189375,0.909895833333333,2.72442916666667,"2008-11-02",307,"2008-11-25",330,0,100,58.7167083333333,0,0,"",0,0,0,1.954125,-0.0317083333333333,0.5462460739615,3.291,0.207648936170213,0.909860815602837,-0.0275535714285714,2.64429761904762,0.0147708333333333,"Chinook","PRWT",2007,NA
"1960","HER",291,102,0,0,0,0,0,1.51395780812325,1.83257201823855,3.35832020203093,6.90020833333333,-0.31000625,-0.00166666666666667,0.726395833333333,2.61902083333333,5.02633958333333,"2008-11-02",307,"2008-12-16",351,0,86,159.147363095238,0,0,"",0,0,0,2.45758333333333,-0.828833333333333,1.48518066184807,6.071375,0.635520833333333,2.39821223958333,-0.374720238095238,5.04960714285714,1.77629166666667,"Chinook","PRWT",2007,NA
"1961","LAK",291,99,0,0,0,0,0,0.401499831649832,0.798070798981548,0.636917000187046,3.46929166666667,-0.0268833333333333,-0.0241875,-0.023,0.336083333333333,2.21294583333333,"2008-11-02",307,"2008-12-04",339,0,99,41.305525,0,0,"",0,0,0,1.35775,-0.0297916666666667,0.374142255504352,3.4395,0.0988418458781362,0.691127240143369,-0.026702380952381,2.31170833333333,0.0035,"Chinook","PRWT",2007,NA
"1962","LOO",291,101,0,0,0,0,0,1.06142591937765,1.53361782714863,2.35198363974807,5.36520833333333,-0.004875,-0.00195833333333333,0.001625,2.06808333333333,4.12958333333333,"2008-11-02",307,"2009-01-17",17,0,92,107.32368452381,0,0,"",0,0,0,1.94125,-0.00554166666666667,1.03706631757966,5.35966666666667,0.543861842105263,1.58608464912281,-0.00435119047619048,4.15489880952381,0.534333333333333,"Chinook","PRWT",2007,NA
"1963","MAR",291,291,0,0,0,0,0,5.52381461975198,4.4567301309309,19.8624434599474,13.3275,-0.19,1.70958333333333,4.77625,9.39729166666667,12.5122916666667,"2008-07-26",208,"2008-12-20",355,0,138,1615.87463768116,0,67,"",0,0,0,2.26208333333333,-0.19,5.60590453488794,13.1375,4.74223391812866,6.39997972285787,-0.19,12.7745833333333,1.61083333333333,"Chinook","PRWT",2007,NA
"1964","SFS",291,291,0,0,0,0,0,6.1526675257732,5.29745191065148,28.062996745665,16.3870833333333,-0.16,1.53708333333333,4.81583333333333,10.6727083333333,14.7352083333333,"2008-08-08",221,"2008-12-09",344,0,126,1797.98041666667,0,81,"",0,0,0,1.9225,-0.16,6.25964974937343,16.2270833333333,5.33578070175439,7.15513450292398,-0.16,15.5008333333333,1.6275,"Chinook","PRWT",2007,NA
"1965","STH",291,291,0,0,0,0,0,7.4189715623288,4.87406880740726,23.7565467393405,15.2258333333333,0.086875,3.45020833333333,7.07541666666667,11.635,14.7585416666667,"2008-07-20",202,"2008-12-26",361,0,82,2158.92072463768,0,97,"",0,0,0,2.51541666666667,0.0516666666666667,7.51211469797683,15.2775,6.46539035087719,8.48988596491228,0.0891071428571429,14.9083333333333,1.89291666666667,"Chinook","PRWT",2007,NA
"1966","SUL",291,180,0,0,0,0,0,4.2588009469697,4.11542222467432,16.9367000873433,13.9675454545455,0.0364541666666667,0.231270833333333,2.9715,7.94011458333333,11.8248645833333,"2008-08-04",217,"2009-01-03",3,0,108,766.584170454545,0,23,"",0,0,0,1.368625,0.008,4.18785868537593,13.9755454545455,3.49174880268199,4.9056527995472,0.0353452380952381,12.2274588744589,1.2625625,"Chinook","PRWT",2007,NA
"1967","VAL",291,291,0,0,0,0,0,6.95052691867125,5.35763222376771,28.7042230451541,16.0970833333333,0.267708333333333,1.78166666666667,6.41791666666667,11.741875,15.2647916666667,"2008-08-17",230,"2008-12-15",350,0,107,2022.60333333333,0,95,"",0,0,0,2.24083333333333,0.147916666666667,7.05453446115288,16.245,6.03779970760234,7.96209356725146,0.211666666666667,15.5714285714286,1.76125,"Chinook","PRWT",2007,NA
"1968","WFC",291,165,0,0,0,0,0,3.04616212121212,3.46424582834015,12.0009991591721,13.0440833333333,0.0607666666666667,0.0855416666666667,1.434625,6.39275,9.81607499999999,"2008-08-19",232,"2008-12-16",351,0,111,502.61675,0,8,"",0,0,0,1.971375,0.0496666666666667,2.95270691075172,13.09375,2.23990539832285,3.70061661425577,0.0634702380952381,10.7413988095238,1.11425,"Chinook","PRWT",2007,NA
"1969","BIL",291,291,0,0,0,0,0,7.09990572986703,5.59402692113293,31.2931371943599,16.93125,0.085625,0.381458333333333,7.0175,12.42375,15.9554166666667,"2009-08-22",234,"2009-12-26",360,0,97,2066.0725673913,0,83,"",0,0,0,2.78125,0.04875,7.18608231666122,16.98,6.19526156877702,8.06985912280702,0.0669047619047619,16.2086904761905,1.74791666666667,"Chinook","PRWT",2008,NA
"1970","BIU",291,291,0,0,0,0,0,5.1822593069874,3.50332771619668,12.2733050870718,11.8969166666667,0.224291666666667,1.918625,4.640125,8.69297916666667,10.7287708333333,"2009-08-05",217,"2009-12-09",343,0,125,1508.03745833333,0,35,"",0,0,0,1.26025,0.00670833333333333,5.24640831244779,11.903625,4.54638874269006,5.90503274853801,0.0341726190476191,11.1010178571429,1.26025,"Chinook","PRWT",2008,NA
"1971","BVC",291,291,0,0,0,0,0,6.45394188014162,5.79668250920366,33.6015281125076,17.389875,-0.00389583333333333,0.0642083333333333,4.546,12.4512291666667,15.7684583333333,"2009-08-04",216,"2009-12-02",336,0,137,1878.26758712121,0,90,"",0,0,0,2.06004166666667,-0.0163333333333333,6.57473163400927,17.3735416666667,5.57206754385965,7.49646520467836,-0.010047619047619,16.3294648268398,1.87720833333333,"Chinook","PRWT",2008,NA
"1972","CAM",291,291,5,0.0171821305841924,3,0.0103092783505155,0.0274914089347079,6.09017927955883,5.09921603471909,26.0020041687363,16.5774444444444,-1.05090625,0.375635416666667,6.29735416666667,11.08228125,13.7395104166667,"2009-07-27",208,"2009-12-26",360,0,106,1778.60620454545,0,87,"",0,0,0,2.34566666666667,-1.91011111111111,6.04309390016467,14.6673333333333,5.03358722045012,6.93580960735171,-1.66660902777778,14.1332261904762,1.69333333333333,"Chinook","PRWT",2008,NA
"1973","CHA",291,291,0,0,0,0,0,5.53242493401066,4.98112554544739,24.8116116995086,14.7703333333333,0.00177083333333333,0.401729166666667,4.29529166666667,10.6460416666667,13.730625,"2009-07-26",207,"2009-12-30",364,0,139,1610.02011413044,0,80,"",0,0,0,2.20975,-0.02125,5.61719641131815,14.7490833333333,4.68281428934656,6.44798216374269,-0.00370833333333333,14.348125,1.52720833333333,"Chinook","PRWT",2008,NA
"1974","CHC",291,291,2,0.00687285223367698,2,0.00687285223367698,0.013745704467354,4.5147868178231,3.94596781083289,15.5706619641293,13.4810416666667,-0.263075,0.0622916666666667,3.84858333333333,8.464875,10.824675,"2009-08-04",216,"2009-12-09",343,0,152,1318.24547368421,0,29,"",0,0,0,1.61908333333333,-1.74116666666667,4.53247408616571,11.739875,3.68253377192982,5.28102885503232,-1.24826666666667,11.22225,1.497625,"Chinook","PRWT",2008,NA
"1975","HER",291,291,0,0,0,0,0,6.32835494116422,4.29188280063953,18.4202579744254,12.972,0.06225,1.57570833333333,7.24754166666667,10.0097708333333,12.3357708333333,"2009-08-22",234,"2009-12-24",358,0,96,1841.55128787879,0,73,"",0,0,0,2.08016666666667,0.005125,6.39052642781195,12.977125,5.44988771929825,7.30611293195109,0.0518869047619048,12.5733928571429,1.69304166666667,"Chinook","PRWT",2008,NA
"1976","LAK",291,291,0,0,0,0,0,4.62917275511729,4.59368479429215,21.1019399893109,13.6112083333333,-0.0202916666666667,0.0074375,2.671875,9.40389583333333,12.4264166666667,"2009-07-24",205,"2009-11-28",332,0,161,1348.06823007246,0,61,"",0,0,0,1.75120833333333,-0.0235,4.71670070284407,13.5877083333333,3.87828386727689,5.50717953216374,-0.0215297619047619,12.8262202380952,1.531,"Chinook","PRWT",2008,NA
"1977","LOO",291,291,0,0,0,0,0,5.52204846141831,4.25533133570345,18.1078447766197,13.0311666666667,0.0076875,0.712125,5.63558333333333,9.4444375,12.1279583333333,"2009-08-22",234,"2009-12-11",345,0,105,1606.91610227273,0,60,"",0,0,0,1.79533333333333,0.003375,5.58374743487507,13.0345416666667,4.76518611111111,6.31377243487507,0.00542261904761905,12.4542202380952,1.42845833333333,"Chinook","PRWT",2008,NA
"1978","MAR",291,291,0,0,0,0,0,5.6017702801208,4.44307437208604,19.7409098758877,14.3695833333333,-0.0479166666666667,1.35229166666667,4.73625,9.96854166666667,12.9721590909091,"2009-07-19",200,"2009-12-28",362,0,131,1631.49890151515,0,70,"",0,0,0,1.95291666666667,-0.05,5.6616237563606,14.3195833333333,4.67941666666667,6.54406871345029,-0.0488690476190476,13.5168452380952,1.65541666666667,"Chinook","PRWT",2008,NA
"1979","SEC",291,291,0,0,0,0,0,5.39089222570845,5.17503982569591,26.7810371975388,15.75625,0.07,0.07375,4.05,10.4564583333333,14.083125,"2009-08-04",216,"2009-04-15",105,0,144,1568.74963768116,0,82,"",0,0,0,1.99541666666667,0.00791666666666667,5.49895653990048,15.7641666666667,4.54708625730994,6.38123817696415,0.0667857142857143,14.7145238095238,1.61708333333333,"Chinook","PRWT",2008,NA
"1980","SUL",291,291,0,0,0,0,0,5.3285671534937,4.3017350285467,18.5049242558257,13.533125,0.0631875,1.1275,4.18908333333333,9.86927083333333,12.2955416666667,"2009-08-04",216,"2009-12-11",345,0,142,1550.6805,0,69,"",0,0,0,1.70133333333333,-0.0517083333333333,5.40371451545531,13.4814166666667,4.5694649122807,6.18079868421053,0.0205595238095238,12.5669345238095,1.32220833333333,"Chinook","PRWT",2008,NA
"1981","VAL",291,291,21,0.0721649484536082,21,0.0721649484536082,0.144329896907216,7.58612882447665,5.56892355729031,31.012909586943,17.6708333333333,0.176375,2.53229166666667,7.633125,12.9019791666667,16.2735416666667,"2009-08-04",216,"2009-12-06",340,0,85,2048.2547826087,0,84,"",0,0,0,2.02291666666667,0.03375,7.53677197556425,17.7045833333333,NA,NA,0.0902380952380952,16.7089880952381,1.91333333333333,"Chinook","PRWT",2008,NA
"1982","WFC",291,291,0,0,0,0,0,5.05055455326461,4.39026422376319,19.274419954455,13.0315,0.0523333333333333,0.655645833333333,3.80929166666667,9.5555625,11.9861666666667,"2009-07-26",207,"2009-11-30",334,0,147,1469.711375,0,66,"",0,0,0,1.82095833333333,0.0348333333333333,5.12677807017544,13.0663333333333,4.28723859649123,5.90218099415205,0.0508809523809524,12.4829285714286,1.503,"Chinook","PRWT",2008,NA
"1983","BIU",291,291,0,0,0,0,0,5.21156171248568,3.14988699338003,9.92178807106469,10.8622916666667,0.713145833333333,2.50225,4.65145833333333,7.95410416666667,10.1444791666667,"2010-08-06",218,"2011-01-01",1,0,119,1516.56445833333,0,19,"",0,0,0,1.39308333333333,0.060125,5.26861365914787,10.9224166666667,4.60846578947368,5.92022295321637,0.390803571428571,10.4530357142857,1.29475,"Chinook","PRWT",2009,NA
"1984","BVC",291,291,0,0,0,0,0,6.47310810423826,5.48384865221811,30.0725960404343,16.0793333333333,0.00664583333333333,0.181541666666667,5.615,10.7956458333333,15.3203958333333,"2010-07-25",206,"2010-11-21",325,0,124,1883.722875,0,81,"",0,0,0,2.56908333333333,-0.00995833333333333,6.57408402255639,16.069375,5.64540657894737,7.45785701754386,-0.00123809523809524,15.6527380952381,1.87833333333333,"Chinook","PRWT",2009,NA
"1985","CAM",291,291,0,0,0,0,0,6.10965985889826,4.59877207743975,21.1487046202395,14.0239583333333,0.0412083333333333,1.11016666666667,6.05908333333333,9.85377083333333,13.2268541666667,"2010-07-30",211,"2011-01-20",20,0,103,1777.91101893939,0,71,"",0,0,0,1.774625,0.02825,6.18542617338802,14.0522083333333,5.36698698830409,7.00257178362573,0.0335297619047619,13.6995654761905,1.52516666666667,"Chinook","PRWT",2009,NA
"1986","CHA",291,291,0,0,0,0,0,5.70898477264804,4.70784155919402,22.1637721464744,15.2026666666667,0.21225,0.663541666666667,4.70308333333333,9.51127083333333,13.4734583333333,"2010-08-06",218,"2010-11-25",329,0,136,1661.32111050725,0,68,"",0,0,0,1.88954166666667,-0.00654166666666667,5.79072110620755,15.196125,4.93701505847953,6.62980540935673,0.0312678571428571,14.3263928571429,1.63429166666667,"Chinook","PRWT",2009,NA
"1987","CHC",291,291,0,0,0,0,0,4.59039932890084,3.70861006880992,13.7537886424783,11.5897916666667,0.001875,0.187291666666667,4.19483333333333,7.52591666666667,10.5585833333333,"2010-07-27",208,"2010-11-23",327,0,139,1335.85062137681,0,31,"",0,0,0,1.63858333333333,-0.00691666666666667,4.64723265228288,11.582875,3.91412368421053,5.32508011695906,-0.00282738095238095,10.8772792443064,1.54629166666667,"Chinook","PRWT",2009,NA
"1988","HER",291,291,0,0,0,0,0,6.39283337068579,4.07705255975274,16.6223575749864,12.9166666666667,0.178125,2.24341666666667,7.00279166666667,9.64779166666667,12.0719166666667,"2010-07-25",206,"2010-11-26",330,0,88,1860.31451086957,0,57,"",0,0,0,2.1555,0.073,6.44088111583306,12.9896666666667,5.52581006229342,7.32732309941521,0.136065476190476,12.4133392857143,1.665625,"Chinook","PRWT",2009,NA
"1989","LAK",291,291,0,0,0,0,0,4.79663373424971,4.44638174263597,19.7703106012465,14.3327916666667,-0.0120208333333333,0.04875,3.61583333333333,8.34470833333333,12.4313125,"2010-08-06",218,"2010-11-24",328,0,153,1396.40729166667,0,53,"",0,0,0,1.97554166666667,-0.0169166666666667,4.88247383040936,14.315875,4.08472397660819,5.69054312865497,-0.0142261904761905,13.1319761904762,1.624625,"Chinook","PRWT",2009,NA
"1990","LOO",291,291,0,0,0,0,0,5.52553818666268,3.93729125155274,15.5022623995537,12.139375,0.0084375,1.892625,5.62158333333333,8.75408333333333,11.4449166666667,"2010-08-17",229,"2011-01-01",1,0,101,1607.93161231884,0,48,"",0,0,0,1.45420833333333,0.0065,5.58172869401765,12.145875,4.84160158911772,6.32751432748538,0.00726785714285714,11.7561547619048,1.51975,"Chinook","PRWT",2009,NA
"1991","MAR",291,291,0,0,0,0,0,5.58150829224563,4.23105200084404,17.9018010338464,13.6620833333333,-0.01,1.67104166666667,5.34,8.93375,12.568125,"2010-07-27",208,"2010-11-29",333,0,124,1624.55682971015,0,61,"",0,0,0,1.79416666666667,-0.0125,5.64046945261705,13.6495833333333,4.70013068904144,6.5496052631579,-0.0104166666666667,12.9199404761905,1.80166666666667,"Chinook","PRWT",2009,NA
"1992","SFS",291,291,0,0,0,0,0,6.35212666218437,5.08263619978341,25.8331907393488,16.35875,0.07,1.21666666666667,5.51666666666667,10.45625,14.7433333333333,"2010-08-06",218,"2010-12-21",355,0,115,1848.46885869565,0,83,"",0,0,0,2.06166666666667,0.0675,6.44817874396135,16.42625,5.50363634630053,7.38886549707602,0.0699404761904762,15.407380952381,1.92333333333333,"Chinook","PRWT",2009,NA
"1993","STH",291,291,0,0,0,0,0,7.425737462025,4.73712674947788,22.4403698406188,15.2433333333333,0.0483333333333333,2.9,7.99625,11.2060416666667,14.4827083333333,"2010-07-17",198,"2010-11-24",328,0,82,2160.96293478261,0,104,"",0,0,0,1.99083333333333,-0.0129166666666667,7.49472124150957,15.2304166666667,6.49409649122807,8.48695188151538,0.0345238095238095,14.7366071428571,1.84541666666667,"Chinook","PRWT",2009,NA
"1994","SUL",291,291,0,0,0,0,0,5.28711998854525,4.03005866934431,16.2413728783572,12.775125,0.104645833333333,1.59797916666667,4.44704166666667,8.679625,11.8155,"2010-07-27",208,"2010-12-31",365,0,132,1538.55191666667,0,55,"",0,0,0,1.86791666666667,0.020125,5.3663970342523,12.79525,4.57384985380117,6.20086038011696,0.0727797619047619,12.2401607142857,1.53791666666667,"Chinook","PRWT",2009,NA
"1995","VAL",291,291,0,0,0,0,0,7.13452221759763,5.357245023474,28.7000742415369,16.8254891304348,0.214791666666667,1.36333333333333,7.30833333333333,11.5335416666667,15.4808333333333,"2010-07-29",210,"2010-12-31",365,0,99,2076.14596532091,0,89,"",0,0,0,2.18875,0.12625,7.22870806545349,16.9517391304348,6.2341432748538,8.23506464530892,0.21202380952381,16.1283436853002,2.03708333333333,"Chinook","PRWT",2009,NA
"1996","WFC",291,291,0,0,0,0,0,5.07566938717068,4.34284558495178,18.8603077747352,14.210625,0.0277291666666667,0.515958333333333,4.04641666666667,8.83022916666667,12.2977083333333,"2010-08-06",218,"2010-12-16",350,0,144,1477.01979166667,0,56,"",0,0,0,1.7245,0.00570833333333333,5.15997637844612,14.2163333333333,4.40172032163743,5.92450862573099,0.020702380952381,13.1153095238095,1.59183333333333,"Chinook","PRWT",2009,NA
"1997","BIL",291,291,2,0.00687285223367698,2,0.00687285223367698,0.013745704467354,6.40276960784314,5.20117283603632,27.0521988703221,16.2429166666667,-0.414583333333333,-0.00250000000000001,6.77791666666667,10.8483333333333,14.1170833333333,"2011-08-29",241,"2012-01-28",28,0,97,1876.99291666667,0,90,"",0,0,0,2.10833333333333,-0.455,6.4319078460039,15.7879166666667,5.66528216374269,7.21342397660819,-0.425238095238095,15.2122619047619,1.39583333333333,"Chinook","PRWT",2010,NA
"1998","BIU",291,291,0,0,0,0,0,4.87516801260023,3.17366616088175,10.0721569007259,10.9353333333333,0.5088125,2.16079166666667,4.44366666666667,7.945125,10.0354166666667,"2011-08-01",213,"2012-01-12",12,0,129,1418.67389166667,0,16,"",0,0,0,1.27504166666667,0.0408333333333333,4.93007324143693,10.9761666666667,4.33332038011696,5.53418055555556,0.313994047619048,10.3173630952381,1.13708333333333,"Chinook","PRWT",2010,NA
"1999","CAM",291,291,0,0,0,0,0,5.79888344788087,4.58600304767658,21.0314239532988,13.5104166666667,0.0616458333333333,0.152333333333333,6.04695833333333,10.1310208333333,12.363625,"2011-08-28",240,"2011-12-10",344,0,106,1687.47508333333,0,74,"",0,0,0,2.528375,0.0550833333333333,5.87306086048455,13.5655,5.18719970760234,6.56411652046784,0.0591190476190476,13.0416964285714,1.17516666666667,"Chinook","PRWT",2010,NA
"2000","CHA",291,291,0,0,0,0,0,5.3728450744559,4.81970272783536,23.2295343847036,14.7786666666667,-0.00697916666666667,0.0115416666666667,4.54020833333333,9.94391666666667,13.1479791666667,"2011-08-01",213,"2011-12-24",358,0,136,1564.724125,0,73,"",0,0,0,2.003625,-0.172958333333333,5.45607817460317,14.6057083333333,4.78323216374269,6.1740831871345,-0.124684523809524,13.9144821428571,1.40320833333333,"Chinook","PRWT",2010,NA
"2001","CHC",291,291,0,0,0,0,0,4.15197702201305,3.58701704823151,12.8666913043035,11.911125,-0.0904375,0.0196041666666667,3.81483333333333,7.73827083333333,9.5105625,"2011-08-25",237,"2011-12-23",357,0,154,1215.01589673913,0,7,"",0,0,0,2.049625,-0.980208333333333,4.21200953743053,10.9309166666667,3.61941418128655,4.81659239766082,-0.632125,10.1561785714286,1.10004166666667,"Chinook","PRWT",2010,NA
"2002","HER",291,291,0,0,0,0,0,6.41059403481249,3.9666682587897,15.7344570752897,12.061,0.5889375,2.1023125,7.04216666666667,10.0054166666667,11.8454375,"2011-08-25",237,"2011-12-26",360,0,96,1865.48286413043,0,73,"",0,0,0,2.71745833333333,0.425125,6.46934839544514,12.486125,5.67703314899568,7.27493523391813,0.561315476190476,11.9531726190476,1.39708333333333,"Chinook","PRWT",2010,NA
"2003","LAK",291,291,0,0,0,0,0,4.17886530250963,4.13443019645746,17.0935130493793,12.631625,-0.00672916666666667,0.00366666666666667,2.57579166666667,8.1379375,11.1968125,"2011-08-25",237,"2011-12-01",335,0,167,1216.31446969697,0,39,"",0,0,0,1.55566666666667,-0.011375,4.25895935482646,12.62025,3.67001802232855,4.89827529239766,-0.00970833333333333,11.972755952381,1.22583333333333,"Chinook","PRWT",2010,NA
"2004","MAR",291,291,0,0,0,0,0,5.25048790512769,4.15981347520156,17.3040481484685,12.81625,0.0695833333333334,0.975208333333333,4.73875,9.29583333333333,11.5091666666667,"2011-08-25",237,"2012-01-16",16,0,126,1527.89198039216,0,57,"",0,0,0,1.81541666666667,0.06625,5.31877240404934,12.8825,4.58253525971792,6.10175292397661,0.06875,11.8089880952381,1.44958333333333,"Chinook","PRWT",2010,NA
"2005","SEC",291,291,0,0,0,0,0,4.74193442153494,4.57856684942515,20.9632743946549,14.6470833333333,0.05125,0.06,3.39166666666667,8.75916666666667,12.479375,"2011-08-25",237,"2011-04-15",105,0,153,1380.09208333333,0,56,"",0,0,0,2.12208333333333,-0.127083333333333,4.83784649122807,14.52,4.19365350877193,5.54205847953216,0.0505357142857143,13.7269642857143,1.24291666666667,"Chinook","PRWT",2010,NA
"2006","SFS",291,291,0,0,0,0,0,5.63331219483791,4.9730254888094,24.730982512348,15.7533333333333,-0.049375,0.402291666666667,4.55291666666667,10.4322916666667,13.9047916666667,"2011-08-01",213,"2011-12-04",338,0,125,1641.71843203116,0,83,"",0,0,0,2.46730072463768,-0.05,5.72665030453709,15.7033333333333,4.98509700643676,6.53916017761796,-0.0498214285714286,14.6593452380952,1.29541666666667,"Chinook","PRWT",2010,NA
"2007","STH",291,291,0,0,0,0,0,7.17203521213755,4.85899416580952,23.6098243033709,14.9358333333333,0.158541666666667,2.21083333333333,7.36083333333333,11.48125,13.89125,"2011-08-01",213,"2012-01-18",18,0,93,2087.06224673203,0,106,"",0,0,0,2.13875,0.00916666666666667,7.24704192671221,14.945,6.39237719298246,8.16053070175439,0.16797619047619,14.2255987394958,1.69833333333333,"Chinook","PRWT",2010,NA
"2008","SUL",291,291,5,0.0171821305841924,3,0.0103092783505155,0.0274914089347079,4.70488331240016,4.04684371575704,16.3769440597622,14.8415833333333,-0.737458333333333,1.06705208333333,4.12333333333333,8.7760625,10.930625,"2011-08-01",213,"2011-12-25",359,0,141,1370.6202202381,0,42,"",0,0,0,1.61545833333333,-1.995,4.66727548508334,12.8465833333333,4.05827566658191,5.28957710526316,-1.79005,11.4233112244898,1.11254166666667,"Chinook","PRWT",2010,NA
"2009","VAL",291,291,0,0,0,0,0,6.48372725894482,5.31099874737814,28.2067076946522,16.32125,-0.180416666666667,0.119791666666667,6.38958333333333,11.580625,14.01875,"2011-08-25",237,"2011-12-05",339,0,107,1896.56421568627,0,103,"",0,0,0,2.3325,-0.209166666666667,6.57557849280063,16.1120833333333,5.76872368421053,7.42773684210526,-0.180357142857143,14.776369047619,1.48416666666667,"Chinook","PRWT",2010,NA
"2010","WFC",291,291,0,0,0,0,0,4.81845403780069,4.30920506446806,18.5692482876371,12.7595,0.0331875,0.10775,3.95716666666667,9.005125,11.5962291666667,"2011-08-25",237,"2011-12-01",335,0,147,1402.170125,0,58,"",0,0,0,1.91804166666667,0.00920833333333333,4.89569348370927,12.7687083333333,4.26225730994152,5.56683450292398,0.0342261904761905,12.2133392857143,1.127375,"Chinook","PRWT",2010,NA
"2011","BIL",291,137,9,0.0656934306569343,9,0.0309278350515464,0.0966212657084807,10.8887570567453,3.71724961334772,13.8179446879338,11.4445833333333,5.60379166666667,7.25041666666667,10.96,14.6477083333333,15.5580625,"2012-07-31",213,"2012-04-28",119,0,0,1393.7609032634,0,68,"",0,0,0,1.58416666666667,4.64791666666667,10.7308787560096,16.0925,NA,NA,5.41976190476191,15.5919642857143,1.77962121212121,"Chinook","PRWT",2011,NA
"2012","BIU",291,291,0,0,0,0,0,5.33542983963345,3.34452296440798,11.1858338594523,11.3643333333333,0.4484375,2.71822916666667,4.67133333333333,8.21379166666667,10.948875,"2012-08-06",219,"2013-01-12",12,0,119,1552.61008333333,0,40,"",0,0,0,1.29741666666667,0.0199166666666667,5.39893888888889,11.38425,4.71915277777778,6.04264809941521,0.281184523809524,11.0100654761905,1.26466666666667,"Chinook","PRWT",2011,NA
"2013","CAM",291,291,0,0,0,0,0,6.57944644902635,5.01103301811997,25.1104519086885,15.31775,0.0648333333333333,1.0999375,6.576125,10.9245416666667,14.1374166666667,"2012-07-23",205,"2012-12-15",350,0,103,1914.61891666667,0,90,"",0,0,0,2.17725,0.0495416666666667,6.66883667502089,15.3672916666667,5.66648479532164,7.70211769005848,0.060702380952381,14.5595535714286,1.996375,"Chinook","PRWT",2011,NA
"2014","CHA",291,291,0,0,0,0,0,6.05003890711236,5.25612256085758,27.6268243747561,15.9066666666667,0.0035625,0.334708333333333,4.73483333333333,10.4643541666667,14.8640833333333,"2012-07-28",210,"2012-12-18",353,0,131,1760.56348863636,0,81,"",0,0,0,2.061875,-0.00104166666666667,6.14496595845675,15.905625,5.20436871345029,7.09910074428496,0.00101785714285714,15.3938928571429,1.80579166666667,"Chinook","PRWT",2011,NA
"2015","CHC",291,291,0,0,0,0,0,4.61616918795757,3.80666229439822,14.4906778235932,12.238125,0.0419166666666667,0.454020833333333,3.6765,8.12191666666667,10.6732083333333,"2012-08-06",219,"2012-11-26",331,0,154,1343.30523369565,0,35,"",0,0,0,1.65720833333333,0.035875,4.68357659274999,12.274,3.87925751970506,5.43308947368421,0.0457142857142857,11.1099404761905,1.53875,"Chinook","PRWT",2011,NA
"2016","HER",291,291,0,0,0,0,0,6.8736079361522,4.4905311016188,20.1648695746057,14.6785,0.267916666666667,2.56960416666667,7.21925,10.9795833333333,12.9261458333333,"2012-08-06",219,"2013-01-22",22,0,87,2000.21990942029,0,91,"",0,0,0,2.67908333333333,0.0770416666666667,6.9499027105808,14.7555416666667,5.82702090643275,7.98364997457412,0.0948928571428571,13.4559751552795,2.15004166666667,"Chinook","PRWT",2011,NA
"2017","LAK",291,291,0,0,0,0,0,4.93750758877434,4.66393775437498,21.7523153766843,13.6195,0.0140625,0.0741458333333333,3.53258333333333,8.96589583333333,12.9924166666667,"2012-08-09",222,"2012-10-26",300,0,157,1436.81470833333,0,58,"",0,0,0,2.03370833333333,0.00708333333333333,5.02132328738513,13.6265833333333,4.18721754385965,5.83533421052632,0.0136785714285714,13.2783571428571,1.51941666666667,"Chinook","PRWT",2011,NA
"2018","MAR",291,291,21,0.0721649484536082,13,0.0446735395189003,0.116838487972509,5.49446543209877,4.44874375622155,19.7913210085203,14.63525,-0.0639875,0.96609375,5.28672916666667,9.48166666666667,12.3986875,"2012-08-06",219,"2013-01-23",23,0,120,1488.10945833333,0,60,"",0,0,0,1.75333333333333,-0.7115,5.63576523320681,13.92375,NA,NA,-0.405279761904762,12.7380357142857,1.719875,"Chinook","PRWT",2011,NA
"2019","SEC",291,291,0,0,0,0,0,5.71488236465959,5.38491998517263,28.9973632467116,16.2415,-0.0553541666666667,-0.00522916666666667,4.49291666666667,10.3645833333333,15.1485416666667,"2012-07-28",210,"2012-10-23",297,0,140,1666.46526811594,0,74,"",0,0,0,2.08291666666667,-0.0615,5.81375950383204,16.18,4.90893114035088,6.71804392321383,-0.0557083333333333,15.6292261904762,1.62666666666667,"Chinook","PRWT",2011,NA
"2020","SFS",291,291,0,0,0,0,0,6.36809135166094,5.33931484410662,28.5082830044973,16.793875,-0.0694166666666667,1.52391666666667,4.94125,11.2064583333333,15.58375,"2012-08-06",219,"2012-11-11",316,0,110,1855.44175,0,74,"",0,0,0,2.30916666666667,-0.0722083333333333,6.46317443609023,16.7216666666667,5.3916149122807,7.52628523391813,-0.0706785714285714,16.020119047619,2.10041666666667,"Chinook","PRWT",2011,NA
"2021","STH",291,291,0,0,0,0,0,7.56405676328502,4.94871111681779,24.489741717716,16.000375,-0.0220416666666667,3.11016666666667,7.62333333333333,11.8029166666667,14.7827083333333,"2012-08-06",219,"2013-01-14",14,0,89,2201.98697644928,0,112,"",0,0,0,2.16308333333333,-0.0695416666666667,7.65049908194399,15.9308333333333,6.57346900584795,8.65637975464022,-0.0464761904761905,15.1175,1.76058333333333,"Chinook","PRWT",2011,NA
"2022","VAL",291,291,0,0,0,0,0,7.04368917152249,5.25252455554719,27.5890142066262,17.434125,0.276666666666667,1.58966666666667,6.45958333333333,11.65625,15.318125,"2012-08-06",219,"2013-01-13",13,0,96,2049.71354891304,0,95,"",0,0,0,2.04241666666667,0.0717083333333333,7.15301464530892,17.5058333333333,6.05200438596491,8.19119169844902,0.189904761904762,15.8597023809524,2.05166666666667,"Chinook","PRWT",2011,NA
"2023","WFC",291,291,0,0,0,0,0,5.39122508591065,4.69182868348011,22.0132563951267,14.3709583333333,0.0136458333333333,0.286208333333333,4.516375,9.26766666666667,13.119375,"2012-07-28",210,"2013-01-05",5,0,141,1569.40754166667,0,65,"",0,0,0,1.79495833333333,-0.150916666666667,5.47713302005013,14.2200416666667,4.59867456140351,6.36387821637427,-0.0582916666666667,13.6537976190476,1.76795833333333,"Chinook","PRWT",2011,NA
"2024","BIU",291,291,0,0,0,0,0,5.57976159793815,3.72222125146615,13.8549310448662,11.64475,0.5330625,2.28479166666667,4.67929166666667,9.91358333333333,11.1444791666667,"2013-07-20",201,"2013-12-05",339,0,109,1623.710625,0,71,"",0,0,0,1.31975,0.0274583333333333,5.66020392648287,11.6722083333333,5.01697777777778,6.29701315789474,0.219952380952381,11.4739761904762,1.159125,"Chinook","PRWT",2012,NA
"2025","BVC",291,291,0,0,0,0,0,7.17900806813088,6.14236772021448,37.7286812103328,18.5621666666667,0.017125,0.0798125,5.95566666666667,13.6444791666667,16.2700208333333,"2013-07-02",183,"2013-11-23",327,0,111,2089.09134782609,0,83,"",0,0,0,2.48620833333333,0.001125,7.29525696396789,18.5632916666667,6.43309376430206,8.13931096491228,0.00401785714285714,17.3523869047619,1.626,"Chinook","PRWT",2012,NA
"2026","CAM",291,291,0,0,0,0,0,6.73128436426117,5.45350982592022,29.7407694214084,15.56525,0.0866041666666667,0.239541666666667,6.54754166666667,12.6651875,14.4134166666667,"2013-07-02",183,"2013-12-07",341,0,113,1958.80375,0,99,"",0,0,0,1.83704166666667,0.0725833333333333,6.83894273182957,15.6378333333333,6.04782426900585,7.63112412280702,0.0807619047619048,15.0252380952381,1.562125,"Chinook","PRWT",2012,NA
"2027","CHA",291,291,0,0,0,0,0,6.24219271378057,5.57243473373712,31.0520288617599,16.9674583333333,-0.000479166666666667,0.312958333333333,4.73475,12.3775208333333,14.9550625,"2013-07-02",183,"2014-01-28",28,0,125,1818.08978804348,0,89,"",0,0,0,2.10954166666667,-0.73525,6.3549892521158,16.2322083333333,5.52457938596491,7.15108375921688,-0.229035714285714,15.52625,1.48404166666667,"Chinook","PRWT",2012,NA
"2028","CHC",291,291,0,0,0,0,0,5.19347189850092,4.32015210525212,18.6637142125144,12.8442083333333,0.0687916666666667,0.114395833333333,4.45941666666667,9.94195833333333,11.5863541666667,"2013-07-03",184,"2013-11-05",309,0,130,1511.30032246377,0,71,"",0,0,0,1.81804166666667,0.0576666666666667,5.27732454415023,12.901875,4.62428918128655,5.89755058479532,0.0676309523809524,11.9919821428571,1.237125,"Chinook","PRWT",2012,NA
"2029","HER",291,291,0,0,0,0,0,7.28985309278351,4.72339258416639,22.310437504158,14.057,0.689291666666667,2.286375,7.72354166666667,12.0619375,13.5387291666667,"2013-07-17",198,"2013-12-08",342,0,89,2121.34725,0,101,"",0,0,0,2.35995833333333,0.296625,7.38505248538012,14.353625,6.53139824561404,8.28095804093567,0.406904761904762,13.793755952381,1.574875,"Chinook","PRWT",2012,NA
"2030","LAK",291,291,0,0,0,0,0,5.15521835624284,4.95980809195022,24.5996963089749,13.802125,0.00527083333333333,0.0780625,3.418875,11.0135833333333,12.8584166666667,"2013-07-03",184,"2013-12-29",363,0,159,1500.16854166667,0,80,"",0,0,0,1.70954166666667,0.000916666666666667,5.25510952380952,13.8030416666667,4.56054342105263,5.93468450292398,0.0029047619047619,13.046755952381,1.24620833333333,"Chinook","PRWT",2012,NA
"2031","LOO",291,291,0,0,0,0,0,5.98152276632302,4.77163426364111,22.7684935459538,13.5366666666667,-0.0872916666666667,0.8695,5.701625,11.350375,12.9279166666667,"2013-07-20",201,"2013-11-23",327,0,116,1746.33729166667,0,83,"",0,0,0,2.09891666666667,-0.0920416666666667,6.0781030075188,13.444625,5.34127280701754,6.77147280701754,-0.089327380952381,13.1379404761905,1.35316666666667,"Chinook","PRWT",2012,NA
"2032","MAR",291,291,0,0,0,0,0,6.14621890407889,4.89279016331631,23.9393955822448,15.4819583333333,-0.05675,1.12810416666667,5.78266666666667,11.1149583333333,13.365125,"2013-07-02",183,"2013-12-20",354,0,122,1791.23620108696,0,95,"",0,0,0,2.18808333333333,-0.06025,6.24274897206785,15.4217083333333,5.47403961988304,7.0729884502924,-0.0585535714285714,14.3917857142857,1.48391666666667,"Chinook","PRWT",2012,NA
"2033","SEC",291,291,0,0,0,0,0,5.82557560137457,5.50311102632243,30.2842309680315,15.26125,-0.0472916666666667,-0.0058125,4.533875,12.2523958333333,14.5241458333333,"2013-08-18",230,"2013-11-26",330,0,131,1698.427375,0,82,"",0,0,0,1.87608333333333,-0.0540416666666667,5.93172821637427,15.2072083333333,5.22074897660819,6.62067909356725,-0.0478988095238095,14.9245416666667,1.313375,"Chinook","PRWT",2012,NA
"2034","SFS",291,291,0,0,0,0,0,6.95792826460481,5.98478870169848,35.8176958039778,18.1614166666667,-0.0644166666666667,0.7429375,5.704375,13.8827291666667,15.9168125,"2013-07-03",184,"2013-12-08",342,0,117,2027.83425,0,82,"",0,0,0,2.27595833333333,-0.0654166666666667,7.07528460735171,18.096,6.16369283625731,7.98573684210526,-0.0649285714285714,16.5863928571429,1.57929166666667,"Chinook","PRWT",2012,NA
"2035","VAL",291,291,0,0,0,0,0,7.8868364149111,5.99285357661624,35.9142939907621,18.6367083333333,0.34175,1.05764583333333,7.45566666666667,13.9486875,16.5908125,"2013-07-17",198,"2013-12-09",343,0,94,2295.06939673913,0,87,"",0,0,0,2.50058333333333,0.196458333333333,7.99981513475718,18.8331666666667,7.09587368421053,8.86452675438597,0.271220238095238,17.1176845238095,1.674125,"Chinook","PRWT",2012,NA
"2036","WFC",291,291,0,0,0,0,0,5.6943782932417,5.09494838030021,25.9584989979237,16.4007916666667,-0.0992708333333333,0.5748125,4.33904166666667,11.2248541666667,13.55175,"2013-07-02",183,"2013-12-08",342,0,142,1666.63091666667,0,87,"",0,0,0,1.90120833333333,-1.63904166666667,5.79670025062657,14.76175,4.97228289473684,6.57279342105263,-0.991333333333333,14.0329285714286,1.40883333333333,"Chinook","PRWT",2012,NA
"2037","BIU",291,291,0,0,0,0,0,5.62737436500822,3.45146247194056,11.9125931952141,11.8399166666667,0.9149375,2.471625,5.10604166666667,8.88452083333333,11.0937916666667,"2014-07-14",195,"2014-12-31",365,0,112,1637.56594021739,0,49,"",0,0,0,1.23166666666667,0.0770416666666667,5.699279009117,11.9169583333333,5.02174078947368,6.34161783625731,0.469827380952381,11.4402202380952,1.260625,"Chinook","PRWT",2013,NA
"2038","BVC",291,291,0,0,0,0,0,6.90745217640321,5.80849805092357,33.7386496075829,17.78975,0.0131458333333333,0.137208333333333,6.407875,11.5779583333333,15.8451458333333,"2014-07-14",195,"2014-11-16",320,0,122,2010.06858333333,0,96,"",0,0,0,2.01666666666667,0.007,7.0239313283208,17.79675,6.15181593567252,7.88318757309942,0.00860119047619048,16.7916369047619,1.70804166666667,"Chinook","PRWT",2013,NA
"2039","CAM",291,291,9,0.0309278350515464,9,0.0309278350515464,0.0618556701030928,6.55780763754567,5.15606877918143,26.5850452556494,18.3285454545455,0.0130895833333333,0.11728125,6.65510416666667,11.0091041666667,14.5868583333333,"2014-08-07",219,"2014-11-16",320,0,94,1849.30175378788,0,86,"",0,0,0,1.641375,0.007,6.82700125204041,18.3355454545455,NA,NA,0.00860119047619048,18.3355454545455,1.54341666666667,"Chinook","PRWT",2013,NA
"2040","CHA",291,291,0,0,0,0,0,6.15220406270233,5.08383468025297,25.8453750561429,16.0539166666667,0.00247916666666667,0.902416666666667,5.571125,10.2941458333333,14.4886458333333,"2014-07-14",195,"2014-11-12",316,0,118,1790.29138224638,0,83,"",0,0,0,1.92858333333333,0.000583333333333333,6.25109375976172,16.0545,5.39947997076023,7.06623628273583,0.00164880952380952,15.0758928571429,1.59295833333333,"Chinook","PRWT",2013,NA
"2041","CHC",291,291,0,0,0,0,0,5.05299985681558,3.9297117059327,15.4426340917445,12.2715416666667,0.073625,0.561770833333333,4.65575,8.38870833333333,11.1805,"2014-07-14",195,"2014-12-30",364,0,125,1470.42295833333,0,48,"",0,0,0,1.683,0.0654166666666667,5.12762608604846,12.3369583333333,4.42468669590643,5.84599020467836,0.0709642857142857,11.563630952381,1.40420833333333,"Chinook","PRWT",2013,NA
"2042","HER",291,291,0,0,0,0,0,7.4567406930126,4.52979686751078,20.5190596609104,14.4376666666667,0.6553125,2.69735416666667,8.28595833333333,11.2253125,13.750625,"2014-07-16",197,"2015-01-02",2,0,84,2169.91154166667,0,106,"",0,0,0,1.873125,0.262125,7.5291798663325,14.6997916666667,6.57223055555556,8.44167602339181,0.542255952380952,14.109130952381,1.78775,"Chinook","PRWT",2013,NA
"2043","LAK",291,291,0,0,0,0,0,5.31528536655212,4.71423099599805,22.2239738836288,14.687,0.00454166666666667,0.143020833333333,4.44191666666667,9.26729166666667,13.2128541666667,"2014-07-14",195,"2014-11-30",334,0,136,1546.74804166667,0,60,"",0,0,0,1.559375,0.00158333333333333,5.40518224728488,14.6885833333333,4.63968698830409,6.13895730994152,0.00351190476190476,13.6135476190476,1.50591666666667,"Chinook","PRWT",2013,NA
"2044","LOO",291,291,0,0,0,0,0,6.09909149484536,4.30501538380669,18.5331574548122,13.3948333333333,-0.0860833333333333,1.96647916666667,6.056625,10.0596458333333,12.5526666666667,"2014-08-11",223,"2014-12-30",364,0,93,1778.27441666667,0,73,"",0,0,0,1.521375,-0.09,6.1759082289056,13.3048333333333,5.31852807017544,7.00791856725146,-0.0870535714285714,12.7972083333333,1.57716666666667,"Chinook","PRWT",2013,NA
"2045","MAR",291,291,0,0,0,0,0,6.12984135166094,4.59056859039152,21.0733199830892,14.9901666666667,-0.0526458333333333,1.6228125,6.37845833333333,9.7758125,13.3461458333333,"2014-07-14",195,"2014-11-13",317,0,118,1785.17279166667,0,66,"",0,0,0,1.75195833333333,-0.0565416666666667,6.22680098162072,14.933625,5.32154619883041,7.17104985380117,-0.0539880952380952,13.9387321428571,1.73108333333333,"Chinook","PRWT",2013,NA
"2046","SEC",291,291,0,0,0,0,0,5.97802018900344,5.26733154037735,27.7447815562541,16.1667083333333,-0.0491458333333333,-0.0395416666666667,5.15329166666667,10.3193333333333,14.8553333333333,"2014-07-14",195,"2014-11-30",334,0,124,1743.3115,0,79,"",0,0,0,1.42066666666667,-0.0536666666666667,6.08142591896408,16.1130416666667,5.28418143274854,6.83993406432749,-0.0497857142857143,15.1610357142857,1.44391666666667,"Chinook","PRWT",2013,NA
"2047","SFS",291,291,0,0,0,0,0,6.90300171821306,5.44208530302487,29.6162924453993,17.5221666666667,-0.0569375,1.73002083333333,6.10216666666667,11.4268541666667,15.8659583333333,"2014-07-14",195,"2014-11-17",321,0,102,2010.55183333333,0,83,"",0,0,0,1.983375,-0.0597916666666667,7.00821631161236,17.462375,5.99589371345029,8.00838128654971,-0.0586369047619048,16.3666666666667,1.85508333333333,"Chinook","PRWT",2013,NA
"2048","STH",291,291,0,0,0,0,0,7.94251675257732,4.93633062902584,24.3673600790587,16.9872916666667,0.240958333333333,3.4563125,8.41941666666667,12.0467708333333,15.3432083333333,"2014-07-14",195,"2015-01-01",1,0,78,2311.45325,0,110,"",0,0,0,2.48983333333333,-0.0519166666666667,8.03446461988304,16.935375,6.98141973684211,9.07403362573099,0.0480535714285714,16.3108035714286,1.915,"Chinook","PRWT",2013,NA
"2049","VAL",291,291,0,0,0,0,0,7.48321320160367,5.44427098608139,29.6400865698876,17.0112916666667,0.377041666666667,1.38833333333333,7.72429166666667,11.9491041666667,15.48525,"2014-08-02",214,"2014-12-30",364,0,101,2177.61504166667,0,108,"",0,0,0,1.96558333333333,0.19775,7.60306173767753,17.2090416666667,6.61648538011696,8.59168567251462,0.27714880952381,15.9909047619048,1.80575,"Chinook","PRWT",2013,NA
"2050","WFC",291,291,0,0,0,0,0,5.56991742349861,4.64835991095466,21.6072498617704,14.7545416666667,-0.0661458333333333,0.749520833333333,5.036,9.3576875,13.2699166666667,"2014-07-14",195,"2014-12-15",349,0,130,1623.4188452381,0,61,"",0,0,0,2.074125,-0.07775,5.65986117376775,14.6767916666667,4.88761578947368,6.40950091896408,-0.0669047619047619,13.7579404761905,1.40979166666667,"Chinook","PRWT",2013,NA
"2051","BIU",291,291,0,0,0,0,0,6.02476832760596,4.02597096507019,16.2084422115882,12.9026666666667,0.212958333333333,1.66154166666667,5.944875,9.86529166666667,11.6562083333333,"2015-06-30",181,"2016-01-02",2,0,97,1753.20758333333,0,70,"",0,0,0,1.56625,0.0465,6.09961516290727,12.9491666666667,5.38966286549708,6.80160263157895,0.149571428571429,12.4358869047619,1.326875,"Chinook","PRWT",2014,NA
"2052","BVC",291,291,0,0,0,0,0,7.84514203894616,6.11172333830049,37.3531621639268,19.1186666666667,0.0184791666666667,0.100854166666667,8.12595833333333,13.8080625,16.6205208333333,"2015-06-30",181,"2015-11-27",331,2,95,2282.93633333333,0.145000000000003,99,"",2,2,0,2.096625,0.0127916666666667,7.96178644527987,19.1314583333333,7.05006242690059,8.80996856725146,0.016702380952381,18.6547261904762,1.80041666666667,"Chinook","PRWT",2014,NA
"2053","CAM",291,291,0,0,0,0,0,7.69366838487973,5.90210999792508,34.8349024276072,19.0072083333333,0.14625,0.308083333333333,8.005,13.1326875,16.2636875,"2015-06-30",181,"2015-12-27",361,2,93,2238.8575,0.145000000000003,95,"",2,2,0,2.87066666666667,0.12425,7.80563199665831,19.1314583333333,6.87537792397661,8.72322704678363,0.130571428571429,18.6547261904762,1.81479166666667,"Chinook","PRWT",2014,NA
"2054","CHA",291,291,0,0,0,0,0,6.95282248244435,5.59428134324678,31.295983747399,18.2444166666667,0.0107291666666667,0.161666666666667,6.96308333333333,12.2305625,15.5259375,"2015-06-30",181,"2016-01-25",25,0,99,2023.2713423913,0,87,"",0,0,0,1.94745833333333,0.00345833333333333,7.05728436762195,18.247875,6.14074488304094,8.01424298245614,0.00608928571428571,17.2964166666667,1.97483333333333,"Chinook","PRWT",2014,NA
"2055","CHC",291,291,0,0,0,0,0,5.72706643757159,4.28593909238021,18.3692739035929,13.7297916666667,0.111375,0.369666666666667,5.84929166666667,9.90358333333333,12.1373958333333,"2015-06-30",181,"2015-11-23",327,0,101,1666.57633333333,0,69,"",0,0,0,2.44020833333333,0.08575,5.80252322472849,13.8155416666667,5.0167014619883,6.55754064327485,0.0895059523809524,13.1401904761905,1.53066666666667,"Chinook","PRWT",2014,NA
"2056","HER",291,291,0,0,0,0,0,7.51922549343555,4.79225498210217,22.965707813483,15.51975,0.522895833333333,1.7204375,8.581625,11.7249166666667,13.874125,"2015-08-14",226,"2015-12-01",335,0,90,2188.09461858974,0,108,"",0,0,0,1.944375,0.426541666666667,7.60213986890303,15.9462916666667,6.8112591205578,8.47296169590643,0.473934523809524,14.1931130952381,1.563625,"Chinook","PRWT",2014,NA
"2057","LAK",291,291,0,0,0,0,0,6.31054052119129,5.21785126779218,27.2259718528004,16.5445,0.0116041666666667,0.0224791666666667,6.0095,11.4702291666667,14.5396666666667,"2015-06-30",181,"2016-01-25",25,0,112,1836.36729166667,0,88,"",0,0,0,2.14379166666667,0.00979166666666667,6.41031781537176,16.5542916666667,5.55754429824561,7.3158581871345,0.0113630952380952,15.7436488095238,1.75616666666667,"Chinook","PRWT",2014,NA
"2058","LOO",291,291,0,0,0,0,0,6.51321411578113,4.81883194118416,23.2211412773767,14.3682916666667,-0.080375,0.1990625,7.05508333333333,10.8534791666667,13.280375,"2015-06-30",181,"2016-01-01",1,0,93,1900.84880769231,0,87,"",0,0,0,2.429875,-0.0849166666666667,6.60137012724118,14.283375,5.82207027665317,7.39244473684211,-0.0821607142857143,13.8396130952381,1.64291666666667,"Chinook","PRWT",2014,NA
"2059","MAR",291,291,0,0,0,0,0,6.64622158075601,4.76983966058755,22.7513703877139,16.0963333333333,-0.0510833333333333,1.4285,7.17841666666667,11.1627916666667,13.4481458333333,"2015-06-30",181,"2015-12-28",362,0,95,1935.91202166667,0,91,"",0,0,0,1.89916666666667,-0.052625,6.7370810075188,16.0437083333333,5.8181701754386,7.65125402339181,-0.0519345238095238,15.1712678571429,1.72166666666667,"Chinook","PRWT",2014,NA
"2060","SEC",291,291,0,0,0,0,0,7.00065378006873,5.84691720481734,34.186440799989,19.3505416666667,-0.0475625,-0.0398333333333333,6.55445833333333,12.45375,16.3773125,"2015-06-30",181,"2015-12-01",335,0,103,2043.44504166667,0,81,"",0,0,0,2.31883333333333,-0.928375,7.10714043441938,18.4221666666667,6.16105555555556,8.06573713450293,-0.438851190476191,17.614505952381,1.82604166666667,"Chinook","PRWT",2014,NA
"2061","SFS",291,291,0,0,0,0,0,7.84597079037801,6.02142938484342,36.2576118366558,19.5436666666667,-0.0488333333333333,0.666708333333333,7.95033333333333,13.6394583333333,16.6172916666667,"2015-06-30",181,"2015-12-16",350,1,93,2284.851625,0.492874999999998,89,"",1,1,0,2.693,-0.0507916666666667,7.96117548036759,19.492875,6.94460160818714,9.01436564327485,-0.0497976190476191,18.4660892857143,2.08270833333333,"Chinook","PRWT",2014,NA
"2062","STH",291,291,0,0,0,0,0,8.26929810996564,5.2221431067701,27.2707786275865,17.634875,0.0802708333333333,2.72816666666667,9.06416666666667,13.2123125,15.1224375,"2015-06-30",181,"2015-12-27",361,0,89,2406.71066666667,0,121,"",0,0,0,2.27608333333333,-0.053875,8.36339344193818,17.581,7.36279166666667,9.38518040935672,0.0755833333333333,16.7432261904762,1.95070833333333,"Chinook","PRWT",2014,NA
"2063","SUL",291,291,0,0,0,0,0,6.46221320160367,4.83783226538431,23.4046210279935,15.7545833333333,-0.0298958333333333,1.015,6.99566666666667,11.1712083333333,13.1747916666667,"2015-06-30",181,"2016-01-10",10,0,96,1881.55891666667,0,92,"",0,0,0,1.88820833333333,-0.0492916666666667,6.55675653717627,15.7052916666667,5.8185451754386,7.32167894736842,-0.0349583333333333,14.9150297619048,1.54358333333333,"Chinook","PRWT",2014,NA
"2064","VAL",291,291,0,0,0,0,0,8.3425782932417,5.91998579507795,35.0462318139247,18.9395833333333,0.333208333333333,0.848270833333333,9.14358333333333,14.0084166666667,16.89125,"2015-06-30",181,"2015-12-26",360,1,90,2427.69028333333,0.0103749999999998,99,"",1,1,0,2.67383333333333,0.0707916666666667,8.44725830409357,19.010375,7.48812616959064,9.36822760233918,0.26964880952381,18.2083511904762,1.89129166666667,"Chinook","PRWT",2014,NA
"2065","WFC",291,291,0,0,0,0,0,6.23937356815578,5.03482861434707,25.349499175848,16.2327916666667,-0.0587083333333333,0.250458333333333,6.01770833333333,10.9301666666667,13.8529791666667,"2015-06-30",181,"2016-01-26",26,0,108,1818.58204166667,0,89,"",0,0,0,2.00575,-0.071625,6.33848855472013,16.1611666666667,5.48535774853801,7.23635716374269,-0.0588571428571429,15.3203928571429,1.84441666666667,"Chinook","PRWT",2014,NA
"2066","BIU",291,291,0,0,0,0,0,5.73256457617411,3.55313320313825,12.6247555592435,11.75725,0.3205,2.39427083333333,5.65745833333333,8.80327083333333,10.9736875,"2016-07-30",212,"2017-01-07",7,0,92,1668.17629166667,0,46,"",0,0,0,1.62504166666667,0.032625,5.80402773600668,11.789875,5.0987769005848,6.47606374269006,0.148404761904762,11.5088035714286,1.17841666666667,"Chinook","PRWT",2015,NA
"2067","BVC",291,291,0,0,0,0,0,7.04994558991982,5.5824224497358,31.1634404073143,17.2044166666667,0.0262291666666667,0.861979166666667,6.55379166666667,12.3108125,15.6870833333333,"2016-07-29",211,"2016-12-05",340,0,105,2051.53416666667,0,92,"",0,0,0,1.93970833333333,0.0177083333333333,7.1613153091061,17.222125,6.15780935672515,8.12209064327485,0.0202142857142857,16.591130952381,2.035125,"Chinook","PRWT",2015,NA
"2068","CHA",291,291,0,0,0,0,0,6.58363043478261,5.18666844010298,26.9015295075603,16.475625,0.0133125,0.717854166666667,5.87141666666667,11.2813541666667,14.93475,"2016-07-29",211,"2016-11-26",331,0,103,1915.83645652174,0,85,"",0,0,0,2.26179166666667,0.00829166666666667,6.6813002442701,16.4839166666667,5.67371212814645,7.66521140350877,0.0102797619047619,15.9100357142857,1.985625,"Chinook","PRWT",2015,NA
"2069","CHC",291,291,0,0,0,0,0,5.03039175257732,3.81306550517808,14.539468546779,11.9356666666667,-0.0335,1.28089583333333,4.539875,8.1579375,10.9652291666667,"2016-07-29",211,"2016-11-18",323,0,122,1465.08541666667,0,40,"",0,0,0,1.78,-0.0514583333333333,5.10028700918964,11.8842083333333,4.36318742690059,5.77543274853801,-0.0352678571428571,11.3936547619048,1.37479166666667,"Chinook","PRWT",2015,NA
"2070","LAK",291,291,0,0,0,0,0,5.58105802081777,4.49800034144151,20.2320070716079,14.4372916666667,0.0202708333333333,0.504333333333333,5.05883333333333,9.1565625,12.951,"2016-07-30",212,"2017-01-13",13,0,118,1624.08788405797,0,65,"",0,0,0,2.11270833333333,0.0169166666666667,5.67194794322763,14.4542083333333,4.72614415204678,6.57615529494025,0.0184107142857143,14.0511488095238,1.862,"Chinook","PRWT",2015,NA
"2071","LOO",291,291,0,0,0,0,0,6.1723177720504,4.31944930412676,18.6576422909212,13.9055,-0.0806458333333333,2.353625,6.25866666666667,9.80497916666667,12.5152916666667,"2016-07-29",211,"2016-12-07",342,0,88,1800.60809666667,0,68,"",0,0,0,1.946375,-0.084,6.25211834252297,13.8215,5.46792543859649,6.99355248538012,-0.0817738095238095,13.1851607142857,1.57120833333333,"Chinook","PRWT",2015,NA
"2072","MAR",291,291,0,0,0,0,0,6.01315506872852,4.44503367197033,19.75832434495,13.7576666666667,-0.0480833333333333,1.59185416666667,6.24004166666667,10.0043958333333,12.6975833333333,"2016-07-29",211,"2016-12-17",352,0,107,1752.50895833333,0,73,"",0,0,0,1.87108333333333,-0.04925,6.11008095238095,13.7084166666667,5.24304239766082,6.91411622807018,-0.0485059523809524,13.0662976190476,1.74708333333333,"Chinook","PRWT",2015,NA
"2073","SEC",291,291,0,0,0,0,0,6.23260810423826,5.05828869962706,25.5862845687749,16.4549166666667,-0.0416458333333333,0.575458333333333,5.65770833333333,10.0997083333333,14.6049791666667,"2016-07-30",212,"2016-12-03",338,0,109,1816.44529166667,0,70,"",0,0,0,2.17379166666667,-0.0430416666666667,6.32854839181287,16.411875,5.31269049707602,7.30208260233918,-0.0427678571428571,15.9186547619048,2.035625,"Chinook","PRWT",2015,NA
"2074","SFS",291,291,0,0,0,0,0,7.14159192439863,5.40286456665096,29.1909455255725,17.2114583333333,-0.0408958333333333,2.10675,6.47154166666667,11.5496041666667,15.6609583333333,"2016-07-29",211,"2016-12-08",343,0,84,2080.51558333333,0,95,"",0,0,0,2.44545833333333,-0.0443333333333333,7.24413391812866,17.167125,6.24647923976608,8.19423830409357,-0.0430357142857143,16.6224404761905,1.93929166666667,"Chinook","PRWT",2015,NA
"2075","STH",291,291,0,0,0,0,0,7.81004839633448,5.08138055092561,25.820428303325,15.71375,-0.0485,3.17197916666667,8.12379166666667,12.620125,14.6177916666667,"2016-07-02",184,"2017-01-06",6,0,74,2273.81054166667,0,118,"",0,0,0,1.47125,-0.054875,7.90880004177109,15.658875,6.97252821637427,8.812125,-0.0229404761904762,15.3914166666667,1.790875,"Chinook","PRWT",2015,NA
"2076","SUL",291,291,0,0,0,0,0,5.91118811942826,4.38607203777982,19.237627920594,13.679125,-0.0474166666666667,1.73420833333333,5.42575,9.78575,12.5280833333333,"2016-07-29",211,"2017-01-12",12,0,105,1722.32053442029,0,71,"",0,0,0,1.60695833333333,-0.0522083333333333,6.00068512495006,13.6269166666667,5.22905643274854,6.71417675438597,-0.0497261904761905,13.262125,1.401375,"Chinook","PRWT",2015,NA
"2077","VAL",291,291,0,0,0,0,0,7.6695445303551,5.40175588241658,29.1789666132221,16.952125,0.202229166666667,1.945875,7.973375,12.519625,15.5837291666667,"2016-07-29",211,"2016-12-18",353,0,88,2231.83745833333,0,109,"",0,0,0,2.61108333333333,0.0833333333333333,7.77771263575606,17.0354583333333,6.73423304093567,8.75813157894737,0.167880952380952,16.3415416666667,2.02795833333333,"Chinook","PRWT",2015,NA
"2078","WFC",291,291,0,0,0,0,0,6.02409168185667,4.79220311373131,22.9652106832561,15.1687083333333,-0.0580625,0.5995,5.684625,10.3739375,13.4917083333333,"2016-07-30",212,"2016-12-07",342,0,113,1756.56076275362,0,80,"",0,0,0,2.00145833333333,-0.0687083333333333,6.11755827365515,15.1,5.13562687515891,7.07262718128655,-0.0622380952380952,14.4599583333333,2.05295833333333,"Chinook","PRWT",2015,NA
"2079","BIU",291,291,0,0,0,0,0,5.37879624682504,3.50757649389358,12.3030928605148,11.4169166666667,0.862395833333333,2.0195,4.67570833333333,8.70547916666667,10.8688958333333,"2017-07-31",212,"2017-12-24",358,0,115,1565.22970782609,0,60,"",0,0,0,1.35066666666667,0.208666666666667,5.43555411267299,11.6255833333333,4.76905014619883,6.03774473684211,0.505029761904762,11.4912440476191,1.157125,"Chinook","PRWT",2016,NA
"2080","BVC",291,291,0,0,0,0,0,6.23246622067832,5.73853686223756,32.9308053192593,16.054375,0.0341041666666667,0.290791666666667,4.05679166666667,12.8032083333333,15.0717083333333,"2017-07-09",190,"2017-12-31",365,0,144,1813.64767021739,0,91,"",0,0,0,3.42066666666667,0.0207083333333333,6.33021427728742,16.0750833333333,5.41646229316044,7.18481885964912,0.0300178571428571,15.4655654761905,1.56491666666667,"Chinook","PRWT",2016,NA
"2081","CHA",291,291,0,0,0,0,0,6.18230778923253,5.4056733129944,29.2213039668199,16.0479583333333,0.011625,0.510541666666667,4.89216666666667,11.837625,15.1708125,"2017-07-09",190,"2018-01-01",1,0,128,1799.05156666667,0,86,"",0,0,0,2.113125,0.00954166666666667,6.27065374269006,16.0575,5.36511274853801,7.17800365497076,0.0116011904761905,15.4368630952381,1.88775,"Chinook","PRWT",2016,NA
"2082","CHC",291,291,0,0,0,0,0,4.27789780953869,3.59196372872843,12.9022034285007,10.575625,-0.0247916666666667,0.754166666666667,3.411125,8.0636875,9.77083333333333,"2017-08-29",241,"2017-12-09",343,0,160,1245.61917924242,0,11,"",0,0,0,2.33183333333333,-0.0484583333333333,4.32766813100934,10.5271666666667,3.62788003242956,5.0206201754386,-0.0359107142857143,10.2180238095238,1.321625,"Chinook","PRWT",2016,NA
"2083","LAK",291,291,0,0,0,0,0,5.01963086587525,4.80124955423421,23.0519972820342,13.7260416666667,0.0281666666666667,0.134895833333333,3.24558333333333,10.6332291666667,12.7729166666667,"2017-07-30",211,"2018-01-23",23,0,155,1460.7125819697,0,78,"",0,0,0,1.98341666666667,0.0220833333333333,5.10392691668565,13.748125,4.38899546783626,5.81931461988304,0.0261964285714286,13.2238928571429,1.42208333333333,"Chinook","PRWT",2016,NA
"2084","LOO",291,291,0,0,0,0,0,5.57360924398626,3.95248848293413,15.622165207727,12.28,-0.0690833333333333,1.95352083333333,5.44283333333333,9.38466666666667,11.485125,"2017-08-04",216,"2017-12-10",344,0,108,1624.147415,0,72,"",0,0,0,1.7115,-0.0785416666666667,5.62636054135338,12.2014583333333,4.8679257251462,6.39859400584795,-0.0766369047619048,11.8056845238095,1.371625,"Chinook","PRWT",2016,NA
"2085","MAR",291,291,0,0,0,0,0,5.49988437471986,4.43371058126798,19.6577895184476,12.99075,-0.039625,1.3040625,4.09820833333333,10.3450416666667,12.2122708333333,"2017-07-16",197,"2017-12-11",345,0,145,1601.23368637681,0,80,"",0,0,0,3.00416666666667,-0.0460833333333333,5.5720284735026,12.9446666666667,4.66031330892449,6.45144502923977,-0.044202380952381,12.4850357142857,1.46,"Chinook","PRWT",2016,NA
"2086","SEC",291,291,7,0.0240549828178694,7,0.0240549828178694,0.0481099656357388,5.49049946889671,5.32984994461727,28.4073004321367,16.0489583333333,-0.0372666666666667,-0.0281666666666667,4.08045833333333,10.2068645833333,14.3019625,"2017-07-30",211,"2017-11-19",323,0,140,1561.87397916667,0,72,"",0,0,0,1.93866666666667,-0.0423333333333333,5.75176344284457,16.006625,NA,NA,-0.037625,15.3356845238095,1.552,"Chinook","PRWT",2016,NA
"2087","SFS",291,291,0,0,0,0,0,6.44252530504507,5.30217617680355,28.1130722098631,15.66775,-0.03375,1.64664583333333,5.16608333333333,12.4742291666667,14.8766666666667,"2017-08-04",216,"2017-12-15",349,0,115,1875.61540543478,0,83,"",0,0,0,1.61125,-0.036875,6.5229028010243,15.630875,5.63589371345029,7.39751551614544,-0.0358690476190476,15.3666369047619,1.61125,"Chinook","PRWT",2016,NA
"2088","STH",291,291,0,0,0,0,0,7.31291517107426,4.72821882598068,22.3560532663581,15.1237083333333,0.324979166666667,2.953875,6.62795833333333,12.3011666666667,14.4244583333333,"2017-07-10",191,"2017-12-24",358,0,83,2128.09639811594,0,99,"",0,0,0,2.21858333333333,-0.0380833333333333,7.38359034844357,15.085625,6.32606801754386,8.38490760233918,0.187416666666667,14.632880952381,1.97204166666667,"Chinook","PRWT",2016,NA
"2089","SUL",291,291,0,0,0,0,0,5.28886130733602,4.11583835035073,16.9401253262179,12.9438333333333,-0.0428958333333333,1.85247916666667,3.92720833333333,10.0021041666667,11.998875,"2017-07-09",190,"2017-12-05",339,0,146,1539.89522376812,0,73,"",0,0,0,2.081875,-0.0583333333333333,5.35403762725655,12.8855,4.59677021052632,6.06483057462497,-0.0485238095238095,12.3035773809524,1.38008333333333,"Chinook","PRWT",2016,NA
"2090","VAL",291,291,0,0,0,0,0,6.93197906519249,5.27612868332734,27.8375338830295,15.0074583333333,0.253125,1.5111875,6.14491666666667,12.5956041666667,14.3000625,"2017-08-04",216,"2017-12-24",358,0,106,2017.20590797101,0,104,"",0,0,0,2.46233333333333,0.0632083333333333,7.02505414659838,15.0706666666667,6.02467233918129,7.9625580345792,0.177178571428571,14.7441904761905,1.66429166666667,"Chinook","PRWT",2016,NA
"2091","WFC",291,291,0,0,0,0,0,5.48840498281787,4.95407131848498,24.5428226286355,14.3655,-0.0560416666666667,0.465041666666667,3.82570833333333,10.8060416666667,13.5280625,"2017-07-09",190,"2017-11-05",309,0,148,1599.12955833333,0,84,"",0,0,0,1.74958333333333,-0.0733333333333333,5.57376768588137,14.2921666666667,4.80291915204678,6.34290321637427,-0.0615357142857143,13.7762321428571,1.46575,"Chinook","PRWT",2016,NA
"2092","BIU",291,291,0,0,0,0,0,5.67875412943872,3.85598164853114,14.868594473809,12.1897083333333,0.282583333333333,1.62989583333333,5.41966666666667,9.1858125,11.6901458333333,"2018-07-14",195,"2019-01-01",1,0,99,1652.51745166667,0,57,"",0,0,0,1.69733333333333,0.042875,5.75854899498747,12.2325833333333,5.09086476608187,6.40341852046784,0.196202380952381,11.9489702380952,1.13354166666667,"Chinook","PRWT",2017,NA
"2093","BVC",291,291,0,0,0,0,0,7.12794016609393,5.97900670490171,35.7485211772597,17.6579583333333,0.0397083333333333,0.117333333333333,6.970125,12.6319791666667,16.5197708333333,"2018-07-25",206,"2018-11-25",329,0,113,2074.23058833333,0,73,"",0,0,0,2.03775,0.0266666666666667,7.24343324644946,17.684625,6.4093033625731,8.02582985964912,0.0352440476190476,16.9648571428571,1.661625,"Chinook","PRWT",2017,NA
"2094","CHA",291,291,0,0,0,0,0,6.52529675133224,5.44401162205197,29.6372625410369,16.3392083333333,0.0679583333333333,0.0898125,5.72233333333333,11.338125,15.6710416666667,"2018-08-10",222,"2018-12-04",338,0,108,1898.86135463768,0,86,"",0,0,0,2.541625,0.0648333333333333,6.62329502044968,16.4040416666667,5.76717894736842,7.37964214035088,0.0668392857142857,15.884,1.672375,"Chinook","PRWT",2017,NA
"2095","CHC",291,291,0,0,0,0,0,4.88540731062304,4.0422530255221,16.3398095223426,12.2315833333333,-0.0445,-0.024125,4.72358333333333,8.51527083333333,11.3491458333333,"2018-08-10",222,"2018-11-21",325,0,132,1425.80819405797,0,45,"",0,0,0,2.00558333333333,-0.366416666666667,4.95675009610984,11.8651666666667,4.30243719806763,5.54469845614035,-0.144470238095238,11.4981011904762,1.24820833333333,"Chinook","PRWT",2017,NA
"2096","LAK",291,291,0,0,0,0,0,5.37698417525773,4.87955317848432,23.8100392216565,14.6405833333333,0.0294791666666667,0.0792083333333333,4.261875,9.65822916666667,13.7676041666667,"2018-08-01",213,"2019-01-29",29,0,142,1564.702395,0,66,"",0,0,0,2.21858333333333,0.0275833333333333,5.4700436374269,14.6681666666667,4.68275204678363,6.19068764327485,0.0285476190476191,13.9309166666667,1.56079166666667,"Chinook","PRWT",2017,NA
"2097","LOO",291,291,0,0,0,0,0,5.83573919243986,4.47354814073435,20.0126329674677,13.478875,-0.0801458333333333,-0.0328958333333333,6.0845,9.62875,12.547625,"2018-08-10",222,"2018-12-23",357,0,94,1703.97343833333,0,67,"",0,0,0,1.57795833333333,-0.0945,5.91342557727653,13.384375,5.2688317251462,6.53094167251462,-0.0857142857142857,12.8349523809524,1.17233333333333,"Chinook","PRWT",2017,NA
"2098","MAR",291,291,0,0,0,0,0,6.04045292668958,4.59642770513559,21.1271476485381,14.03675,-0.0403333333333333,1.186375,6.270875,9.918125,13.2128333333333,"2018-07-17",198,"2018-12-13",347,0,113,1759.06209333333,0,70,"",0,0,0,2.08383333333333,-0.0431666666666667,6.13456239933166,13.9935833333333,5.28578523391813,6.99850208187135,-0.0415357142857143,13.6784047619048,1.53716666666667,"Chinook","PRWT",2017,NA
"2099","SEC",291,291,0,0,0,0,0,6.1280743069874,5.51426388945256,30.4071062425205,16.867375,-0.0368541666666667,-0.0329791666666667,5.320375,11.0632916666667,15.6438333333333,"2018-08-10",222,"2018-11-14",318,0,126,1787.01654,0,77,"",0,0,0,2.27095833333333,-0.299916666666667,6.23271281787803,16.5674583333333,5.36895307017544,7.02860686549708,-0.153488095238095,15.8632916666667,1.73791666666667,"Chinook","PRWT",2017,NA
"2100","SFS",291,291,0,0,0,0,0,7.06914640893471,5.70937840040325,32.5970017189912,17.54175,-0.0262083333333333,0.564708333333333,6.31595833333333,12.2960833333333,16.4477083333333,"2018-07-25",206,"2018-12-05",339,0,96,2057.86173,0,73,"",0,0,0,2.0825,-0.0316666666666667,7.17779882289056,17.5100833333333,6.29420248538012,8.08004752046784,-0.0284166666666667,16.6345773809524,1.635125,"Chinook","PRWT",2017,NA
"2101","STH",291,291,0,0,0,0,0,7.55723636311569,4.96451134903262,24.6463729346737,15.890125,0.0892291666666667,2.32164583333333,7.94958333333333,11.8352916666667,14.7732708333333,"2018-07-14",195,"2018-12-06",340,0,87,2199.43165666667,0,103,"",0,0,0,1.80345833333333,-0.0407083333333333,7.65531738345865,15.8494166666667,6.69730511695907,8.59937288304094,0.0578214285714286,15.5113869047619,1.86954166666667,"Chinook","PRWT",2017,NA
"2102","SUL",291,291,0,0,0,0,0,5.78148868270332,4.50769573295285,20.3193208208813,13.5780416666667,-0.0127083333333333,0.987645833333333,5.3845,9.89922916666667,12.6934375,"2018-07-25",206,"2019-01-30",30,0,117,1682.82274833333,0,71,"",0,0,0,1.65104166666667,-0.027,5.87562173600668,13.5510416666667,5.16835321637427,6.57536359064328,-0.0148869047619048,13.1788154761905,1.34608333333333,"Chinook","PRWT",2017,NA
"2103","VAL",291,291,0,0,0,0,0,7.51162580756014,5.52791688580096,30.5578650963234,16.9105833333333,0.400041666666667,0.814395833333333,8.02325,12.2888541666667,16.0397916666667,"2018-08-10",222,"2018-12-06",340,0,95,2185.88311,0,93,"",0,0,0,3.00116666666667,0.139583333333333,7.62576569507101,17.0501666666667,6.73062178362573,8.48609039181287,0.297482142857143,16.3989285714286,1.75720833333333,"Chinook","PRWT",2017,NA
"2104","WFC",291,291,0,0,0,0,0,5.87793652920962,4.95040128450389,24.5064728776178,14.754625,-0.0528125,0.1085,5.586375,10.1536875,13.9485833333333,"2018-08-10",222,"2018-12-04",338,0,124,1712.34594666667,0,79,"",0,0,0,2.54283333333333,-0.0618333333333333,5.97408013868003,14.6927916666667,5.20198274853801,6.69723456725146,-0.0473452380952381,14.1288333333333,1.41516666666667,"Chinook","PRWT",2017,NA
"2105","BIU",291,291,44,0.151202749140893,44,0.151202749140893,0.302405498281787,4.72207304099409,3.40929771504531,11.6233109098132,13.1102196969697,0.578958333333333,1.72475,4.04095833333333,7.0761875,10.8599708333333,"2019-07-31",212,"2019-12-17",351,0,122,1166.35204112554,0,38,"",0,0,0,1.445375,0.00541666666666667,4.8889214040137,13.1156363636364,NA,NA,0.546994047619048,13.1156363636364,1.16266666666667,"Chinook","PRWT",2018,NA
"2106","BVC",291,291,0,0,0,0,0,6.52925075949998,5.96641483869122,35.5981060273547,17.1312083333333,0.0395307971014493,0.16875,4.812375,12.5923541666667,15.8054375,"2019-07-14",195,"2019-12-15",349,0,136,1900.01197101449,0,91,"",0,0,0,2.27529166666667,0.0309166666666667,6.64569022828811,17.162125,5.6931814200356,7.51551549707602,0.03875,16.3213214285714,1.47195833333333,"Chinook","PRWT",2018,NA
"2107","CAM",291,291,0,0,0,0,0,6.36722637457045,5.22441075141778,27.2944676995297,14.9853333333333,0.147229166666667,0.290875,6.26233333333333,11.2704583333333,14.1785,"2019-08-05",217,"2020-01-14",14,0,113,1852.862875,0,90,"",0,0,0,1.75275,0.103291666666667,6.44533187134503,15.088625,5.59682470760234,7.23614459064328,0.131029761904762,14.4292857142857,1.5735,"Chinook","PRWT",2018,NA
"2108","CHA",291,291,0,0,0,0,0,6.26608877434135,5.52153716229211,30.4873726345728,16.519625,0.0722916666666667,0.0920833333333333,4.85220833333333,11.559125,15.0187291666667,"2019-08-05",217,"2019-11-22",326,0,124,1823.43183333333,0,87,"",0,0,0,1.78925,0.07,6.35867188805347,16.589625,5.46197763157895,7.24958377192982,0.0708333333333333,15.7497321428571,1.6365,"Chinook","PRWT",2018,NA
"2109","CHC",291,291,0,0,0,0,0,4.46663044100802,3.92390635281109,15.3970410656312,11.4807916666667,-0.0156041666666667,0.108229166666667,3.44033333333333,8.09870833333334,10.6394791666667,"2019-08-05",217,"2019-11-23",327,0,163,1300.280625,0,36,"",0,0,0,1.546125,-0.0444166666666667,4.52560125313283,11.436375,3.77170877192983,5.20677119883041,-0.0188809523809524,11.0846845238095,1.24583333333333,"Chinook","PRWT",2018,NA
"2110","HER",291,291,0,0,0,0,0,6.37345830956359,4.68532292759639,21.9522509358604,14.2895340909091,-0.0652708333333333,0.96975,6.85970833333333,10.3846666666667,12.9244166666667,"2019-08-03",215,"2019-10-30",303,0,100,1859.700875,0,77,"",0,0,0,2.06925,-0.652409090909091,6.42300056052516,13.637125,5.4132387317107,7.38623830409357,-0.0853511904761905,12.923869047619,1.79991666666667,"Chinook","PRWT",2018,NA
"2111","LAK",291,291,0,0,0,0,0,4.94171978808706,4.8207782225451,23.2399026709651,14.6887916666667,0.0304583333333333,0.0617916666666667,3.2275,9.2900625,13.0733125,"2019-08-05",217,"2020-01-10",10,0,162,1438.04045833333,0,65,"",0,0,0,1.88516666666667,0.0285416666666667,5.01918575605681,14.7173333333333,4.27796842105263,5.76161330409357,0.0296488095238095,13.8917142857143,1.27458333333333,"Chinook","PRWT",2018,NA
"2112","MAR",291,291,0,0,0,0,0,5.53226990263459,4.4588448935595,19.8812977848216,13.6539166666667,-0.0367916666666667,1.3368125,4.45,9.9971875,12.3723958333333,"2019-07-14",195,"2019-12-01",335,0,140,1610.748,0,73,"",0,0,0,1.77154166666667,-0.03875,5.60344985380117,13.6151666666667,4.64242675438597,6.50453552631579,-0.0375714285714286,12.8272916666667,1.51666666666667,"Chinook","PRWT",2018,NA
"2113","SEC",291,122,0,0,0,0,0,8.53861636416862,4.49743945422331,20.2269616444044,14.7914583333333,2.40530625,4.61602083333333,8.48402083333333,12.8530416666667,15.719025,"2019-08-05",217,"2019-04-20",110,0,21,1041.71119642857,0,45,"",0,0,0,2.16554166666667,1.61,8.57501789379545,16.4014583333333,7.42573373357964,9.56261135057471,2.28719642857143,15.9269047619048,1.97104166666667,"Chinook","PRWT",2018,NA
"2114","SFS",291,291,0,0,0,0,0,6.48531815578465,5.62701159293583,31.6632594670342,17.3445833333333,-0.019125,0.776458333333333,5.01308333333333,11.6166041666667,15.6617708333333,"2019-08-05",217,"2019-10-30",303,0,117,1887.63925,0,83,"",0,0,0,2.16754166666667,-0.025375,6.57428878446115,17.3192083333333,5.57037880116959,7.54643157894737,-0.0209642857142857,16.5875178571429,1.72508333333333,"Chinook","PRWT",2018,NA
"2115","STH",291,291,0,0,0,0,0,7.24122673198225,4.90569892766189,24.0658819688631,15.3110931372549,0.298083333333333,2.24116666666667,7.48079166666667,12.0767708333333,14.5715833333333,"2019-07-14",195,"2019-10-19",292,0,100,2107.37915547742,0,97,"",0,0,0,11.801358974359,-0.0761764705882353,7.30853848105991,15.2349166666667,5.71031219841664,8.82617075371421,0.196589285714286,14.8201190476191,2.22095833333333,"Chinook","PRWT",2018,NA
"2116","SUL",291,114,0,0,0,0,0,7.49719005847953,3.63217331466596,13.1926829877715,10.8713333333333,2.50753958333333,4.00095833333333,7.3471875,10.9198541666667,12.6584729166667,"2019-07-14",195,"2019-04-20",110,0,29,854.679666666667,0,40,"",0,0,0,1.79441666666667,2.28379166666667,7.49649619708995,13.155125,6.46255594135802,8.30053279320988,2.49964880952381,12.5202083333333,1.62570833333333,"Chinook","PRWT",2018,NA
"2117","VAL",291,291,0,0,0,0,0,7.05581400343643,5.54321471346553,30.7272293595808,16.2277083333333,0.480375,0.7878125,6.32120833333333,12.0234375,15.3998125,"2019-07-31",212,"2019-12-17",351,0,115,2053.241875,0,101,"",0,0,0,2.80029166666667,0.094875,7.15126739766082,16.3225833333333,6.09352719298246,8.04359459064328,0.370166666666667,16.0809702380952,1.83104166666667,"Chinook","PRWT",2018,NA
"2118","WFC",291,291,0,0,0,0,0,5.54321907216495,4.91445807615059,24.1518981822418,14.5546666666667,-0.0436875,0.2560625,4.44741666666667,10.497875,13.0585416666667,"2019-08-05",217,"2020-01-10",10,0,136,1614.70445833333,0,78,"",0,0,0,1.70133333333333,-0.057875,5.62829287802841,14.4967916666667,4.77830423976608,6.48971447368421,-0.0463988095238095,13.7031547619048,1.59166666666667,"Chinook","PRWT",2018,NA
"2119","BIU",291,291,0,0,0,0,0,5.33229180985109,3.52859289455602,12.4509678155112,11.731,0.494854166666667,2.0268125,4.8755,8.2144375,11.035,"2020-08-06",219,"2020-12-29",364,0,121,1551.70508333333,0,45,"",0,0,0,1.77608333333333,-0.00816666666666667,5.40428709273183,11.7228333333333,4.66022558479532,6.08052543859649,0.50425,11.5155,1.246,"Chinook","PRWT",2019,NA
"2120","BVC",291,291,0,0,0,0,0,6.9053038373425,5.86561712305128,34.4054642342324,17.8921666666667,0.0484791666666667,0.0780833333333333,5.97758333333333,11.6745,16.1513125,"2020-08-06",219,"2020-11-13",318,0,115,2009.44341666667,0,82,"",0,0,0,2.40583333333333,0.03375,7.00594390142022,17.9259166666667,5.95642134502924,7.97492894736842,0.0486130952380952,17.3683035714286,1.835,"Chinook","PRWT",2019,NA
"2121","CAM",291,291,0,0,0,0,0,6.16719043528064,4.91250220326773,24.1326778971103,15.3575,0.0218333333333333,0.079375,6.61725,9.81791666666667,13.7666875,"2020-08-18",231,"2020-12-04",339,0,106,1794.65241666667,0,70,"",0,0,0,2.92454166666667,0.00816666666666667,6.26135121136174,15.3656666666667,5.3365350877193,7.09676330409357,0.0182380952380952,14.6537678571429,1.63341666666667,"Chinook","PRWT",2019,NA
"2122","CHA",291,291,0,0,0,0,0,6.0931540924711,5.19795630757929,27.0187497755033,16.2979166666667,0.0739583333333334,0.0958333333333333,5.44708333333333,10.246875,14.8075,"2020-08-18",231,"2020-11-14",319,0,121,1773.10784090909,0,69,"",0,0,0,2.15,0.07125,6.18743645097593,16.3691666666667,5.21141228070175,7.11378468899522,0.072202380952381,16.0292261904762,1.845,"Chinook","PRWT",2019,NA
"2123","CHC",291,291,0,0,0,0,0,4.7195598510882,3.82915795528068,14.6624506464893,11.998125,-0.0296041666666667,0.0101458333333333,4.6125,7.948375,10.6674583333333,"2020-08-18",231,"2020-11-12",317,0,129,1375.11533333333,0,29,"",0,0,0,1.98170833333333,-0.0399583333333333,4.78640781119465,11.9581666666667,4.00258801169591,5.48992178362573,-0.0303214285714286,11.2892440476191,1.36233333333333,"Chinook","PRWT",2019,NA
"2124","HER",291,291,0,0,0,0,0,7.16854307247735,5.10195769298783,26.0299723010377,15.7476742424242,-0.0663958333333333,0.929729166666667,8.11204166666667,11.33575,14.1775625,"2020-08-18",231,"2020-11-21",326,0,92,2089.78541666667,0,103,"",0,0,0,3.000625,-0.452590909090909,7.26691446798815,15.2950833333333,6.08913358585859,8.29410043859649,-0.0489821428571429,14.7055952380952,1.93120833333333,"Chinook","PRWT",2019,NA
"2125","LAK",291,291,0,0,0,0,0,4.92191509163803,4.55722684166741,20.7683164864139,14.3002083333333,0.0358333333333333,0.0474166666666667,3.98175,8.49270833333333,12.6504166666667,"2020-08-18",231,"2021-01-14",14,0,146,1432.27729166667,0,62,"",0,0,0,2.03320833333333,0.032875,5.00663224728488,14.3330833333333,4.15151783625731,5.82007543859649,0.0351666666666667,13.7453273809524,1.350875,"Chinook","PRWT",2019,NA
"2126","MAR",291,291,0,0,0,0,0,5.77064209497485,4.42141946549926,19.5489500898957,13.9050833333333,-0.0340625,1.29510416666667,5.67325,9.72685416666667,12.6134791666667,"2020-08-06",219,"2021-01-11",11,0,119,1680.65630797101,0,69,"",0,0,0,2.48895833333333,-0.03625,5.8477719870328,13.8688333333333,4.83938274853801,6.84388557081109,-0.0339880952380952,13.3205952380952,1.8805,"Chinook","PRWT",2019,NA
"2127","SFS",291,291,0,0,0,0,0,6.64724241122566,5.55289659434894,30.834660587532,17.9665,-0.0150833333333333,0.547375,5.72733333333333,11.0179791666667,15.9402708333333,"2020-08-18",231,"2020-12-25",360,0,105,1935.00341666667,0,72,"",0,0,0,2.315875,-0.0172083333333333,6.74295102339181,17.9492916666667,5.69967909356725,7.73443187134503,-0.0159761904761905,16.9757619047619,1.69820833333333,"Chinook","PRWT",2019,NA
"2128","STH",291,291,0,0,0,0,0,7.96996229891927,5.1076939228593,26.0885372096138,15.983,0.183645833333333,2.627625,8.470375,12.39075,15.0886666666667,"2020-07-31",213,"2020-12-29",364,0,82,2319.31477898551,0,117,"",0,0,0,2.428875,-0.0286666666666667,8.06048514401947,15.9543333333333,6.90174546783626,9.17735419527079,0.277464285714286,15.502005952381,2.09091666666667,"Chinook","PRWT",2019,NA
"2129","VAL",291,291,0,0,0,0,0,7.69779739404353,5.61991759320234,31.5834737543852,17.918875,0.589625,0.971916666666667,7.82245833333333,12.1635,16.3910416666667,"2020-07-31",213,"2021-01-26",26,0,96,2240.05904166667,0,90,"",0,0,0,2.39933333333333,0.191333333333333,7.80147401837928,18.1102083333333,6.72183947368421,8.80066739766082,0.520196428571429,17.3958571428571,1.97670833333333,"Chinook","PRWT",2019,NA
"2130","WFC",291,291,0,0,0,0,0,5.37216165521191,4.56491364770552,20.8384366110081,14.4395833333333,-0.0435208333333333,0.2224375,5.019,9.01802083333333,12.502,"2020-08-18",231,"2020-12-23",358,0,127,1564.77033333333,0,68,"",0,0,0,1.79541666666667,-0.05475,5.46400142021721,14.3848333333333,4.5964980994152,6.32804356725146,-0.0383392857142857,13.7998273809524,1.561875,"Chinook","PRWT",2019,NA
"2131","BIU",291,291,0,0,0,0,0,6.22050089023358,3.82897779216142,14.6610709328653,12.70375,0.608375,3.08735416666667,5.373625,10.1410625,11.9476041666667,"2021-07-07",188,"2022-01-01",1,0,100,1810.16575905797,0,76,"",0,0,0,1.27095833333333,0.0055,6.31102334005303,12.70925,5.5735108949911,7.01880248538012,0.397976190476191,12.3261428571429,1.33920833333333,"Chinook","PRWT",2020,NA
"2132","BVC",291,291,0,0,0,0,0,7.74109179423097,6.38954396138584,40.8262720344823,19.351125,0.0426458333333333,0.635916666666667,6.81941666666667,13.290125,17.5857708333333,"2021-07-05",186,"2021-11-23",327,1,105,2252.65771212121,0.390291666666666,62,"",1,1,0,3.20158333333333,0.0391666666666667,7.85730820042531,19.3902916666667,6.82012997076023,8.85584415204678,0.040327380952381,18.3740833333333,1.87533333333333,"Chinook","PRWT",2020,NA
"2133","CAM",291,291,0,0,0,0,0,7.28575828424153,5.67458645910854,32.2009314818979,16.8620833333333,0.054625,0.772458333333333,6.87491666666667,12.2392916666667,16.0017708333333,"2021-07-05",186,"2022-01-01",1,0,93,2120.15566071429,0,90,"",0,0,0,2.29858333333334,0.031,7.39228838763576,16.8930833333333,6.43438801169591,8.32366710526316,0.0416130952380952,16.1538095238095,1.80004166666667,"Chinook","PRWT",2020,NA
"2134","CHA",291,291,0,0,0,0,0,7.07951286886155,5.85140418943175,34.2389309880994,17.5326666666667,-0.00325,1.21983333333333,5.71441666666667,12.3671458333333,16.535,"2021-07-07",188,"2022-01-01",1,0,111,2060.26607817204,0,78,"",0,0,0,2.20875,-0.01225,7.19101744220767,17.5204166666667,6.2119884502924,8.15225665440483,-0.00386904761904762,17.1676190476191,1.86920833333333,"Chinook","PRWT",2020,NA
"2135","HER",291,291,0,0,0,0,0,8.16722619918368,5.58539983660155,31.1966913347087,17.758125,-0.0689867424242424,2.74258333333333,8.72133333333333,13.3217708333333,15.6298333333333,"2021-07-30",211,"2021-12-09",343,0,81,2380.33443675889,0,115,"",0,0,0,2.464,-0.564666666666667,8.28787707292771,17.1934583333333,7.06226982935765,9.48015591151793,-0.129320393374741,16.03458436853,2.18341666666667,"Chinook","PRWT",2020,NA
"2136","LAK",291,291,0,0,0,0,0,6.0205856367349,5.36177531559568,28.7486345349312,15.8987916666667,0.0365833333333333,0.390458333333333,4.685125,10.6556041666667,14.9039583333333,"2021-07-04",185,"2022-01-22",22,0,138,1751.99042028986,0,83,"",0,0,0,1.819375,0.034625,6.12137330009807,15.9334166666667,5.23255779938978,6.99085568268497,0.0354583333333333,15.4876130952381,1.86133333333333,"Chinook","PRWT",2020,NA
"2137","MAR",291,291,0,0,0,0,0,6.45368811942826,4.72513934802768,22.3269418582794,15.0035833333333,-0.0296875,2.14395833333333,6.085625,10.7021875,13.6119166666667,"2021-07-05",186,"2022-01-09",9,0,110,1878.72157608696,0,84,"",0,0,0,2.62,-0.0328333333333333,6.55301964875958,14.97075,5.54382375413171,7.52650160818713,-0.0317440476190476,14.2009285714286,1.94570833333333,"Chinook","PRWT",2020,NA
"2138","STH",291,15,0,0,0,0,0,6.74923055555556,0.650394683261287,0.42301324401455,2.58766666666667,5.9441875,6.31845833333333,6.75220833333333,7.01920833333333,7.6798375,"2021-04-28",118,"2021-04-15",105,0,0,101.238458333333,0,0,"",0,0,0,1.3705,5.78420833333333,6.74184788359788,8.371875,6.11873148148148,7.51344444444445,6.57527380952381,6.91641071428571,1.176625,"Chinook","PRWT",2020,NA
"2139","VAL",291,291,0,0,0,0,0,8.63078603040717,5.98037090509334,35.7648361624869,18.6272083333333,0.641875,2.83347916666667,8.58208333333333,13.8455,17.7141041666667,"2021-07-05",186,"2022-01-01",1,0,83,2511.55873484849,0,75,"",0,0,0,2.943875,0.320916666666667,8.75667254499886,18.948125,7.64134005847953,9.8307817251462,0.53689880952381,17.9969523809524,2.26695833333334,"Chinook","PRWT",2020,NA
"2140","WFC",291,291,0,0,0,0,0,6.21857823566649,5.22052004591401,27.25382954979,15.7257916666667,-0.04225,0.990958333333333,5.03066666666667,10.944625,14.6570833333333,"2021-07-05",186,"2021-12-15",349,0,128,1811.29393324561,0,87,"",0,0,0,1.97120833333333,-0.048625,6.3246231367014,15.6771666666667,5.42444488304094,7.23837602339181,-0.0423154761904762,15.2253988095238,1.65991666666667,"Chinook","PRWT",2020,NA
"2141","BIU",291,291,0,0,0,0,0,5.67882903780069,3.9664848502329,15.7330020671271,12.758125,0.502104166666667,1.7786875,5.15854166666667,9.03020833333333,12.0575833333333,"2022-08-13",225,"2022-12-22",356,0,115,1652.53925,0,59,"",0,0,0,1.52579166666667,0.03975,5.76761276106934,12.797875,5.07181754385965,6.48314707602339,0.475970238095238,12.3485535714286,1.31216666666667,"Chinook","PRWT",2021,NA
"2142","CAM",291,291,0,0,0,0,0,6.47168127147766,5.21963604329829,27.2446004244986,15.2665,0.094125,0.171145833333333,6.42408333333333,10.9483541666667,14.2776666666667,"2022-07-28",209,"2022-12-03",337,0,103,1883.25925,0,87,"",0,0,0,2.29570833333333,0.07375,6.57839413116124,15.34025,5.79917002923977,7.40926710526316,0.096327380952381,14.580130952381,1.50558333333333,"Chinook","PRWT",2021,NA
"2143","CHA",291,291,0,0,0,0,0,6.55409454753723,5.79527580641764,33.5852216724496,17.092,0.0114375,0.047625,5.52566666666667,11.7135208333333,15.8033958333333,"2022-07-28",209,"2022-11-09",313,0,113,1907.24151333333,0,76,"",0,0,0,2.37675,0.00125,6.66874269507101,17.09325,5.84816023391813,7.46106652046784,0.00896428571428572,16.6214226190476,1.50716666666667,"Chinook","PRWT",2021,NA
"2144","HER",291,291,0,0,0,0,0,6.81157373997709,4.85321714785325,23.5537166842168,14.2960833333333,-0.00302083333333333,1.20308333333333,7.58454166666667,10.7553333333333,13.3565208333333,"2022-08-21",233,"2022-11-11",315,0,93,1983.22908333333,0,94,"",0,0,0,2.87795833333333,-0.347375,6.89709400584795,13.9487083333333,5.96780789473684,7.85742719298246,-0.0619107142857143,13.4990833333333,1.49041666666667,"Chinook","PRWT",2021,NA
"2145","LAK",291,291,0,0,0,0,0,5.14341523482245,5.00554685367824,25.0554993043682,14.3329583333333,0.0519791666666667,0.073125,3.70083333333333,9.52060416666667,13.46675,"2022-07-28",209,"2023-01-02",2,0,151,1496.73383333333,0,70,"",0,0,0,1.790375,0.0426666666666667,5.24612844611529,14.375625,4.58682397660819,5.90064488304094,0.0459761904761905,13.966880952381,1.39725,"Chinook","PRWT",2021,NA
"2146","LOO",291,291,0,0,0,0,0,5.75750114547537,4.57247472310012,20.9075250933895,13.1100416666667,-0.0125,0.028,5.80483333333333,9.51283333333333,12.5627916666667,"2022-08-12",224,"2023-01-02",2,0,103,1675.97258333333,0,68,"",0,0,0,1.845625,-0.02825,5.85145726817043,13.0817916666667,5.2267365497076,6.50751140350877,-0.0157142857142857,12.7841369047619,1.10991666666667,"Chinook","PRWT",2021,NA
"2147","VAL",291,291,0,0,0,0,0,7.61003376548995,5.74965389408698,33.0585199017896,17.27425,0.5225,0.851479166666667,7.35016666666667,12.6461041666667,16.1362083333333,"2022-07-28",209,"2023-01-02",2,0,100,2214.51982575758,0,86,"",0,0,0,2.31779166666667,0.152333333333333,7.72262438862307,17.4265833333333,6.78484017809676,8.6188514354067,0.435488095238095,16.9622619047619,1.69508333333333,"Chinook","PRWT",2021,NA
"2148","WFC",291,291,0,0,0,0,0,5.70210963917526,5.10123364123906,26.0225846625092,14.81125,-0.0257916666666667,0.176208333333333,4.65583333333333,10.4835833333333,13.813875,"2022-07-28",209,"2023-01-02",2,0,131,1660.44144666667,0,75,"",0,0,0,1.73454166666667,-0.0484166666666667,5.80626758646617,14.7628333333333,5.10938479532164,6.4950317251462,-0.0285178571428571,14.45375,1.30045833333334,"Chinook","PRWT",2021,NA
"2149","BIU",291,99,0,0,0,0,0,6.54937988215488,2.89697430066324,8.39246009870325,10.4723333333333,2.53090416666667,4.37529166666667,5.78525,8.5421875,11.6276625,"2023-07-21",202,"2023-04-18",108,0,22,648.388608333333,0,19,"",0,0,0,1.100125,1.68616666666667,6.52061786994368,12.1585,5.82739184587814,7.19113978494624,2.28754166666667,11.849880952381,1.24529166666667,"Chinook","PRWT",2022,NA
"2150","BVC",291,291,0,0,0,0,0,6.97075848885364,5.92781403831422,35.1389792728351,17.590875,0.0581666666666667,0.425354166666667,7.24491666666667,12.4283541666667,16.236625,"2023-08-18",230,"2023-12-14",348,0,127,2028.49072025641,0,83,"",0,0,0,1.66008333333333,0.05475,7.11159168761648,17.645625,6.23834630004498,7.97311843274854,0.0583095238095238,16.9291428571429,1.69983333333333,"Chinook","PRWT",2022,NA
"2151","CAM",291,94,0,0,0,0,0,8.12862225177305,2.95183201173329,8.71331222549341,12.338375,3.58207916666667,5.99477083333333,7.9093125,9.52192708333333,13.1538791666667,"2023-07-16",197,"2023-04-19",109,0,7,764.090491666667,0,21,"",0,0,0,1.23058333333333,2.02358333333333,8.12506715367965,14.3619583333333,7.32079725378788,8.92347017045455,2.8966369047619,13.6132857142857,1.59620833333333,"Chinook","PRWT",2022,NA
"2152","CHA",291,291,0,0,0,0,0,6.85932281214204,5.62378721881768,31.6269826825371,17.0883333333333,0.0327708333333333,0.591458333333334,6.880375,12.0395625,15.6978958333333,"2023-08-15",227,"2023-12-24",358,0,109,1996.06293833333,0,87,"",0,0,0,1.52158333333333,0.0192916666666667,6.96612603675856,17.107625,6.14480584795322,7.79915665497076,0.030577380952381,16.0963273809524,1.617875,"Chinook","PRWT",2022,NA
"2153","LAK",291,51,0,0,0,0,0,2.82328513071895,1.85435569263762,3.43863503481754,5.93045833333333,0.421625,1.47170833333333,2.24129166666667,4.62879166666667,6.00258333333333,"2023-06-01",152,"2023-04-19",109,0,35,143.987541666667,0,0,"",0,0,0,0.742041666666667,0.232333333333333,2.77815238095238,6.16279166666667,2.22149907407407,3.3440287037037,0.436559523809524,5.88192857142857,1.08970833333333,"Chinook","PRWT",2022,NA
"2154","VAL",291,291,0,0,0,0,0,7.925069382765,5.59299795051704,31.2816260744878,18.005125,0.615270833333333,2.00775,8.41516666666667,13.125125,16.4372083333333,"2023-08-18",230,"2024-01-13",13,0,95,2306.19519038462,0,91,"",0,0,0,1.70225,0.193708333333333,8.03379891363023,18.1988333333333,7.11670034862798,8.96605038011696,0.451642857142857,17.2916369047619,1.741875,"Chinook","PRWT",2022,NA
"2155","WFC",291,291,0,0,0,0,0,5.90564548682703,4.88227356301268,23.8365951440925,14.8379166666667,-0.0303333333333333,0.542875,6.10616666666667,10.4685625,13.4460208333333,"2023-08-15",227,"2023-11-24",328,0,125,1719.44521166667,0,80,"",0,0,0,1.244875,-0.04225,6.00264602255639,14.7956666666667,5.2921052748538,6.76781476608187,-0.0282321428571429,13.9,1.42304166666667,"Chinook","PRWT",2022,NA
"2156","BVC",291,291,0,0,0,0,0,7.2653353207331,5.99942152952516,35.99305868893,17.9089166666667,0.126645833333333,0.321,7.57645833333333,12.8017708333333,17.1004583333333,"2024-07-23",205,"2024-12-10",345,0,115,2114.21257833333,0,81,"",0,0,0,2.22791666666667,0.112,7.38440543358396,18.0209166666667,6.50834925146199,8.24941504093567,0.121684523809524,17.7010952380952,1.70445833333333,"Chinook","PRWT",2023,NA
"2157","CHA",291,291,0,0,0,0,0,6.818373960072,5.76021880170923,33.1801206435645,18.074875,-0.0713333333333333,0.424666666666667,6.57904166666667,11.8884166666667,16.5272708333333,"2024-07-25",207,"2025-01-24",24,0,112,1987.44682238095,0,81,"",0,0,0,2.49625,-0.132583333333333,6.93434618128655,17.9422916666667,5.90717470760234,7.96473594736842,-0.078327380952381,17.477369047619,2.02466666666667,"Chinook","PRWT",2023,NA
"2158","VAL",291,291,0,0,0,0,0,7.99198092783505,5.68220293113878,32.2874301506422,18.0367916666667,0.59125,1.71275,8.72545833333333,12.6794166666667,17.080125,"2024-07-23",205,"2025-01-26",26,0,98,2325.66645,0,94,"",0,0,0,2.22195833333333,0.365416666666667,8.11760836675021,18.4022083333333,7.05893143274854,9.13751649122807,0.44102380952381,17.6780833333333,2.07529166666667,"Chinook","PRWT",2023,NA
"2159","WFC",291,291,0,0,0,0,0,5.69769600593565,5.00071176849415,25.0071181915559,16.1365,-0.2925,0.2365,5.32970833333333,10.1190625,14.1084791666667,"2024-07-25",207,"2024-12-10",345,0,127,1673.81487106061,0,79,"",0,0,0,1.9925,-0.308708333333333,5.7972680521759,15.8277916666667,4.92332149122807,6.69191556299841,-0.288839285714286,14.9210297619048,1.677625,"Chinook","PRWT",2023,NA
"2160","BVC",291,109,0,0,0,0,0,10.5877389143731,5.06869774390932,25.6916968191114,16.283375,2.79223333333333,5.54429166666667,11.9742083333333,15.1937083333333,17.0948583333333,"2025-07-14",195,"2025-04-29",119,0,18,1154.06354166667,0,45,"",0,0,0,1.86970833333333,1.83354166666667,10.6776871243643,18.1169166666667,9.27417597087379,11.9771334951456,2.56959523809524,17.405244047619,2.36379166666667,"Chinook","PRWT",2024,NA
"2161","CHA",291,124,0,0,0,0,0,10.7029733582949,4.52349669775029,20.4620223745578,14.5532083333333,3.96766875,5.90888541666667,11.8666458333333,14.4823854166667,16.4824375,"2025-07-14",195,"2025-04-17",107,0,7,1327.16869642857,0,54,"",0,0,0,2.02575,2.881,10.7670766603251,17.4342083333333,9.37144269572236,12.0050201271186,3.66138095238095,16.7017619047619,2.47945833333333,"Chinook","PRWT",2024,NA
"2162","CHC",291,104,0,0,0,0,0,6.86546674679487,2.95337834937683,8.72244367456782,9.4205,2.85737291666667,3.71033333333333,7.04789583333333,9.65913541666667,11.1720895833333,"2025-07-14",195,"2025-04-19",109,0,31,714.008541666667,0,22,"",0,0,0,1.329375,2.60129166666667,6.90779506802721,12.0217916666667,6.03135331632653,7.69793494897959,3.09306547619048,11.3807440476191,1.49425,"Chinook","PRWT",2024,NA
"2163","HER",291,102,0,0,0,0,0,10.1977720588235,2.57277473463567,6.61916983517966,10.538375,6.30625833333333,8.02333333333333,10.3736666666667,12.1911354166667,14.01025625,"2025-07-13",194,"2025-04-18",108,0,0,1040.17275,0,56,"",0,0,0,2.13279166666667,4.35991666666667,10.2464526289683,14.8982916666667,8.72079383680556,11.4928237847222,5.90823214285714,14.3563333333333,2.68754166666667,"Chinook","PRWT",2024,NA
"2164","LOO",291,100,0,0,0,0,0,8.28682428571429,2.76734753915116,7.658212402446,9.92754166666667,4.81211458333333,6.07475,7.666,10.4429464285714,13.1498916666667,"2025-07-14",195,"2025-04-18",108,0,1,828.682428571429,0,28,"",0,0,0,1.53175,3.89479166666667,8.27945290563034,13.8223333333333,7.30988487841945,9.08484929078014,4.69826785714286,13.3642678571429,1.57866666666667,"Chinook","PRWT",2024,NA
"2165","MAR",291,103,0,0,0,0,0,8.64963654468509,3.89683389947148,15.1853144400701,13.3249166666667,1.944675,5.76891666666667,9.69425,11.9743333333333,13.5020666666667,"2025-07-14",195,"2025-04-17",107,0,20,890.912564102564,0,50,"",0,0,0,1.77979166666667,1.36904166666667,8.76506422057324,14.6939583333333,7.53338253370341,9.85557603092784,2.21579761904762,13.9019107142857,1.9375,"Chinook","PRWT",2024,NA
"2166","SFS",291,110,0,0,0,0,0,10.3797448863636,4.87029726033531,23.7197954040296,14.756,4.00007291666667,5.36602083333333,9.57575,15.4648958333333,17.2915895833333,"2025-07-14",195,"2025-04-18",108,0,6,1141.7719375,0,32,"",0,0,0,1.82866666666667,3.47645833333333,10.4106218807234,18.2324583333333,9.19511197916667,11.5341342147436,3.8026369047619,17.4126964285714,1.90666666666667,"Chinook","PRWT",2024,NA
"2167","VAL",291,104,0,0,0,0,0,11.1745008012821,4.01076396425856,16.086227576995,14.8537083333333,4.63169375,7.8383125,11.8642291666667,14.5120104166667,16.5725666666667,"2025-07-14",195,"2025-04-17",107,0,5,1162.14808333333,0,48,"",0,0,0,1.62433333333333,3.21358333333333,11.2870662050534,18.0672916666667,9.91975382653061,12.488724914966,3.85765476190476,17.0031071428571,2.31627083333333,"Chinook","PRWT",2024,NA
"2168","WFC",291,122,0,0,0,0,0,9.12844091530055,3.96722614996291,15.7388833249495,12.8435416666667,3.05453333333333,5.21434375,10.3183125,12.5050104166667,14.2027270833333,"2025-07-14",195,"2025-04-17",107,0,19,1113.66979166667,0,62,"",0,0,0,1.765,1.96408333333333,9.20775708128079,14.807625,7.98389260057471,10.3669554597701,2.56616071428571,14.1830892857143,2.08208333333333,"Chinook","PRWT",2024,NA
